gender,SeniorCitizen,Partner,Dependents,tenure,PhoneService,MultipleLines,OnlineSecurity,OnlineBackup,DeviceProtection,TechSupport,StreamingTV,StreamingMovies,PaperlessBilling,MonthlyCharges,TotalCharges,avg_charge_per_month,InternetService_Fiber_optic,InternetService_No,Contract_One_year,Contract_Two_year,PaymentMethod_Credit_card_automatic,PaymentMethod_Electronic_check,PaymentMethod_Mailed_check,tenure_group_1_2_thn,tenure_group_2_4_thn,tenure_group_4_5_thn,tenure_group_5_thn_plus,Churn
1,0,0,0,-1.2413308272103278,1,0,0,0,0,0,0,0,0,0.19316450620639225,-0.9447142198219461,0.17960180330223569,1,0,0,0,1,0,0,0,0,0,0,1
0,0,0,0,-0.7110781194995532,1,1,1,0,1,0,0,0,1,0.6473551391691115,-0.434061635937543,0.7262297598239623,1,0,0,0,1,0,0,1,0,0,0,0
1,0,1,1,1.4099327113435454,1,1,0,1,0,0,0,1,1,0.8203801422025286,1.7942944843401551,1.0005676885457386,1,0,0,0,0,0,0,0,0,0,1,0
1,0,0,0,-1.1189648177386107,1,0,0,1,0,1,0,1,1,0.023466907077463767,-0.8571700099077731,0.10105441504699149,0,0,0,0,0,0,0,0,0,0,0,0
1,0,0,0,-0.26240275143659014,1,0,0,0,0,0,0,0,1,-1.4838470616559571,-0.7818652891808981,-1.5002695957917815,0,1,0,0,0,1,0,0,1,0,0,0
0,0,0,0,-1.1597534875625164,1,1,0,0,0,1,1,0,1,-0.01646193977640131,-0.8953607320038657,-0.05570893788436018,0,0,0,0,0,0,1,0,0,0,0,0
1,0,1,1,-0.38476876090830736,1,0,0,0,0,0,0,0,0,-1.5071388889873785,-0.8190452096564956,-1.5371723366225072,0,1,0,1,1,0,0,1,0,0,0,0
1,1,0,0,-1.2413308272103278,1,0,0,1,0,0,0,0,1,0.32626066238594376,-0.9338590893757609,0.5889099235352586,1,0,0,0,0,1,0,0,0,0,0,1
1,0,0,0,0.7573139941610534,1,0,0,0,0,0,0,0,0,-1.5237759085098224,-0.5636420088953434,-1.4970440895408381,0,1,1,0,0,1,0,0,0,1,0,0
1,0,1,1,-0.1400367419648729,1,1,0,1,1,0,1,1,0,0.505940473228338,-0.034509334514499765,0.3757702769529364,0,0,0,0,1,0,0,0,1,0,0,0
1,0,0,0,-1.1597534875625164,1,1,0,0,0,0,0,1,1,0.6906113899274662,-0.8576094888732058,0.6560231983103086,1,0,0,0,0,1,0,0,0,0,0,1
1,0,0,0,-1.0373874780907992,1,1,0,0,0,0,0,1,1,0.7288765348290869,-0.7339181340522022,0.7851600286093918,1,0,0,0,0,1,0,0,0,0,0,1
0,0,0,1,-0.8742327987951762,1,0,0,0,0,0,0,0,0,-1.4905018694649346,-0.9092702412598073,-1.485048446449292,0,1,0,0,1,0,0,0,0,0,0,1
0,0,0,0,0.6349479846893362,1,1,0,0,0,0,0,0,0,-1.3424323957151836,-0.47743820982574003,-1.3206767882097807,0,1,1,0,0,0,0,0,1,0,0,0
1,0,0,0,-1.2821194970342338,1,1,0,1,0,0,0,0,0,-0.3525297341297692,-0.9826852024353221,-0.35233304121112574,0,0,0,0,0,1,0,0,0,0,0,0
1,0,1,1,1.613876060463074,1,1,1,1,1,1,1,1,0,0.825371248059262,1.7794400953085334,0.7660834452150724,0,0,0,1,1,0,0,0,0,0,1,0
0,0,1,1,1.5730873906391682,1,0,1,0,1,0,1,1,0,0.421091673663874,1.4432606607008704,0.4501087950055336,0,0,0,1,1,0,0,0,0,0,1,0
0,1,1,0,1.4915100509913568,1,1,0,1,0,1,1,1,0,1.3477736610640019,2.0693423948561445,1.2098007779848472,1,0,0,1,1,0,0,0,0,0,1,0
1,0,0,0,-1.2821194970342338,1,0,0,0,0,0,0,0,0,-1.4938292733694234,-0.9977593309496602,-1.4891159176477797,0,1,0,0,0,0,1,0,0,0,0,0
0,0,0,0,-0.7110781194995532,1,0,1,0,1,1,1,1,0,1.337791449350535,-0.3109635777198733,1.3451080565973477,1,0,0,0,0,1,0,1,0,0,0,1
0,0,0,0,1.5322987208152625,0,0,1,1,1,1,0,0,1,-0.6752879128651815,0.33744368787937645,-0.7040444780128616,0,0,0,1,0,0,0,0,0,0,1,0
0,0,1,1,-1.1189648177386107,1,0,0,1,0,0,0,1,1,0.6223996098854456,-0.8289115124304574,0.5272651378159533,1,0,0,0,0,1,0,0,0,0,0,1
0,0,1,1,-0.017670732493155674,1,1,1,0,0,0,1,0,0,0.8220438441547729,0.26873115163399036,0.8534273676332192,1,0,0,0,0,1,0,0,1,0,0,0
0,1,1,1,0.5533706450415247,1,1,1,1,0,1,1,1,1,1.5074890484794634,1.1785844537690906,1.4303655715200279,1,0,0,0,0,1,0,0,1,0,0,0
1,0,0,0,-0.915021468619082,1,1,0,0,0,0,0,0,0,-1.3041672508135624,-0.8959760025554714,-1.3181013508135777,0,1,0,1,0,0,0,0,0,0,0,0
1,0,1,1,-0.18082541178877864,1,1,0,1,0,0,0,1,0,-0.01646193977640131,-0.2145418927039621,-0.018838064705474628,0,0,0,0,0,1,0,0,1,0,0,0
1,1,1,0,0.10469527697856156,1,1,0,0,1,0,1,1,1,1.1947130814575173,0.5041600334162311,1.1030899334520456,1,0,0,0,0,1,0,0,1,0,0,0
1,1,1,0,0.0639066071546558,1,0,0,0,1,0,1,0,1,0.6756380723572665,0.2567114019294087,0.6499795918672393,1,0,0,0,1,0,0,0,1,0,0,0
0,0,1,1,-0.09924807214096716,1,0,0,0,0,0,0,0,0,-1.517121100700845,-0.7415870419990008,-1.4859121563827982,0,1,0,1,0,0,1,0,1,0,0,0
0,0,1,0,0.512581975217619,1,0,0,0,0,1,1,1,1,1.0083784628061454,0.8769700397927009,1.0045150917718666,1,0,0,1,1,0,0,0,1,0,0,0
1,0,1,1,-0.915021468619082,1,1,0,0,0,0,0,0,1,-1.3474235015719167,-0.8949652009349763,-1.3104786084934483,0,1,0,0,0,0,1,0,0,0,0,0
0,0,1,0,-1.1189648177386107,1,1,0,0,1,1,1,0,0,0.10166089883295057,-0.8525994286672742,0.16999051950729047,0,0,0,0,0,0,0,0,0,0,0,1
1,0,0,0,-1.1189648177386107,0,0,0,1,0,0,1,1,1,-0.4623340629778991,-0.8720903207842098,-0.12398219518638671,0,0,0,0,0,0,1,0,0,0,0,1
0,0,0,0,-0.8334441289712705,1,0,0,0,0,0,0,0,0,-1.4888381675126903,-0.8919767439700347,-1.4319453502468111,0,1,1,0,0,1,0,0,0,0,0,0
1,0,0,0,-0.05845940231706142,1,0,0,0,0,0,0,0,0,-1.4805196577514683,-0.7388622724133188,-1.5007691983335312,0,1,0,1,0,0,0,0,1,0,0,0
0,1,0,0,-1.2821194970342338,1,0,0,0,0,0,1,0,1,0.4759938380879392,-0.9717421761960506,0.4729116708376409,1,0,0,0,0,1,0,0,0,0,0,1
0,0,0,0,-1.2821194970342338,1,0,0,0,0,0,0,0,0,0.19981931401536993,-0.975389851609141,0.19783010015471886,1,0,0,0,0,0,1,0,0,0,0,1
1,0,0,0,-0.017670732493155674,1,0,0,0,0,0,1,1,0,0.8702912007698604,0.2554149389813827,0.8220456974837743,1,0,0,0,0,1,0,0,1,0,0,0
1,0,1,1,-0.7110781194995532,1,0,0,0,0,0,0,0,1,-1.4938292733694234,-0.8799569942654533,-1.5155193294522853,0,1,0,0,0,1,0,1,0,0,0,1
1,0,0,0,-0.5887121100278361,1,0,0,0,0,1,0,0,1,0.3661895092398093,-0.4031223167710884,0.37615439815097695,1,0,0,0,0,0,0,1,0,0,0,0
1,0,0,0,0.5533706450415247,1,1,0,1,1,0,1,0,1,0.998396251092679,0.9372445799017811,1.0347106617753268,1,0,1,0,1,0,0,0,1,0,0,0
0,0,0,0,-1.2821194970342338,1,0,0,0,0,0,0,0,0,-0.6902612304353811,-0.9871459139344629,-0.6887279740342173,0,0,0,0,0,0,0,0,0,0,0,0
0,0,1,0,0.3902159657459017,1,0,0,0,0,0,0,0,0,-1.4821833597037126,-0.6242461582284982,-1.4655217152283324,0,1,0,0,1,0,0,0,1,0,0,0
1,0,0,0,-0.4255574307322131,1,1,1,0,0,0,1,1,1,1.193049379505273,-0.08584047767702686,1.004093279943875,1,0,0,0,0,1,0,1,0,0,0,1
0,0,1,1,-0.8742327987951762,0,0,1,0,0,0,1,1,0,-0.47730738054809874,-0.7580894771509948,-0.44859652624200574,0,0,0,0,0,1,0,0,0,0,0,0
0,1,0,0,-1.2413308272103278,1,1,0,0,1,0,0,0,1,0.4543657127087619,-0.9408248309778675,0.3262567370699385,1,0,0,0,0,1,0,0,0,0,0,1
1,1,0,0,0.2678499562741845,1,1,0,0,0,0,1,1,1,1.023351780376345,0.6454744947510819,1.0424928347246614,1,0,0,0,0,0,0,0,1,0,0,1
0,0,0,1,-0.8742327987951762,0,0,1,0,0,1,0,0,1,-0.959780946698973,-0.8296146787751496,-0.9389527762819354,0,0,1,0,0,0,1,0,0,0,0,0
0,1,1,0,-0.2216140816126844,1,1,0,1,1,1,1,1,0,0.6307181196466676,0.008735395684067358,0.6837952667471722,0,0,0,0,0,1,0,0,1,0,0,0
0,0,0,0,-1.2413308272103278,1,0,0,0,0,0,0,0,1,-1.4755285518947352,-0.9917824170197769,-1.595171462971316,0,1,0,0,0,0,1,0,0,0,0,0
1,0,0,0,-1.2005421573864221,1,0,0,0,1,1,1,1,1,1.124837599463253,-0.8774959120590307,1.0921213911901622,1,0,0,0,0,1,0,0,0,0,0,1
0,0,1,0,1.613876060463074,1,0,0,0,0,0,0,0,0,-1.4771922538469795,-0.3463416344371972,-1.4604615873683089,0,1,0,1,1,0,0,0,0,0,1,0
0,0,1,1,1.613876060463074,1,1,0,1,1,1,1,1,1,1.4742150094345756,2.382471157726868,1.397698534258867,1,0,0,1,0,0,0,0,0,0,1,0
1,0,1,1,1.5322987208152625,1,1,1,1,0,0,1,1,1,1.3694017864431787,2.3132971685677775,1.4245944783268107,1,0,0,0,0,1,0,0,0,0,1,0
1,0,0,0,0.6349479846893362,1,0,0,0,0,0,0,0,0,-1.4888381675126903,-0.5745630611863434,-1.4732697277703373,0,1,0,1,1,0,0,0,1,0,0,0
0,0,1,1,1.613876060463074,1,1,1,1,0,0,1,0,1,1.0050510589016561,2.0008715720417456,0.9980109040313209,1,0,0,1,0,1,0,0,0,0,1,0
0,0,0,0,-0.8742327987951762,1,0,1,0,0,0,0,0,0,-0.5438554586378745,-0.7863699485765823,-0.6424793200365955,0,0,0,0,1,0,0,0,0,0,0,1
0,0,1,1,0.7573139941610534,1,0,1,1,0,1,0,1,1,0.16155416911374865,0.5590949040953054,0.16312810186870882,0,0,1,0,1,0,0,0,0,1,0,0
1,0,0,0,-1.2413308272103278,1,0,0,0,0,0,0,0,0,-1.4688737440857575,-0.9871239399861914,-1.419516966029209,0,1,0,0,0,0,1,0,0,0,0,0
1,0,0,0,1.4915100509913568,1,1,1,1,1,0,1,1,1,1.50249794262273,2.259109412129938,1.4172046931601323,1,0,0,1,1,0,0,0,0,0,1,0
0,0,1,0,1.5730873906391682,0,0,1,1,1,1,1,1,0,0.06339575393132932,1.0542338804999376,0.03690294676436149,0,0,1,0,0,0,0,0,0,0,1,0
0,1,1,1,-0.1400367419648729,0,0,0,1,1,0,0,0,1,-0.9730905623169281,-0.5560170488450878,-0.9803807236739418,0,0,0,0,0,0,1,0,1,0,0,0
1,0,1,0,0.0639066071546558,1,1,0,1,0,0,0,1,0,0.797088314871107,0.31199785578082917,0.7726063161475787,1,0,0,0,0,0,1,0,1,0,0,0
0,0,0,0,-0.915021468619082,1,0,0,1,0,0,0,0,0,-0.45567925516892144,-0.7875785157315219,-0.5006450928745083,0,0,0,0,0,1,0,0,0,0,0,0
0,0,1,1,-0.7926554591473648,1,0,0,0,0,0,0,0,0,-1.4655463401812687,-0.886856814022745,-1.4576306776298549,0,1,0,1,0,0,1,1,0,0,0,0
0,1,0,0,-1.2821194970342338,1,1,0,0,0,0,0,0,1,0.3179421526247218,-0.9738297012818554,0.3154854707480168,1,0,0,0,0,0,1,0,0,0,0,1
0,0,0,0,0.512581975217619,1,1,0,0,1,0,0,1,1,0.8120616324413066,0.8358128346799383,0.9355421624694412,1,0,0,0,1,0,0,0,1,0,0,0
1,1,0,0,-0.9965988082668935,1,0,1,0,0,1,1,1,0,1.1780760619350734,-0.6407485933804922,1.2962921252537671,1,0,0,0,1,0,0,0,0,0,0,1
0,0,1,0,1.1652006924001108,1,1,0,0,0,0,0,0,0,-1.3174768664315177,-0.32320306690717104,-1.3071589395286594,0,1,0,1,0,0,0,0,0,0,1,0
1,0,1,1,-0.8742327987951762,1,0,0,0,0,0,0,0,0,-1.5054751870351342,-0.9073365338119038,-1.4717915032838498,0,1,0,1,0,0,1,0,0,0,0,0
0,0,1,0,1.2467780320479223,1,1,0,1,1,1,1,1,1,1.459241691864376,2.013418696504847,1.4630264617772615,1,0,0,0,0,1,0,0,0,0,1,0
0,0,0,0,0.349427295921996,1,0,0,0,0,1,0,0,0,-0.4939444000705427,-0.11482411544730649,-0.5117801167832868,0,0,1,0,0,0,0,0,1,0,0,0
0,0,0,0,-0.9558101384429878,1,1,0,0,0,0,0,0,1,0.3428976819083877,-0.7279851680188621,0.1821795422510718,1,0,0,0,1,0,0,0,0,0,0,0
0,0,0,0,-0.2216140816126844,1,0,1,1,0,0,0,0,1,-0.2726720404220381,-0.28011215434650516,-0.12297564950160292,0,0,0,0,0,0,1,0,1,0,0,0
1,0,0,0,-1.0373874780907992,1,1,0,1,0,0,1,1,1,1.1614390424126293,-0.7106696967808179,1.0356215619850642,1,0,0,0,0,1,0,0,0,0,0,1
0,0,0,0,-1.2413308272103278,1,1,0,1,0,0,0,0,0,0.4876397517536498,-0.9398579772539158,0.3627133307749039,1,0,0,0,0,1,0,0,0,0,0,0
1,0,0,0,-0.46634610055611886,1,0,0,0,0,0,0,0,1,-1.4821833597037126,-0.8207811515699543,-1.484854757344602,0,1,1,0,0,0,1,1,0,0,0,0
1,0,0,1,0.9612573432805821,1,1,0,0,0,0,0,0,1,-1.3341138859539616,-0.38064296768921113,-1.309081894838518,0,1,0,1,0,0,1,0,0,1,0,0
0,0,0,1,0.4310046355698075,1,0,1,1,0,0,0,1,1,-0.03143525734660095,0.19632699207897042,-0.04237491946795616,0,0,0,0,0,1,0,0,1,0,0,0
0,1,0,0,0.3086386260980903,1,0,0,0,0,0,1,1,1,0.8869282202923043,0.6079210171548666,0.8918310748656091,1,0,0,0,0,1,0,0,1,0,0,0
0,1,0,0,-1.1597534875625164,1,1,0,0,1,0,0,1,1,0.797088314871107,-0.8428649695829422,0.9340047253106714,1,0,0,0,0,1,0,0,0,0,0,1
1,0,1,1,-0.7518667893234591,1,0,1,1,0,0,1,0,1,0.018475801220730868,-0.5944934322687117,0.0676279797798417,0,0,0,0,0,1,0,1,0,0,0,1
1,0,0,0,1.3283553716957337,1,1,0,0,0,0,0,0,0,-1.3025035488613181,-0.27932109220872653,-1.308235125803912,0,1,0,1,0,0,1,0,0,0,1,0
0,0,0,0,-1.2005421573864221,1,1,0,0,0,0,0,0,1,0.33457917214716576,-0.913203578000429,0.19451586436335805,1,0,0,0,0,1,0,0,0,0,0,0
0,1,1,0,0.3902159657459017,1,0,1,0,0,0,0,0,1,0.3079599409112555,0.41270446070970823,0.3963686061324101,1,0,0,0,1,0,0,0,1,0,0,1
0,0,0,0,-0.18082541178877864,1,0,1,0,0,1,0,0,0,-0.3525297341297692,-0.3269825860098914,-0.3216763601410409,0,0,1,0,0,0,1,0,1,0,0,0
0,0,0,0,0.349427295921996,1,0,0,0,0,0,0,0,1,-1.4988203792261565,-0.6503731827234659,-1.4968356619910708,0,1,0,1,0,0,1,0,1,0,0,0
0,1,0,0,-0.017670732493155674,1,0,0,0,0,0,1,1,0,0.8669637968653718,0.2670391576170747,0.8494399276967383,1,0,0,0,0,1,0,0,1,0,0,0
1,0,0,1,1.450721381167451,1,1,1,1,0,1,1,1,1,0.7188943231156206,1.5787959736402823,0.7152164243192404,0,0,0,1,0,0,0,0,0,0,1,0
1,0,1,1,1.0836233527522994,1,1,0,0,1,0,1,1,1,1.151456830699163,1.569566915366198,1.1407863562847724,1,0,0,1,1,0,0,0,0,1,0,0
1,0,1,0,1.1652006924001108,1,1,0,1,1,1,1,1,1,1.637257800754526,2.1278809930517655,1.7230577108591094,1,0,0,0,0,1,0,0,0,0,1,0
0,0,0,0,-1.078176147914705,1,0,0,0,1,1,0,1,1,0.8103979304890623,-0.792500680144367,0.5383678277170107,1,0,0,0,0,1,0,0,0,0,0,0
0,0,1,0,0.023117937330750068,1,0,1,0,1,1,1,1,1,1.2928714966399366,0.4705618665089093,1.223586077580796,1,0,1,0,0,1,0,0,1,0,0,1
0,0,1,0,-0.7518667893234591,1,1,1,0,0,0,1,0,1,-0.006479728062935041,-0.5929992037862407,0.07567683813028832,0,0,0,0,0,0,0,1,0,0,0,1
1,0,1,0,1.124412022576205,1,1,0,0,1,0,1,1,0,1.2063589951232283,1.6599457646074107,1.1995026308302423,1,0,0,1,1,0,0,0,0,1,0,0
1,0,1,0,1.613876060463074,1,1,0,1,0,0,1,1,1,1.1481294267946744,2.1953629881939407,1.201721327568348,1,0,0,1,0,1,0,0,0,0,1,0
0,0,0,0,-1.2413308272103278,1,0,0,1,0,0,1,0,1,-0.19614175061879605,-0.9563823863541814,-0.2603629980008714,0,0,0,0,0,1,0,0,0,0,0,0
1,0,0,0,-0.9965988082668935,1,0,0,0,0,0,0,0,1,-0.6569871913904932,-0.8138813318126626,-0.3357618622543232,0,0,0,0,0,0,1,0,0,0,0,1
0,0,1,1,0.6349479846893362,1,0,0,0,0,0,0,0,0,-1.4938292733694234,-0.595240546509947,-1.5057561431835689,0,1,0,1,0,0,1,0,1,0,0,0
0,0,1,0,1.4915100509913568,1,0,0,1,0,0,0,1,1,-0.11462035495882066,0.8090265917368217,-0.16764845254763067,0,0,0,1,1,0,0,0,0,0,1,0
1,1,1,0,1.613876060463074,1,0,1,1,0,1,0,0,1,0.6623284567393112,1.692577077790781,0.6751030696369608,1,0,0,1,1,0,0,0,0,0,1,0
1,0,1,1,-1.1597534875625164,1,1,0,0,1,0,1,1,0,1.2063589951232283,-0.8369539774978738,1.0454459037951684,1,0,0,0,0,1,0,0,0,0,0,1
0,0,0,0,-1.2821194970342338,1,0,0,0,0,0,0,0,0,0.2064741218243471,-0.9753019558160546,0.20445857173743948,1,0,0,0,0,0,1,0,0,0,0,1
0,0,0,0,1.450721381167451,0,0,1,0,1,1,0,0,0,-0.8649499354210425,0.18848229254599844,-0.8266586694687796,0,0,0,1,0,0,1,0,0,0,1,0
1,1,0,0,-0.7110781194995532,1,1,0,0,0,0,0,0,1,0.3096236428634998,-0.5082237113542932,0.3533782332959052,1,0,0,0,1,0,0,1,0,0,0,1
1,0,0,0,0.18627261662637304,1,0,1,1,1,1,0,0,0,0.023466907077463767,0.010317519959624858,-0.07940124509557221,0,0,0,1,0,0,0,0,1,0,0,0
0,0,1,1,1.287566701871828,1,0,0,0,0,0,0,0,0,-1.500484081178401,-0.41911935111283477,-1.4597797524008151,0,1,1,0,0,0,0,0,0,0,1,0
0,0,1,1,0.5533706450415247,1,1,0,0,0,0,0,0,0,-1.3291227800972283,-0.49416038446045024,-1.3119484000183126,0,1,1,0,0,0,1,0,1,0,0,0
1,0,0,1,-0.09924807214096716,1,0,0,1,1,0,1,0,0,-0.013134535871912711,-0.15837648092167655,-0.019859954074477465,0,0,1,0,1,0,0,0,1,0,0,0
0,1,1,0,-0.5071347703800245,1,1,0,0,1,0,1,0,0,0.8619726910086385,-0.14912544869932046,1.0810739385522938,1,0,0,0,0,1,0,1,0,0,0,1
1,0,0,0,-1.2005421573864221,1,0,0,0,0,1,1,1,1,0.14824455349579332,-0.9224546102227852,-0.03803301366377087,0,0,0,0,0,1,0,0,0,0,0,1
1,0,1,0,1.5322987208152625,1,1,0,1,1,1,1,0,0,0.3728443170487865,1.3069782335202227,0.3404606047471974,0,0,0,1,1,0,0,0,0,0,1,0
0,0,0,0,1.613876060463074,1,1,1,0,0,1,0,0,1,0.6590010528348226,1.7116944127870988,0.6951265775430968,1,0,0,1,0,0,0,0,0,0,1,0
0,0,0,0,-1.1189648177386107,1,1,0,0,0,0,0,0,0,0.35454359557409826,-0.8247584362071193,0.5899041942726664,1,0,0,0,0,1,0,0,0,0,0,1
0,0,0,0,0.5533706450415247,1,1,0,0,0,0,1,1,0,1.0366613959942999,0.9269387981623868,1.0178152640998044,1,0,0,0,0,0,0,0,1,0,0,1
1,1,1,0,1.613876060463074,1,1,0,0,1,0,1,1,1,0.2846681135798339,1.3354344965319833,0.30103172021347213,0,0,0,1,1,0,0,0,0,0,1,0
1,0,1,1,1.613876060463074,1,0,0,1,1,0,1,1,1,0.34955248971736536,1.4019056900536633,0.3706536873583717,0,0,0,1,0,0,0,0,0,0,1,0
1,0,1,0,1.613876060463074,1,1,1,1,1,1,1,1,1,1.7603717452206111,2.810238008730683,1.845741785303415,1,0,1,0,0,0,0,0,0,0,1,1
1,0,0,1,-0.46634610055611886,1,0,0,0,0,0,0,0,0,-1.5071388889873785,-0.8320757609815721,-1.5254146906007757,0,1,0,1,0,0,1,1,0,0,0,0
0,1,0,0,-0.7110781194995532,1,1,0,1,0,0,0,1,0,0.8303623539159949,-0.3803133584651367,0.9964504513462225,1,0,0,0,0,1,0,1,0,0,0,1
1,0,0,1,-1.078176147914705,1,1,0,0,0,0,0,0,0,-1.2825391254343852,-0.925662806670443,-1.1353212469200458,0,1,0,0,0,0,1,0,0,0,0,0
1,0,0,0,-1.1597534875625164,1,1,0,1,0,0,0,0,0,0.4510383088042733,-0.8614988777172843,0.5826957314264577,1,0,0,0,0,1,0,0,0,0,0,1
0,1,1,0,1.3691440415196396,1,1,0,1,1,0,1,0,1,0.19815561206312515,1.076075985081938,0.22768333012386782,0,0,1,0,0,0,0,0,0,0,1,0
0,0,1,1,0.5533706450415247,1,0,0,0,0,0,0,0,1,-1.5187848026530892,-0.6267511883314639,-1.529319038769066,0,1,0,1,0,0,1,0,1,0,0,0
0,0,0,0,-0.7518667893234591,1,0,0,0,1,0,0,0,0,0.3478887877651206,-0.5556654656727419,0.2767799313274851,1,0,0,0,0,1,0,1,0,0,0,1
0,0,1,1,0.7573139941610534,0,0,1,0,0,1,0,0,0,-1.0213379189320153,-0.2233973938574289,-0.99393009940921,0,0,0,1,0,0,0,0,0,1,0,0
0,0,1,1,1.4915100509913568,1,0,0,0,0,0,0,0,0,-1.5038114850828896,-0.39264074344552097,-1.4809984415790851,0,1,0,1,0,0,0,0,0,0,1,0
0,0,1,0,0.7573139941610534,0,0,0,1,0,0,1,1,1,-0.5072540156884978,0.11559470612900272,-0.49266818221981235,0,0,0,0,0,1,0,0,0,1,0,0
1,0,1,1,1.613876060463074,1,0,1,0,1,1,1,1,1,1.3311366415415578,2.315714302877657,1.327777365271692,1,0,0,1,1,0,0,0,0,0,1,0
0,0,0,0,-1.2821194970342338,1,0,0,0,0,0,0,0,1,0.1781911886361926,-0.9756755129366723,0.17628756751087535,1,0,0,0,0,1,0,0,0,0,0,0
0,0,1,0,1.5730873906391682,1,1,0,0,0,0,0,0,1,-1.3524146074286498,-0.24495383711189764,-1.3430328062525305,0,1,0,1,1,0,0,0,0,0,1,0
1,0,0,0,-0.8334441289712705,1,0,0,0,0,0,0,0,0,-1.492165571417179,-0.8892080264878094,-1.4145456123421685,0,1,1,0,1,0,0,0,0,0,0,0
0,0,0,0,0.7165253243371477,1,0,0,0,1,1,0,1,1,0.825371248059262,0.8851882964462904,0.70126251686238,1,0,0,1,0,0,0,0,0,1,0,0
0,0,1,1,-0.9965988082668935,1,0,0,0,0,0,0,0,1,-1.4988203792261565,-0.9421212939258937,-1.5446293671530682,0,1,0,1,0,0,1,0,0,0,0,0
0,1,0,0,-0.6702894496756475,1,1,1,0,0,0,0,0,1,-0.3591845419387466,-0.6158521099887356,-0.3104908143451992,0,0,0,0,0,1,0,1,0,0,0,0
0,0,0,0,-0.915021468619082,1,1,1,0,0,0,1,1,1,1.124837599463253,-0.5788260071510396,1.073616908021733,1,0,0,0,0,1,0,0,0,0,0,1
0,1,1,0,-0.3439800910844016,1,1,0,0,0,0,1,1,1,0.9534762983820801,-0.01154655857064671,0.9745350671758513,1,0,0,0,0,1,0,1,0,0,0,1
1,0,0,0,1.613876060463074,1,1,1,1,1,1,0,0,0,0.15822676520926007,1.1505237218262192,0.10735606615584248,0,0,0,1,0,0,0,0,0,0,1,0
0,0,0,0,-0.9965988082668935,1,0,0,0,0,0,0,0,0,-1.4655463401812687,-0.9355071354961331,-1.482280306328099,0,1,0,1,0,0,1,0,0,0,0,0
1,0,1,1,-1.2413308272103278,1,0,1,1,0,1,0,0,0,-0.17950473109635212,-0.9491969052693585,0.010575777942849971,0,0,0,1,0,0,1,0,0,0,0,0
0,1,0,0,-1.0373874780907992,1,0,0,1,1,0,1,0,1,0.0018387816982869288,-0.7896001189725118,0.18528335037313962,0,0,0,0,0,1,0,0,0,0,0,0
1,0,0,0,-1.2413308272103278,1,0,0,0,1,0,1,1,1,1.0300065881853222,-0.9196639187922883,1.1241590038399805,1,0,0,0,0,1,0,0,0,0,0,1
1,0,0,0,-1.2821194970342338,1,1,0,0,0,0,0,0,1,-0.49061699616605386,-0.9845090401418674,-0.48987382655258677,0,0,0,0,0,1,0,0,0,0,0,0
1,0,1,1,1.5730873906391682,1,1,0,0,0,0,0,0,0,-1.3640605210943606,-0.29178032087874056,-1.3927696828116096,0,1,0,1,1,0,0,0,0,0,1,0
1,0,0,0,-1.2005421573864221,1,0,0,0,0,0,0,0,1,0.1565630632570153,-0.9154009728275919,0.13927860117401658,1,0,0,0,0,0,1,0,0,0,0,0
0,0,0,0,-1.2821194970342338,1,0,0,0,0,0,0,0,0,-1.5237759085098224,-0.9981548620185495,-1.5189440397700242,0,1,0,0,0,0,1,0,0,0,0,0
0,1,1,0,0.2270612864502788,1,1,1,1,0,0,0,1,0,1.0017236549971675,0.5717299243514924,0.9802077887441776,1,0,1,0,1,0,0,0,1,0,0,0
0,0,0,0,0.2270612864502788,1,0,0,0,0,0,0,0,0,-1.492165571417179,-0.7084942759019265,-1.5604592038933822,0,1,1,0,0,0,1,0,1,0,0,0
0,0,0,0,1.5730873906391682,1,1,1,1,1,0,1,1,1,1.3926936137746002,2.1942862647286305,1.2478126744218678,1,0,0,1,1,0,0,0,0,0,1,0
1,0,1,1,1.5730873906391682,1,1,1,1,1,1,1,1,0,0.8320260558682396,1.8312326913847643,0.862194338190471,0,0,0,1,1,0,0,0,0,0,1,0
0,0,0,0,-1.2821194970342338,1,0,0,0,0,0,0,0,0,-1.4638826382290244,-0.9973637998807707,-1.4592877955255352,0,1,0,0,0,0,1,0,0,0,0,0
0,1,0,0,-1.2005421573864221,1,1,0,1,0,0,0,0,1,0.4826486458969169,-0.9164337483963585,0.113317087475026,1,0,0,0,0,1,0,0,0,0,0,1
0,0,1,0,1.3283553716957337,1,0,0,0,0,0,0,0,0,-1.5154573987486004,-0.4264586498355591,-1.4789437631804503,0,1,0,1,0,0,0,0,0,0,1,0
1,0,1,0,1.5730873906391682,1,1,1,1,1,1,1,1,1,1.7087969847010351,2.7574785589305004,1.8460088950737679,1,0,0,1,0,1,0,0,0,0,1,0
1,0,0,1,-0.38476876090830736,1,0,0,0,0,0,0,0,0,-1.500484081178401,-0.8019934257977109,-1.4812626197943386,0,1,1,0,0,0,1,1,0,0,0,0
1,0,0,0,-0.9558101384429878,1,0,1,0,0,1,0,1,0,0.0018387816982869288,-0.7658023329943369,-0.13469822424511918,0,0,0,0,0,0,1,0,0,0,0,0
0,1,0,0,-0.8742327987951762,1,0,0,1,0,0,1,1,1,1.0017236549971675,-0.5142006252841766,1.2234354304993702,1,0,0,0,0,1,0,0,0,0,0,1
0,0,1,0,-1.2821194970342338,1,0,0,0,0,0,1,0,1,-0.31925569508488133,-0.9822457234698895,-0.31919068329752065,0,0,0,0,0,0,1,0,0,0,0,0
1,1,1,0,-1.078176147914705,1,0,0,1,0,0,0,1,1,0.6423640333123787,-0.7783934053539806,0.7156794425547978,1,0,0,0,0,1,0,0,0,0,0,1
0,0,1,0,-0.09924807214096716,1,1,0,0,0,0,0,1,1,0.6689832645482888,0.1467537647781737,0.7471646825727226,1,0,0,0,0,1,0,0,1,0,0,1
0,0,0,0,-0.017670732493155674,1,1,1,0,1,1,1,1,1,1.4858609231002862,0.5790911970224883,1.5848377788390913,1,0,1,0,0,0,0,0,1,0,0,0
0,0,0,0,-0.7110781194995532,1,0,1,1,0,0,1,1,1,1.1381472150812078,-0.3796761139652594,0.9996542126112042,1,0,0,0,1,0,0,1,0,0,0,1
1,1,0,0,-1.1597534875625164,1,0,1,0,0,0,0,0,0,0.3478887877651206,-0.8863953611090407,0.11331708747502553,1,0,0,0,0,1,0,0,0,0,0,0
1,0,1,1,-0.05845940231706142,1,0,0,0,1,1,0,0,0,-0.35086603217752466,-0.28272705419082916,-0.3911416732196373,0,0,0,0,0,0,1,0,1,0,0,0
1,0,1,0,0.3086386260980903,0,0,1,1,1,0,0,0,1,-0.7501545007161792,-0.25220524004153544,-0.7297830698996953,0,0,1,0,0,1,0,0,1,0,0,1
0,0,1,1,-0.7110781194995532,1,1,0,0,0,0,0,0,1,-1.319140568383762,-0.8330206407572522,-1.279545741107417,0,1,0,0,0,1,0,1,0,0,0,0
1,0,0,0,-1.2005421573864221,1,1,0,1,1,0,1,1,0,1.4326224606284659,-0.8687283066986505,1.3125180713156366,1,0,0,0,0,0,1,0,0,0,0,0
0,1,1,0,1.5730873906391682,1,0,0,1,1,0,0,1,0,0.81705273829804,1.8216081020417907,0.8519715545523309,1,0,0,1,1,0,0,0,0,0,1,0
1,0,0,0,-1.2821194970342338,1,0,0,0,0,0,0,0,1,0.15822676520926007,-0.9759392003159318,0.1564021527627125,1,0,0,0,0,1,0,0,0,0,0,1
1,0,0,0,-0.2216140816126844,1,0,1,0,1,1,1,1,0,0.559178935700159,-0.03417972529042532,0.5639304056263007,0,0,1,0,0,1,0,0,1,0,0,0
1,0,0,0,-0.38476876090830736,1,0,0,1,0,0,1,1,0,1.011705866710634,-0.04281548696117584,1.007944605329883,1,0,0,0,0,0,1,1,0,0,0,0
0,1,1,0,1.613876060463074,1,1,1,1,1,1,0,1,0,0.4510383088042733,1.4906804410710472,0.4636364137270971,0,0,0,1,0,0,0,0,0,0,1,0
1,0,0,1,0.10469527697856156,1,0,0,0,0,1,1,1,1,0.23974816086923498,0.09001703034082581,0.21075561974102486,0,0,1,0,0,0,1,0,1,0,0,0
0,0,1,0,0.3902159657459017,1,1,1,1,0,1,0,0,1,0.05008613831337445,0.19226181164871892,0.0005541601927839748,0,0,0,0,1,0,0,0,1,0,0,0
1,0,0,0,-1.2005421573864221,1,0,0,1,0,0,0,1,0,0.6456914372168673,-0.9032493794333807,0.44474066661107675,1,0,0,0,0,1,0,0,0,0,0,0
1,0,1,0,-1.2413308272103278,1,0,0,0,1,0,0,0,0,0.38282652876225326,-0.9398360033056441,0.36354188972274426,1,0,0,0,0,1,0,0,0,0,0,1
0,0,0,0,-0.46634610055611886,1,0,0,1,0,1,1,1,1,1.1398109170334525,-0.1467522622859844,0.9356421156123557,1,0,0,0,0,0,0,1,0,0,0,0
0,0,0,0,-1.2821194970342338,1,0,0,0,0,0,0,0,1,-1.5137936967963561,-0.9980230183289197,-1.5090013323959428,0,1,0,0,0,0,1,0,0,0,0,0
0,0,1,0,1.5730873906391682,1,1,0,1,1,1,1,1,0,1.47587871138682,2.3808231116064955,1.44594329155468,1,0,0,1,0,1,0,0,0,0,1,0
0,1,0,0,0.6757366545132419,1,1,1,0,0,0,1,1,0,1.2196686107411832,1.2217852360711141,1.277526956021816,1,0,0,0,1,0,0,0,0,1,0,0
0,0,0,0,0.1454839468024673,1,1,1,0,0,0,0,0,0,-0.34753862827303583,-0.17439548921169462,-0.40876711176956987,0,0,1,0,0,0,1,0,1,0,0,0
0,0,1,0,1.5730873906391682,1,1,0,0,0,0,0,0,0,-1.365724223046605,-0.27169613215847105,-1.3714372073658103,0,1,0,1,0,0,1,0,0,0,1,0
0,1,0,0,-0.26240275143659014,1,0,0,0,0,0,1,1,1,0.8769460085788381,0.027017720646063444,0.8458906679730581,1,0,0,0,0,1,0,0,1,0,0,1
1,1,1,0,-1.0373874780907992,1,1,0,0,1,0,1,1,1,1.143138320937941,-0.7140976327111921,0.99869150602419,1,0,0,0,0,1,0,0,0,0,0,1
0,0,1,1,-0.5479234402039304,0,0,0,0,0,0,0,0,1,-1.332450184001717,-0.81546345608822,-1.3935263800864346,0,0,0,0,0,0,1,1,0,0,0,0
1,0,0,0,-1.2413308272103278,1,0,0,0,0,0,0,0,1,-1.5054751870351342,-0.9894971263995272,-1.5090013323959428,0,1,0,0,0,0,1,0,0,0,0,0
1,0,0,0,0.2678499562741845,1,0,0,0,1,1,0,0,0,0.5658337435091366,0.40846348869328364,0.5841935110629378,1,0,1,0,0,1,0,0,1,0,0,0
1,0,0,0,0.7981026639849592,0,0,0,1,0,0,0,0,0,-1.1577614790160558,-0.2930987577750383,-1.1172841559786029,0,0,1,0,0,0,1,0,0,1,0,0
0,0,1,1,-0.9965988082668935,1,0,0,0,0,0,0,0,0,-1.5104662928918673,-0.9352873960134168,-1.4802089089584984,0,1,0,1,0,0,1,0,0,0,0,0
0,1,1,0,-0.30319142126049586,1,0,0,1,1,0,1,1,1,1.1181827916542753,0.09852094832194647,1.1814952830305172,1,0,0,0,0,1,0,0,1,0,0,1
1,0,1,1,-0.1400367419648729,1,0,0,0,0,0,0,0,1,-1.4722011479902464,-0.7187561097447777,-1.403574349032837,0,1,0,0,0,0,1,0,1,0,0,0
1,0,1,1,1.0836233527522994,1,0,1,1,1,1,1,1,1,0.7272128328768426,1.2725890044751222,0.7611940111980157,0,0,0,1,0,1,0,0,0,1,0,0
1,1,0,0,1.4099327113435454,1,1,1,1,1,1,1,1,1,1.7038058788443018,2.4389002568884126,1.726113262721563,1,0,0,1,1,0,0,0,0,0,1,0
0,0,0,0,0.7573139941610534,1,0,0,0,0,0,0,0,1,-1.4988203792261565,-0.5684103556702871,-1.504094963724419,0,1,1,0,0,0,0,0,0,1,0,0
1,1,1,0,1.3691440415196396,1,1,0,0,0,1,1,1,1,1.1697575521738512,2.013506592297933,1.2988091869059173,1,0,0,0,1,0,0,0,0,0,1,1
0,0,1,1,1.3691440415196396,1,1,0,0,0,0,0,0,1,0.3112873448157441,1.128989252520022,0.2881430254692925,1,0,1,0,0,0,0,0,0,0,1,0
1,1,0,0,1.287566701871828,1,1,1,1,0,0,1,1,1,1.2845529868787147,1.8714450167218466,1.239251020188398,1,0,0,0,0,0,0,0,0,0,1,0
1,0,0,0,-1.2821194970342338,1,0,0,0,0,0,0,0,0,-1.5254396104620669,-0.998176835966821,-1.5206011576657048,0,1,0,0,0,0,1,0,0,0,0,0
0,0,0,0,-1.2005421573864221,1,0,0,0,0,0,0,1,1,-0.31925569508488133,-0.9203451111887087,0.014994758997997536,0,0,0,0,0,1,0,0,0,0,0,1
1,0,0,0,1.124412022576205,1,0,1,1,1,0,0,0,0,-0.11628405691106519,0.5923854357268243,-0.14229334793365336,0,0,0,1,0,1,0,0,0,1,0,0
1,0,0,1,-1.1597534875625164,1,1,0,0,0,1,0,0,0,0.5292323005597597,-0.8604441282002461,0.6025811461746206,1,0,0,0,1,0,0,0,0,0,0,1
1,0,1,1,1.2059893622240165,1,0,0,0,0,0,0,0,0,-1.492165571417179,-0.451091445848056,-1.4763400732262448,0,1,0,1,1,0,0,0,0,0,1,0
1,1,1,0,-0.7926554591473648,1,1,1,1,0,0,0,1,0,0.9617948081433021,-0.45236593484781057,1.062845641699811,1,0,0,0,1,0,0,1,0,0,0,0
0,0,1,1,-0.3439800910844016,1,1,1,1,1,0,0,0,0,-0.018125641728646082,-0.3215550207867988,0.0004259308318086991,0,0,0,1,0,1,0,1,0,0,0,0
1,0,0,0,-0.30319142126049586,1,0,1,1,0,1,1,1,1,0.46933903027896157,-0.17065991800551758,0.3695075141471929,0,0,0,0,0,0,1,0,1,0,0,0
1,0,0,0,-0.9558101384429878,0,0,0,0,0,0,0,0,1,-1.3291227800972283,-0.922938037084761,-1.4513704544683963,0,0,0,0,0,1,0,0,0,0,0,0
0,0,1,1,1.287566701871828,1,0,1,0,0,1,1,0,0,0.03012171488644144,0.7812515211214818,-0.0453519510363586,0,0,1,0,0,0,1,0,0,0,1,0
0,0,0,0,-0.5479234402039304,1,0,1,0,1,1,1,1,1,1.3877025079178669,-0.15639882557722987,1.2223650433418736,1,0,0,0,0,1,0,1,0,0,0,1
1,1,0,0,1.5730873906391682,1,1,0,0,0,0,0,0,1,-1.3391049918106948,-0.23009944808027596,-1.3272551767105607,0,1,0,1,0,0,1,0,0,0,1,0
1,0,0,0,-0.6702894496756475,1,0,0,0,0,1,0,0,1,0.3212695565292104,-0.49213878121946036,0.27260754519729014,1,0,0,0,1,0,0,1,0,0,0,0
1,0,1,0,0.023117937330750068,1,0,0,0,1,0,1,1,1,1.028342886233078,0.3280388380191189,0.897887087538913,1,0,1,0,0,1,0,0,1,0,0,1
1,0,0,0,-0.5887121100278361,1,0,0,0,0,0,0,0,0,-1.5271033124143112,-0.8532586471154231,-1.5097378292384673,0,1,0,0,0,1,0,1,0,0,0,0
1,1,0,0,-1.2821194970342338,1,0,0,0,0,0,0,0,0,-0.6187220464888722,-0.9862010341587828,-0.6174719045199664,0,0,0,0,0,1,0,0,0,0,0,0
0,1,0,0,1.002046013104488,1,0,1,0,1,1,1,0,0,0.16488157301823725,0.7526853883683632,0.17556076141627897,0,0,0,1,0,0,0,0,0,1,0,0
1,0,0,0,-0.8742327987951762,1,0,0,1,0,0,0,0,1,0.3661895092398093,-0.6257843346075123,0.458449551020795,1,0,0,0,0,0,1,0,0,0,0,0
1,0,0,0,-1.2005421573864221,1,0,0,0,1,0,0,0,1,-0.5238910352109417,-0.9322549911519319,-0.28439120748823515,0,0,0,0,0,1,0,0,0,0,0,1
0,0,0,0,-1.1597534875625164,1,1,0,0,0,0,0,0,0,-1.3640605210943606,-0.9636997111286341,-1.3441181017757575,0,1,1,0,0,1,0,0,0,0,0,0
1,0,0,1,-0.2216140816126844,1,0,0,0,0,0,0,0,0,-1.492165571417179,-0.7635609902706306,-1.4732812355335019,0,1,1,0,1,0,0,0,1,0,0,0
1,0,1,0,1.613876060463074,1,1,0,1,1,1,1,1,1,1.4925157309092638,2.403324434636644,1.4195402687449854,1,0,0,1,1,0,0,0,0,0,1,0
0,0,1,1,-1.1597534875625164,1,0,0,0,0,0,0,0,1,-1.4954929753216677,-0.9701161040239499,-1.4650877081604161,0,1,0,0,0,1,0,0,0,0,0,0
1,0,0,0,0.5533706450415247,1,1,0,0,0,0,0,0,0,0.2630399882006566,0.4214940400183601,0.18918426765551755,1,0,0,0,0,0,0,0,1,0,0,0
1,0,1,0,0.7165253243371477,1,1,0,0,0,1,1,1,0,1.1481294267946744,1.2171047850892573,1.2018778331473843,1,0,1,0,0,1,0,0,0,1,0,0
1,0,0,0,-1.0373874780907992,1,0,0,0,1,0,0,0,0,0.32459696043369946,-0.7672306396319928,0.42627563863063894,1,0,0,0,0,0,1,0,0,0,0,1
0,0,1,1,-0.38476876090830736,1,0,0,0,0,0,0,0,0,-1.4805196577514683,-0.7961483555574574,-1.4620976910877759,0,1,0,1,0,0,0,1,0,0,0,0
1,0,0,0,-0.38476876090830736,1,1,0,0,1,0,0,0,1,0.5358871083687373,-0.16402378562748543,0.6105245047832617,1,0,0,0,0,1,0,1,0,0,0,1
1,1,1,0,0.18627261662637304,1,1,0,0,0,0,1,0,1,0.6922750918797105,0.3871048109732596,0.6885609321268416,1,0,0,0,0,1,0,0,1,0,0,1
1,0,1,0,-1.1597534875625164,1,1,0,0,0,0,0,0,1,0.32459696043369946,-0.874089950076928,0.3453135928702611,1,0,0,0,0,1,0,0,0,0,0,1
0,0,0,0,0.5941593148654305,1,1,0,1,1,0,1,1,1,1.3810477001088897,1.24707725053176,1.4640444615922708,1,0,0,0,0,1,0,0,1,0,0,1
1,1,0,0,-0.05845940231706142,1,1,0,0,1,1,1,0,1,1.054962117468988,0.2582495783084228,0.9248772130304324,1,0,0,0,0,0,0,0,1,0,0,0
0,0,0,0,1.5322987208152625,1,1,0,1,0,0,1,1,0,1.1314924072722305,1.9988719427490276,1.0858559073369718,1,0,1,0,0,1,0,0,0,0,1,0
1,0,1,0,0.5941593148654305,1,1,0,0,0,0,0,0,0,-1.314149462527029,-0.5058944728375006,-1.3486487326182026,0,1,0,0,0,1,0,0,1,0,0,0
0,0,0,0,-1.2005421573864221,1,0,0,0,0,0,1,0,1,-0.3558571380342578,-0.9448460635115757,-0.6009007255631635,0,0,0,0,0,1,0,0,0,0,0,0
0,0,0,0,0.1454839468024673,1,0,0,0,0,0,0,0,1,-1.5187848026530892,-0.7077911095572345,-1.5261248839846389,0,1,1,0,0,0,0,0,1,0,0,0
1,0,0,0,0.7981026639849592,0,0,1,1,1,1,1,1,0,-0.03309895929884549,0.4590914655111184,-0.026422565843395633,0,0,0,1,1,0,0,0,0,1,0,0
1,0,0,1,-1.2821194970342338,1,0,0,0,0,0,0,0,1,0.18484599644517027,-0.9755876171435859,0.18291603909359647,1,0,0,0,0,0,1,0,0,0,0,1
1,0,0,0,-1.078176147914705,1,0,0,0,0,0,1,0,1,0.5192500888462934,-0.8030481753147493,0.40579839606259044,1,0,0,0,1,0,0,0,0,0,0,1
0,0,0,0,0.10469527697856156,1,1,0,0,0,0,1,0,1,0.7172306211633763,0.32467682393355946,0.7163659628258654,1,0,0,0,0,1,0,0,1,0,0,1
0,0,1,0,-1.2005421573864221,1,1,0,1,0,0,0,1,1,0.88526451834006,-0.8997774956064633,0.5320155424502365,1,0,0,0,1,0,0,0,0,0,0,1
1,0,1,0,1.002046013104488,1,0,1,0,0,1,0,0,0,-0.305946079466926,0.38730257650770417,-0.30785250822181354,0,0,0,0,0,1,0,0,0,1,0,0
0,1,0,0,1.3691440415196396,1,1,0,1,0,0,0,0,1,0.5175863868940491,1.2894430227994624,0.47148052356409875,1,0,0,0,1,0,0,0,0,0,1,1
0,0,1,1,0.1454839468024673,0,0,1,0,1,1,0,0,0,-0.8067203670924887,-0.3265211330961872,-0.7274400893194142,0,0,0,1,1,0,0,0,1,0,0,0
0,0,1,0,1.3283553716957337,1,1,1,1,0,1,1,0,1,1.1730849560783405,1.9131295965931283,1.2354408440652778,1,0,1,0,0,0,0,0,0,0,1,0
1,0,1,0,1.287566701871828,1,1,0,1,0,1,0,1,1,0.174863784731704,0.9626244901555134,0.16836447257215406,0,0,1,0,0,0,1,0,0,0,1,0
1,0,0,0,-1.2821194970342338,1,0,0,0,0,0,0,0,1,-1.517121100700845,-0.9980669662254629,-1.5123155681873035,0,1,0,0,0,0,1,0,0,0,0,1
1,0,1,0,0.9204686734566764,0,0,0,0,1,1,1,1,1,-0.34421122436854723,0.3023512924895838,-0.3572742654818811,0,0,0,0,0,0,0,0,0,1,0,1
1,0,1,1,1.2059893622240165,1,0,0,0,0,0,0,0,0,-1.4954929753216677,-0.4594854940878186,-1.4865500576802748,0,1,1,0,0,0,0,0,0,0,1,0
1,0,0,0,0.5533706450415247,0,0,1,0,1,1,1,1,1,-0.13791218229024227,0.2650395283243565,-0.06730876315412201,0,0,0,1,0,0,0,0,1,0,0,0
1,0,0,0,-0.1400367419648729,0,0,0,0,0,0,0,0,1,-1.332450184001717,-0.6602175115491561,-1.2513480706158648,0,0,1,0,0,0,1,0,1,0,0,0
1,0,0,0,-1.2005421573864221,0,0,1,1,0,0,0,0,1,-0.9797453701259056,-0.9595905828018394,-0.9715427615636472,0,0,0,0,0,0,1,0,0,0,0,1
0,1,1,1,1.613876060463074,1,1,1,1,1,1,1,1,1,0.8403445656294616,1.9451895871214364,0.9396895603139079,0,0,0,1,0,0,0,0,0,0,1,0
0,1,0,0,0.1454839468024673,1,1,0,0,0,0,0,0,1,0.33291547019492146,0.16222342436140094,0.2963825838950357,1,0,0,0,0,0,0,0,1,0,0,0
1,0,1,0,-0.09924807214096716,1,0,0,0,0,0,0,0,0,-1.500484081178401,-0.7531233648416065,-1.5149117195572026,0,1,1,0,1,0,0,0,1,0,0,0
0,0,1,0,1.3283553716957337,1,1,1,0,1,0,1,1,1,1.3361277473982907,2.0324261617598065,1.3738484295367868,1,0,0,0,0,1,0,0,0,0,1,0
1,0,1,0,1.0836233527522994,0,0,0,0,0,0,1,1,1,-0.685270124578648,0.16543162080905896,-0.6539565849689265,0,0,0,0,0,1,0,0,0,1,0,0
1,0,1,0,-0.9965988082668935,1,0,0,0,0,0,0,0,1,-1.508802590939623,-0.9357268749788494,-1.4843517036976992,0,1,0,0,0,0,0,0,0,0,0,0
0,0,0,0,-0.9558101384429878,1,1,0,0,0,0,0,0,1,0.32792436433818806,-0.6960130732836409,0.45008026871937984,1,0,0,0,0,1,0,0,0,0,0,1
1,0,0,1,-0.5887121100278361,1,0,0,0,0,0,0,0,1,-0.6403501718680493,-0.6781702272870775,-0.7761869740840083,0,0,0,0,1,0,0,1,0,0,0,0
1,1,0,0,-1.2413308272103278,1,1,0,0,0,0,0,0,1,0.33125176824267666,-0.9378144000646542,0.4397693129240358,1,0,0,0,0,0,1,0,0,0,0,1
1,0,0,0,0.7981026639849592,1,1,0,1,1,0,1,1,1,1.269579669308515,1.3511678434944703,1.267308495905283,1,0,0,0,0,1,0,0,0,1,0,0
1,0,1,0,1.4915100509913568,0,0,1,0,1,1,1,1,0,-0.1545492018126862,0.7757580340535744,-0.20400898144704963,0,0,0,1,0,0,0,0,0,0,1,0
0,0,1,0,-1.2005421573864221,1,1,0,0,0,0,1,1,1,1.0083784628061454,-0.8778474952313768,1.0832834290798679,1,0,0,0,0,1,0,0,0,0,0,1
1,1,1,0,0.7981026639849592,1,1,1,0,1,0,1,1,1,1.3078448142101362,1.440623786908275,1.3970417065459426,1,0,0,0,0,1,0,0,0,1,0,1
1,0,0,0,-0.5071347703800245,1,0,0,0,0,0,0,0,0,0.18817340034965888,-0.35016510143646074,0.32302535717336167,1,0,0,0,1,0,0,1,0,0,0,0
1,1,0,0,-0.3439800910844016,1,1,0,1,0,0,1,1,1,1.209686399027717,0.06584568724203312,1.2177171183669282,1,0,0,0,0,1,0,1,0,0,0,1
1,0,0,0,-0.9558101384429878,1,0,1,0,0,0,0,0,0,0.35620729752634256,-0.7158116006763793,0.2841843549407227,1,0,0,0,0,1,0,0,0,0,0,0
1,0,1,1,1.2059893622240165,1,0,0,0,0,0,0,0,0,-1.4722011479902464,-0.47106576482696744,-1.500635559793557,0,1,0,1,1,0,0,0,0,0,1,0
1,0,0,0,-0.8742327987951762,1,0,0,0,0,0,0,0,1,-1.4788559557992238,-0.9022605517611573,-1.4369920274745644,0,1,0,0,1,0,0,0,0,0,0,0
0,0,1,1,-0.7518667893234591,1,1,0,0,1,0,0,1,1,0.7438498523992866,-0.45342068436484884,0.8275349005132149,1,0,0,0,0,1,0,1,0,0,0,1
1,0,1,1,1.4915100509913568,1,0,0,0,0,1,1,1,1,1.0083784628061454,1.9255229034183279,1.0526147399090897,1,0,0,1,1,0,0,0,0,0,1,0
0,0,1,1,0.9204686734566764,1,0,0,1,1,1,1,1,1,1.2912077946876923,1.479473727452516,1.2567284354944006,1,0,1,0,0,0,0,0,0,1,0,0
0,0,0,0,0.1454839468024673,1,1,0,1,1,0,1,1,1,1.3278092376370687,0.7014641149471942,1.4259846161170757,1,0,1,0,0,0,0,0,1,0,0,0
1,0,1,1,1.5730873906391682,1,1,0,0,0,0,0,0,0,-1.3158131644792732,-0.19458954767332237,-1.2895382398173312,0,1,0,1,1,0,0,0,0,0,1,0
0,0,1,0,1.5730873906391682,1,1,1,1,1,1,1,1,0,0.9418303847163696,1.8527671606909613,0.8850672330885926,0,0,0,1,1,0,0,0,0,0,1,0
1,0,1,1,0.8796800036327707,1,1,0,1,0,1,1,1,1,1.3411188532550242,1.4711675750058402,1.3082525271026817,1,0,1,0,0,1,0,0,0,1,0,0
1,0,1,0,-0.38476876090830736,1,0,1,0,0,0,0,1,1,-0.16453141352615247,-0.3886414848600844,-0.12595632694037096,0,0,0,0,0,0,0,1,0,0,0,0
0,1,0,0,-1.2821194970342338,1,0,0,1,0,0,0,1,1,0.7022573035931767,-0.968753719231109,0.6982797046501553,1,0,0,0,0,1,0,0,0,0,0,1
1,0,1,0,0.5533706450415247,1,1,0,1,1,0,1,0,1,0.9900777413314571,0.8887041281697511,0.9551329784805946,1,0,1,0,0,1,0,0,1,0,0,0
0,0,1,1,-0.7518667893234591,1,1,0,1,0,1,1,1,0,0.5175863868940491,-0.5068393526131807,0.5397882144847367,0,0,0,0,1,0,0,1,0,0,0,0
1,0,1,0,-0.4255574307322131,1,1,0,0,0,0,0,1,1,0.6723106684527774,-0.18309717272725998,0.6707112887492931,1,0,0,0,0,1,0,1,0,0,0,1
1,0,0,1,-1.2821194970342338,1,0,0,0,0,0,0,0,1,-1.5204485046053335,-0.9981109141220063,-1.5156298039786638,0,1,0,0,0,0,1,0,0,0,0,0
0,0,0,0,-0.8742327987951762,0,0,0,1,1,1,0,0,1,-0.8150388768537107,-0.8208250994664977,-0.8786939437117444,0,0,1,0,1,0,0,0,0,0,0,0
1,0,1,1,1.1652006924001108,1,0,0,1,1,1,1,1,0,1.29786260249667,1.8277168596613036,1.351971965695302,1,0,1,0,1,0,0,0,0,0,1,0
0,1,1,0,-0.7926554591473648,0,0,0,0,0,0,1,1,0,-0.6519960855337601,-0.7743062509754576,-0.8047262267318348,0,0,0,0,0,1,0,1,0,0,0,0
1,1,1,0,1.613876060463074,1,1,0,1,1,1,1,1,1,1.4925157309092638,2.4796179830357423,1.4994501761589003,1,0,0,1,0,0,0,0,0,0,1,0
0,0,0,0,-1.2821194970342338,1,0,0,0,0,0,0,0,1,-0.6486686816292713,-0.9865965652276723,-0.6473000266422109,0,0,0,0,0,0,1,0,0,0,0,0
1,0,0,0,0.2678499562741845,1,1,1,1,0,0,1,1,1,1.3810477001088897,0.7692317714169004,1.2817976549418715,1,0,0,0,0,1,0,0,1,0,0,0
0,0,1,0,-0.2216140816126844,1,1,0,0,0,0,1,1,0,1.0017236549971675,0.07569001606772327,0.8708040900115331,1,0,0,0,1,0,0,0,1,0,0,0
1,0,0,0,-0.915021468619082,1,0,1,0,0,0,0,0,1,-0.440705937598722,-0.7760421928889163,-0.41364640335129493,0,0,0,0,0,0,1,0,0,0,0,0
1,0,0,1,0.6349479846893362,1,1,1,0,1,0,1,1,1,0.46102052051773956,0.611810405998945,0.3906426719750149,0,0,1,0,1,0,0,0,1,0,0,0
1,0,0,0,-0.4255574307322131,1,1,1,0,0,0,1,1,1,1.2130138029322055,0.0117678005455523,1.3386804477898604,1,0,0,0,0,0,0,1,0,0,0,1
0,0,1,1,1.4915100509913568,0,0,1,0,1,0,0,1,1,-0.6969160382443585,0.29435277531871046,-0.7301559214262235,0,0,0,1,1,0,0,0,0,0,1,0
1,0,0,0,0.6757366545132419,1,1,0,1,1,0,1,1,1,1.2912077946876923,1.206799003349863,1.2544625804125524,1,0,0,0,0,0,0,0,0,1,0,1
0,0,0,0,0.18627261662637304,1,1,1,0,0,0,1,0,0,-0.00814343001517934,0.025281778732604576,-0.04890131842102524,0,0,1,0,0,0,0,0,1,0,0,0
1,0,1,1,-0.017670732493155674,1,0,0,0,0,0,0,0,0,-1.5287670143665555,-0.7367307994309708,-1.516095868386824,0,1,0,1,0,0,1,0,1,0,0,0
1,0,1,0,-1.078176147914705,1,0,0,1,1,0,0,1,1,0.8686274988176161,-0.7731855796136045,0.781135599434168,1,0,0,0,0,1,0,0,0,0,0,1
1,0,1,1,-0.2216140816126844,1,0,1,1,0,0,0,0,1,-0.3375564165595695,-0.3428038287654648,-0.2980777738118166,0,0,0,0,1,0,0,0,1,0,0,0
0,0,1,0,-0.6702894496756475,1,1,1,1,1,0,0,0,0,0.8586452871041499,-0.402309280685038,0.6960011675435952,1,0,0,0,0,1,0,1,0,0,0,0
1,0,0,1,0.2270612864502788,1,1,0,0,1,0,1,1,1,1.143138320937941,0.6534290640254118,1.1423436923267876,1,0,0,0,0,0,0,0,1,0,0,1
1,0,0,0,-0.9558101384429878,0,0,0,0,0,0,1,0,1,-1.0047008994095714,-0.8764191885937209,-1.0615795005622741,0,0,0,0,1,0,0,0,0,0,0,1
1,0,0,0,0.4717933053937132,1,0,0,0,0,0,0,0,0,-1.492165571417179,-0.6350793147264117,-1.5152908480454566,0,1,0,1,0,0,1,0,1,0,0,0
1,0,1,1,1.4099327113435454,1,1,1,1,1,1,0,0,1,0.14824455349579332,1.0384565856409076,0.14982314738583233,0,0,1,0,1,0,0,0,0,0,1,0
0,0,0,0,-1.1597534875625164,1,0,0,0,0,0,0,0,1,0.19981931401536993,-0.8865711526952138,0.1100028516836652,1,0,0,0,0,0,0,0,0,0,0,1
0,0,1,1,1.613876060463074,0,0,0,1,1,1,1,1,1,-0.16286771157390817,0.8673893983462703,-0.1891989905919362,0,0,0,1,0,1,0,0,0,0,1,0
0,0,1,0,-0.7110781194995532,1,0,0,0,1,0,1,0,1,0.6456914372168673,-0.43153463188630553,0.7389343303575111,1,0,0,0,0,1,0,1,0,0,0,1
1,1,1,0,-1.2821194970342338,1,1,1,0,0,0,0,0,1,0.5125952810373157,-0.9712587493340746,0.5093682645426063,1,0,0,0,0,1,0,0,0,0,0,1
0,0,0,0,-1.2821194970342338,1,0,0,0,0,0,0,0,0,-1.4638826382290244,-0.9973637998807707,-1.4592877955255352,0,1,0,0,0,0,1,0,0,0,0,1
0,0,0,0,-1.2821194970342338,1,0,0,0,0,0,0,0,0,0.12495272616437218,-0.9763786792813643,0.12325979484910743,1,0,0,0,0,1,0,0,0,0,0,1
0,0,1,1,-1.2821194970342338,1,0,0,0,0,0,1,0,1,0.5042767712760937,-0.9713686190754328,0.501082675064205,1,0,0,0,0,0,1,0,0,0,0,1
1,1,1,0,1.0836233527522994,1,0,1,1,1,0,0,0,1,0.6007714845062688,1.1482823791025127,0.6023073004206735,1,0,1,0,1,0,0,0,0,1,0,0
0,0,1,0,-0.9558101384429878,1,0,0,1,0,0,0,0,0,-0.4673251688346322,-0.8014880249874635,-0.4337159423100891,0,0,0,0,0,0,1,0,0,0,0,0
0,1,0,0,-1.1597534875625164,1,0,0,0,0,0,0,0,0,-1.492165571417179,-0.9663585588695014,-1.3942459181200852,0,1,0,0,0,0,1,0,0,0,0,0
0,0,0,0,-0.7926554591473648,1,1,0,0,0,0,0,1,1,0.7005936016409324,-0.4722963059301787,0.9472298008242735,1,0,0,0,0,1,0,1,0,0,0,0
0,0,1,0,0.5941593148654305,1,0,0,1,0,0,1,0,1,-0.20945136623675115,0.19032810420081547,-0.23153972396430544,0,0,0,0,0,0,0,0,1,0,0,0
0,1,1,0,-1.2821194970342338,1,1,0,0,0,0,0,0,1,0.3179421526247218,-0.9738297012818554,0.3154854707480168,1,0,0,0,0,1,0,0,0,0,0,1
0,0,1,1,1.1652006924001108,1,0,0,0,0,0,0,0,1,-1.5137936967963561,-0.4868430596859976,-1.5094631521373618,0,1,0,0,0,0,1,0,0,0,1,1
1,0,1,0,-0.915021468619082,1,0,1,0,0,1,0,0,1,-0.3309016087505919,-0.7565513007719807,-0.2666600460044563,0,0,0,0,1,0,0,0,0,0,0,0
0,1,1,0,-0.8742327987951762,1,0,0,0,0,1,1,0,1,0.5991077825540245,-0.6197854467293574,0.4995762042499502,1,0,0,0,0,1,0,0,0,0,0,0
0,0,0,0,-1.2821194970342338,1,0,0,0,0,0,0,1,1,0.49263085761038317,-0.9715224367133344,0.48948284979444345,1,0,0,0,0,1,0,0,0,0,0,1
0,0,0,0,0.10469527697856156,1,0,0,0,0,0,0,0,0,-1.4688737440857575,-0.6987158689210513,-1.488689801617462,0,1,1,0,0,0,1,0,1,0,0,0
1,0,0,0,-0.5887121100278361,1,1,0,0,1,0,0,1,1,0.8586452871041499,-0.3045911327211007,0.7889608783859916,1,0,0,0,1,0,0,1,0,0,0,1
1,0,0,0,-0.4255574307322131,0,0,0,0,1,1,1,1,0,-0.2710083384697938,-0.4330947822135913,-0.18624463393953675,0,0,0,1,0,0,0,1,0,0,0,0
0,0,1,1,1.613876060463074,1,1,1,1,1,1,1,1,1,0.9434940866686139,1.9331039155720402,0.9270310208330171,0,0,0,1,0,0,0,0,0,0,1,0
1,1,1,0,-0.09924807214096716,1,1,1,1,1,1,1,0,1,1.3577558727774681,0.39178526195511676,1.3631154043970732,1,0,0,0,0,0,0,0,1,0,0,0
0,1,1,1,-0.4255574307322131,1,1,0,0,0,0,1,0,0,0.6806291782139994,-0.144466971665735,0.8031300733222876,1,0,0,0,0,0,0,1,0,0,0,0
0,0,0,0,-1.1597534875625164,1,0,0,0,1,0,0,1,1,0.5974440806017797,-0.866091432906055,0.49611132137716457,1,0,0,0,1,0,0,0,0,0,0,0
1,0,0,0,1.2059893622240165,1,0,0,1,1,1,1,1,1,0.5159226849418048,1.1825617384062552,0.5107313776503429,0,0,0,0,0,0,0,0,0,0,1,0
0,0,0,0,0.1454839468024673,1,1,0,1,0,0,1,1,1,1.1398109170334525,0.5824312371597761,1.1766344038698555,1,0,0,0,0,1,0,0,1,0,0,1
1,1,0,0,-0.30319142126049586,1,1,0,1,1,0,1,1,0,1.36607438253869,0.16037761270658413,1.3680867580841138,1,0,0,0,0,0,1,0,1,0,0,1
0,1,0,0,-1.2413308272103278,1,1,0,0,0,0,1,0,1,0.687283986022977,-0.9241685781879723,0.9543044195327544,1,0,0,0,0,1,0,0,0,0,0,1
1,1,0,0,-1.2005421573864221,1,1,0,0,0,0,0,0,1,0.3711806150965422,-0.9046776860710366,0.4088364455380043,1,0,0,0,0,1,0,0,0,0,0,1
0,0,0,1,-0.9558101384429878,1,0,1,0,1,1,0,1,0,0.9351755769073918,-0.6240923405905968,1.0527188101150984,1,0,0,0,0,0,0,0,0,0,0,0
0,0,1,0,1.5730873906391682,0,0,0,1,1,1,1,1,0,-0.22109727990246197,0.8154869325286808,-0.21668277065206043,0,0,0,1,0,0,0,0,0,0,1,0
0,0,0,0,0.7981026639849592,1,1,0,1,0,0,0,0,1,0.5092678771328271,0.8821558915848057,0.5871253350322184,1,0,1,0,0,0,1,0,0,1,0,0
0,0,1,1,0.9204686734566764,1,1,0,0,0,0,0,0,1,-1.305830952765807,-0.39655210623787107,-1.3155704798456296,0,1,0,1,1,0,0,0,0,1,0,0
0,0,0,1,-0.5887121100278361,1,1,1,0,0,0,0,1,0,-0.0031523241584464423,-0.49380880128810417,-0.0037859104863790212,0,0,0,0,0,1,0,1,0,0,0,0
1,0,0,0,-1.2413308272103278,1,0,1,0,1,0,0,0,1,-0.32591050289385876,-0.9567339695265276,-0.27361994116631366,0,0,0,0,0,0,1,0,0,0,0,1
1,0,0,0,0.6757366545132419,1,1,0,1,0,1,1,1,1,1.3893662098701116,1.264722330993879,1.3436087594536372,1,0,1,0,0,0,0,0,0,1,0,0
0,0,1,0,0.4717933053937132,1,0,1,1,1,0,0,0,1,-0.11295665300657635,0.18980072944229623,-0.10150565063770542,0,0,1,0,0,0,1,0,1,0,0,0
1,0,1,1,1.5730873906391682,1,0,1,1,1,1,1,1,0,0.6839565821184885,1.6434653034036886,0.6627566984920518,0,0,0,1,0,0,0,0,0,0,1,0
1,0,1,1,0.9204686734566764,1,0,0,0,0,0,0,0,0,-1.4771922538469795,-0.4888646629269875,-1.4421441576593157,0,1,0,1,0,0,1,0,0,1,0,0
1,1,0,0,1.5730873906391682,0,0,1,1,0,0,1,1,1,-0.2809905501832601,0.7449285846284779,-0.29162651097641673,0,0,1,0,0,1,0,0,0,0,1,0
0,1,1,0,-0.4255574307322131,1,1,0,0,0,0,0,0,0,-1.3074946547180513,-0.7653628540289042,-1.3252118930568604,0,1,1,0,0,0,0,1,0,0,0,0
1,0,1,1,0.349427295921996,1,1,0,0,1,1,1,1,1,1.2546063517383153,0.8451297887471095,1.2538992098188497,1,0,1,0,0,1,0,0,1,0,0,1
1,0,0,0,1.2467780320479223,1,0,0,0,0,0,0,0,0,-1.4771922538469795,-0.4228549223190118,-1.4532643034920307,0,1,1,0,0,0,1,0,0,0,1,0
1,0,0,0,-0.6295007798517418,1,1,1,0,0,0,0,1,0,0.028458012934197138,-0.5181998838696131,0.014377401350587335,0,0,0,0,0,0,0,1,0,0,0,0
1,0,0,1,-1.2005421573864221,1,0,0,0,0,0,0,0,0,0.15822676520926007,-0.9098195899665981,0.2795812496749443,1,0,0,0,0,1,0,0,0,0,0,1
1,0,0,0,0.349427295921996,0,0,0,0,1,0,1,1,1,-0.4506881493121883,-0.09458610908913553,-0.47455559039495715,0,0,1,0,0,1,0,0,1,0,0,0
1,0,0,0,-0.7110781194995532,1,1,0,0,0,0,0,0,0,-0.44403334150321083,-0.6701277622196611,-0.4605980770622356,0,0,0,0,0,1,0,1,0,0,0,1
0,0,1,1,-0.38476876090830736,1,1,1,0,0,0,0,0,0,0.5641700415568919,-0.2107184257046986,0.45742122094323845,1,0,1,0,1,0,0,1,0,0,0,0
1,0,1,0,-0.18082541178877864,1,1,0,1,1,0,1,0,0,1.054962117468988,0.17316645060067257,1.0253829407010395,1,0,0,0,1,0,0,0,1,0,0,0
1,0,0,1,-0.915021468619082,1,0,0,0,0,0,0,0,1,-1.4954929753216677,-0.9100832773458576,-1.42448831971625,0,1,1,0,0,0,0,0,0,0,0,0
0,0,1,1,0.512581975217619,1,0,0,0,0,0,0,0,0,-1.4655463401812687,-0.614467751247623,-1.4948974178615977,0,1,0,1,0,0,1,0,1,0,0,0
1,0,0,0,-0.6295007798517418,0,0,0,0,0,0,0,0,1,-1.305830952765807,-0.813090269674884,-1.2937709610040606,0,0,0,0,0,0,1,1,0,0,0,0
1,0,1,1,1.3691440415196396,1,0,0,0,0,0,0,0,0,-1.4938292733694234,-0.40261691596084087,-1.4618990116035768,0,1,0,1,1,0,0,0,0,0,1,0
0,0,0,0,-1.2005421573864221,1,0,0,0,1,0,1,1,1,0.16820897692272632,-0.9096657723286967,0.2834478580981985,0,0,1,0,0,1,0,0,0,0,0,0
1,0,1,1,-0.8334441289712705,1,0,0,0,0,0,0,0,1,-1.5204485046053335,-0.901513437519922,-1.4918777808072468,0,1,0,0,0,1,0,0,0,0,0,0
1,0,1,1,-1.2821194970342338,1,0,0,0,0,0,0,0,1,-0.6336953640590717,-0.9863987996932276,-0.6323859655810885,0,0,0,0,0,0,1,0,0,0,0,1
0,0,0,0,-1.2413308272103278,1,0,1,0,1,0,0,0,1,0.5175863868940491,-0.9462963440975034,0.11994555905774663,1,0,0,0,0,1,0,0,0,0,0,0
0,0,1,1,1.613876060463074,1,1,0,0,0,0,0,0,0,-1.3208042703360063,-0.22104618139236457,-1.3292270562409643,0,1,0,1,0,0,0,0,0,0,1,0
0,0,0,0,-0.38476876090830736,1,0,0,0,0,0,0,0,1,-1.4838470616559571,-0.7997301091257332,-1.4738416135658574,0,1,0,0,0,0,0,1,0,0,0,0
0,0,0,0,-0.3439800910844016,1,0,1,0,0,1,0,0,0,-0.2843179540877489,-0.39954056320281267,-0.244620377991909,0,0,0,0,1,0,0,1,0,0,0,0
1,0,0,1,-0.5479234402039304,1,1,0,0,0,0,0,0,1,-1.357405713285383,-0.8135297486403166,-1.3858513077274945,0,1,0,0,1,0,0,1,0,0,0,0
1,0,0,0,-0.5887121100278361,1,0,1,0,1,1,1,0,1,0.11497051445090543,-0.4353141509890259,0.24128341386366745,0,0,0,0,0,1,0,1,0,0,0,0
1,1,1,0,1.002046013104488,0,0,0,0,0,0,1,1,1,-0.6669694031039595,0.12420849385148153,-0.6559344830460186,0,0,0,0,0,1,0,0,0,1,0,1
0,0,0,0,-0.5071347703800245,1,0,0,0,0,0,0,0,1,-1.5304307163188,-0.8537640479256706,-1.575866039486641,0,1,0,0,1,0,0,1,0,0,0,0
1,1,1,0,1.613876060463074,1,1,0,1,1,1,1,0,0,0.41443686585489636,1.3649894569573253,0.3319876031258327,0,0,0,1,1,0,0,0,0,0,1,0
1,0,1,1,1.4915100509913568,1,1,0,0,0,0,0,0,0,-1.3457597996196722,-0.2514361518520284,-1.3266703314683415,0,1,0,1,0,0,0,0,0,0,1,0
0,0,1,1,1.5730873906391682,1,1,0,0,0,0,0,0,0,-1.3124857605747844,-0.2096197282911171,-1.3055025868686732,0,1,0,1,0,0,0,0,0,0,1,0
1,0,1,0,1.287566701871828,1,1,1,0,1,1,1,1,1,1.450923182103154,2.017439929038555,1.4112805717337047,1,0,1,0,0,0,1,0,0,0,1,0
0,0,1,1,1.5730873906391682,1,1,1,1,1,0,1,1,1,1.467560201625598,2.3606510270931396,1.4245174573541945,1,0,0,1,0,0,0,0,0,0,1,0
1,0,0,0,0.8796800036327707,1,1,0,1,0,0,0,0,1,0.49762196346711607,0.8868363425666625,0.49221402558547184,1,0,0,0,0,0,0,0,0,1,0,0
1,0,0,1,0.2678499562741845,1,1,0,0,0,0,0,0,0,-1.327459078144984,-0.5651582113260859,-1.2984623792396437,0,1,0,1,0,0,1,0,1,0,0,0
1,0,1,1,1.613876060463074,1,1,1,0,1,0,1,1,1,1.3527647669207348,2.3081113167756726,1.3198139931618953,1,0,0,1,0,0,0,0,0,0,1,0
1,0,0,0,-0.5071347703800245,1,1,1,0,0,1,0,0,0,-0.18948694280981837,-0.48304156663500564,-0.17800423858556286,0,0,0,0,0,0,0,1,0,0,0,0
1,0,0,1,-0.9965988082668935,1,0,0,0,0,0,0,0,0,-1.4821833597037126,-0.9280140191355075,-1.411645656024728,0,1,0,0,0,0,1,0,0,0,0,0
0,0,1,0,-0.3439800910844016,1,0,0,0,0,0,0,0,0,-1.4805196577514683,-0.7943684657474555,-1.4852493092245258,0,1,1,0,1,0,0,1,0,0,0,0
0,1,0,0,0.10469527697856156,0,0,0,0,1,0,1,0,1,-0.8333395983283989,-0.3760723864487122,-0.7935051712668002,0,0,0,0,0,1,0,0,1,0,0,0
0,0,1,0,1.0428346829283937,1,1,0,1,1,0,0,1,1,0.978431827665746,1.458994007663357,1.0537886352699724,1,0,1,0,0,1,0,0,0,1,0,0
1,0,0,0,-1.2005421573864221,1,0,0,0,0,0,0,0,0,-1.4988203792261565,-0.978180543039638,-1.4388500081454787,0,1,0,0,0,0,1,0,0,0,0,1
1,0,0,0,1.450721381167451,1,1,1,1,1,1,1,1,1,1.7404073217936786,2.5250820820097446,1.7646594399012174,1,0,1,0,1,0,0,0,0,0,1,0
0,0,0,0,-1.2413308272103278,1,0,0,0,0,0,0,0,0,-1.4722011479902464,-0.9895410742960707,-1.5106584502916232,0,1,0,0,0,0,1,0,0,0,0,1
0,0,1,1,1.287566701871828,0,0,0,1,1,1,0,1,0,-0.5005992078795201,0.4043323864182172,-0.4894854395457867,0,0,0,1,0,1,0,0,0,0,1,0
0,0,0,1,-1.2821194970342338,0,0,0,0,0,0,0,0,0,-1.3374412898584502,-0.995693779812127,-1.3333468354538358,0,0,0,0,0,0,1,0,0,0,0,0
0,0,0,0,-0.6702894496756475,1,0,0,0,0,0,0,0,0,-1.5154573987486004,-0.8766609020247088,-1.5397615833345077,0,1,1,0,1,0,0,1,0,0,0,0
1,0,0,0,1.450721381167451,1,1,0,1,1,1,1,1,0,1.4492594801509098,2.1473938591169732,1.3457985223872149,1,0,1,0,0,1,0,0,0,0,1,1
0,0,1,0,-1.2821194970342338,1,0,0,0,0,0,0,0,1,-1.4838470616559571,-0.9976274872600303,-1.4791732102736983,0,1,0,0,0,0,0,0,0,0,0,0
0,0,0,0,-1.0373874780907992,1,0,0,0,1,0,0,0,1,0.3412339799561434,-0.7758224534062,0.3337137676004995,1,0,0,0,0,1,0,0,0,0,0,0
1,0,0,0,-0.6702894496756475,1,0,0,0,0,0,0,0,0,-1.5021477831306453,-0.87694656335224,-1.5411079916247479,0,1,0,0,1,0,0,1,0,0,0,0
0,0,1,1,-0.3439800910844016,1,0,0,0,0,0,0,0,0,-1.5038114850828896,-0.8076627044517914,-1.5270224895114655,0,1,0,1,0,0,1,1,0,0,0,0
0,0,0,0,0.023117937330750068,1,0,0,0,0,0,0,0,1,0.18318229449292597,0.0508814284690532,0.26451654153239657,1,0,0,0,0,0,0,0,1,0,0,0
0,0,0,1,-0.3439800910844016,1,0,0,0,0,0,0,0,0,-1.4588915323722913,-0.7729438661826166,-1.4179288947125157,0,1,1,0,0,0,0,1,0,0,0,0
1,0,0,0,-0.5071347703800245,1,0,1,0,1,0,0,1,0,-0.01646193977640131,-0.3918936292042856,0.1656820129785215,0,0,0,0,1,0,0,1,0,0,0,0
1,0,0,0,-1.2005421573864221,1,1,0,0,0,0,0,1,1,0.6789654762617551,-0.890174880211761,0.7734023825876601,1,0,0,0,0,1,0,0,0,0,0,1
1,0,0,0,-0.9558101384429878,1,1,0,0,0,0,0,0,1,0.36452580728756456,-0.6880804779575825,0.5165491087572208,1,0,0,0,0,1,0,0,0,0,0,0
1,0,0,0,-1.0373874780907992,1,0,0,0,0,0,0,0,0,-1.4688737440857575,-0.944538428235773,-1.4839078328327846,0,1,0,0,0,0,1,0,0,0,0,0
1,0,0,0,-0.38476876090830736,1,0,0,0,0,0,0,0,0,-1.4788559557992238,-0.795115579988691,-1.458711406692255,0,1,1,0,0,0,1,1,0,0,0,0
1,0,0,0,-1.1597534875625164,1,0,0,0,0,0,1,0,1,-0.2826542521355046,-0.9033372752264673,-0.20609238691734327,0,0,0,0,0,1,0,0,0,0,0,0
0,0,0,0,1.0428346829283937,1,1,0,0,0,0,0,0,1,-1.3374412898584502,-0.3389803617662012,-1.283976150561845,0,1,0,1,1,0,0,0,0,1,0,0
1,0,0,0,0.6757366545132419,1,1,0,0,0,0,0,0,1,0.3229332584814547,0.6284666587888403,0.3643873580368666,1,0,0,0,0,0,0,0,0,1,0,0
1,0,1,1,1.613876060463074,1,1,1,0,1,0,1,1,1,1.371065488395423,2.4427017499394044,1.460784091926361,1,0,1,0,0,0,0,0,0,0,1,0
0,0,1,1,0.7165253243371477,1,0,0,0,1,1,1,1,0,1.269579669308515,1.258305938098563,1.2640197542353937,1,0,1,0,0,0,1,0,0,1,0,0
1,0,1,0,-0.017670732493155674,1,0,1,1,0,1,0,1,0,0.18650969839741458,-0.03892609811709742,0.12838650333886803,0,0,1,0,0,0,1,0,1,0,0,0
1,0,0,0,-1.0373874780907992,1,0,0,0,0,0,0,0,0,-1.5104662928918673,-0.9500319153036805,-1.5430906148213654,0,1,1,0,0,0,1,0,0,0,0,0
0,0,0,0,-0.7110781194995532,1,0,0,0,0,0,0,0,0,-1.5071388889873785,-0.8749689080077933,-1.4904416119643242,0,1,0,0,0,0,1,1,0,0,0,0
1,0,1,0,-0.18082541178877864,1,0,0,0,0,1,0,0,0,0.38781763461898616,-0.09884905505383162,0.29275928246440197,1,0,0,0,0,0,0,0,1,0,0,0
0,0,0,0,-0.8334441289712705,1,0,0,0,0,0,0,0,0,-1.5121299948441116,-0.9065894195706685,-1.5237773002990918,0,1,0,0,0,0,0,0,0,0,0,0
1,1,0,0,-0.7110781194995532,1,0,0,1,0,0,0,0,1,0.3162784506724775,-0.534416657694076,0.221692597852514,1,0,0,0,0,1,0,1,0,0,0,1
0,0,0,0,0.1454839468024673,1,0,0,0,0,0,0,0,0,-1.508802590939623,-0.7337423424660291,-1.5804875571734827,0,1,1,0,0,0,1,0,1,0,0,0
0,0,1,1,-0.9558101384429878,1,0,0,0,0,0,0,0,0,-1.4855107636082014,-0.9308047105660044,-1.517286921874344,0,1,1,0,0,0,1,0,0,0,0,0
1,0,0,0,-1.2005421573864221,1,0,0,0,0,0,0,0,0,-1.4705374460380018,-0.9812788697459378,-1.5167345492424504,0,1,0,0,0,0,1,0,0,0,0,0
1,0,0,0,0.1454839468024673,1,1,0,0,0,0,0,1,1,0.6656558606438002,0.3414209725165413,0.6717658183192708,1,0,0,0,0,1,0,0,1,0,0,1
0,0,0,0,-0.7110781194995532,1,1,0,0,0,0,0,0,0,-1.3257953761927397,-0.8443372241171415,-1.336440122192439,0,1,0,1,0,0,0,1,0,0,0,0
1,0,0,0,-0.26240275143659014,0,0,1,0,0,1,1,1,0,-0.34421122436854723,-0.4076050022185009,-0.41472990351385536,0,0,1,0,1,0,0,0,1,0,0,0
0,0,1,0,0.0639066071546558,1,1,0,0,1,0,1,1,1,1.1830671677918068,0.4941179390560963,1.1765531726004594,1,0,0,0,0,1,0,0,1,0,0,0
0,0,1,0,-0.26240275143659014,1,1,1,1,1,1,1,1,1,0.8386808636772168,0.009768171252834116,0.7958584545842503,0,0,1,0,1,0,0,0,1,0,0,0
0,0,1,1,-1.078176147914705,1,0,0,0,0,0,0,0,0,-1.4905018694649346,-0.9624471960771512,-1.5976571398148367,0,1,0,1,0,0,1,0,0,0,0,0
0,0,1,1,-0.9965988082668935,1,0,0,0,0,0,0,0,0,-1.500484081178401,-0.9362103018408252,-1.4889087779108197,0,1,1,0,0,1,0,0,0,0,0,0
1,0,0,0,1.4099327113435454,1,1,1,1,1,1,1,1,0,1.7071332827487908,2.4004238734647894,1.682805599507591,1,0,0,1,1,0,0,0,0,0,1,1
1,0,1,0,1.613876060463074,1,1,0,1,1,0,1,1,1,1.3777202962044006,2.3182632808771655,1.3304471663258433,1,0,0,1,0,0,0,0,0,0,1,0
0,0,0,0,1.5730873906391682,1,1,1,1,1,1,1,1,0,1.54409049142884,2.503086159789843,1.5758053193232,1,0,0,1,0,0,1,0,0,0,1,0
0,1,0,0,-0.9965988082668935,1,0,0,0,1,0,0,0,1,0.30463253700676646,-0.7427956091539405,0.33433518681137947,1,0,0,0,0,0,0,0,0,0,0,0
1,0,0,0,-1.2821194970342338,1,0,0,0,0,0,0,0,1,-0.6420138738202936,-0.9865086694345858,-0.6406715550594898,0,0,0,0,0,1,0,0,0,0,0,1
1,0,0,0,-0.7518667893234591,0,0,0,0,1,0,1,1,1,-0.4706525727391211,-0.6933102776462304,-0.46466196142545146,0,0,0,0,0,1,0,1,0,0,0,1
0,1,0,0,-0.4255574307322131,1,1,0,0,0,0,0,0,1,0.3162784506724775,-0.26268681336710287,0.397889424287753,1,0,0,0,0,0,0,1,0,0,0,1
1,0,1,0,-0.18082541178877864,1,0,1,0,0,1,0,0,0,-0.35086603217752466,-0.37965414001698783,-0.4635374885676683,0,0,1,0,0,0,1,0,1,0,0,0
0,0,0,0,-0.8742327987951762,1,0,0,0,0,0,1,1,1,0.00017507974604262936,-0.6918380231120312,0.005604424255809493,0,0,0,0,0,1,0,0,0,0,0,0
0,1,0,0,-0.7518667893234591,0,0,1,0,1,1,0,0,0,-0.838330704185132,-0.7022756485410554,-0.5129551115281331,0,0,0,1,0,0,1,1,0,0,0,0
0,1,1,0,-0.05845940231706142,0,0,1,1,1,0,0,1,1,-0.48229848640483186,-0.31212819697826977,-0.4626650198138368,0,0,1,0,1,0,0,0,1,0,0,0
0,0,1,1,1.002046013104488,1,0,1,0,0,0,1,1,1,0.17320008277945922,0.7132641251690596,0.12340515606802652,0,0,1,0,0,0,0,0,0,1,0,1
0,0,1,1,-0.30319142126049586,0,0,1,1,1,0,1,1,1,-0.20945136623675115,-0.3461658428510241,-0.1599085111647345,0,0,0,0,1,0,0,0,1,0,0,1
1,0,0,0,-0.9558101384429878,1,0,0,0,0,1,1,1,1,1.031670290137567,-0.6429020403111119,0.8951084858148436,1,0,0,0,0,0,0,0,0,0,0,0
1,0,1,0,1.5322987208152625,1,1,1,0,0,1,1,1,1,0.4011272502369415,1.3182069210870258,0.3525575653856636,0,0,0,1,1,0,0,0,0,0,1,0
0,0,0,0,0.5941593148654305,1,1,1,0,1,0,1,0,0,0.998396251092679,1.021756384954469,1.102510697713434,1,0,1,0,1,0,0,0,1,0,0,0
1,0,0,0,-1.2005421573864221,1,0,0,0,0,0,0,0,1,-1.4771922538469795,-0.9727310038682739,-1.301861595435911,0,1,0,0,0,1,0,0,0,0,0,0
0,1,1,0,-1.2413308272103278,1,1,0,0,1,0,0,0,0,0.4759938380879392,-0.9305849710832882,0.7123652067634374,1,0,0,0,0,1,0,0,0,0,0,1
0,0,0,0,1.4099327113435454,1,0,1,1,0,1,0,0,0,-0.14623069205146424,0.6942346859658282,-0.237620909865379,0,0,1,0,1,0,0,0,0,0,1,0
0,0,1,1,0.7981026639849592,1,0,0,1,1,1,0,0,0,0.6956024957841991,0.9417931871940086,0.6736141421259916,1,0,0,0,0,0,0,0,0,1,0,0
1,0,1,1,0.8388913338088649,1,1,1,0,1,1,1,1,0,0.6922750918797105,1.022129942075087,0.7346112328535604,0,0,0,0,0,1,0,0,0,1,0,0
0,0,0,0,-0.915021468619082,1,0,0,0,0,0,0,0,1,-1.4638826382290244,-0.8979976057964613,-1.3333468354538358,0,1,0,0,0,0,1,0,0,0,0,0
0,0,0,0,-1.2821194970342338,1,0,0,0,0,0,0,0,1,0.19316450620639225,-0.9754777474022277,0.19120162857199774,1,0,0,0,0,0,1,0,0,0,0,0
1,0,0,0,-0.2216140816126844,1,1,0,0,1,0,1,1,1,1.184730869744051,0.16837612987745726,1.1296827301589147,1,0,1,0,0,0,0,0,1,0,0,0
0,0,1,1,1.1652006924001108,0,0,0,1,1,1,1,1,1,-0.11462035495882066,0.6420026109241643,-0.11389822530316518,0,0,0,1,0,0,0,0,0,0,1,0
0,0,0,0,-0.915021468619082,0,0,0,0,0,1,0,0,1,-1.1743984985384996,-0.8751227256456947,-1.1608408625135214,0,0,0,1,0,0,1,0,0,0,0,0
1,0,1,1,-1.1597534875625164,1,1,0,0,0,0,0,0,0,-1.357405713285383,-0.9744229978851894,-1.5462864850487485,0,1,1,0,1,0,0,0,0,0,0,0
1,0,0,0,0.1454839468024673,1,0,0,0,0,0,0,0,1,-1.542076629984511,-0.7037479030752545,-1.5176551702956065,0,1,0,1,1,0,0,0,1,0,0,0
1,1,1,0,-0.6702894496756475,1,0,0,0,1,1,0,1,1,0.8869282202923043,-0.32972932954384515,1.0380924431330874,1,0,0,0,0,1,0,1,0,0,0,0
0,0,1,1,-0.017670732493155674,1,0,1,1,1,1,0,1,0,0.2896592194365668,0.011657930804194151,0.24759542195936618,0,0,0,1,0,0,1,0,1,0,0,0
0,0,0,0,-0.38476876090830736,1,1,0,1,0,0,0,0,1,0.4743301361356949,-0.26956465917612293,0.26447505900272905,1,0,0,0,0,1,0,1,0,0,0,1
1,0,1,1,1.613876060463074,1,1,1,1,1,1,1,1,0,1.6522311183247256,2.6437853505730877,1.6713991733620552,1,0,0,1,0,0,0,0,0,0,1,0
1,0,0,1,-1.2821194970342338,1,0,0,0,0,1,0,1,1,-0.17784102914410782,-0.9803779378668009,-0.17833566216469907,0,0,0,0,0,0,1,0,0,0,0,0
0,0,0,0,-0.8742327987951762,1,1,0,0,0,1,1,0,0,0.8403445656294616,-0.5723656663591804,0.824672605966131,1,0,0,0,0,1,0,0,0,0,0,1
1,0,0,0,-1.2821194970342338,1,0,0,0,0,0,0,0,1,0.16654527497048202,-0.9758293305745737,0.16468774224111377,1,0,0,0,0,1,0,0,0,0,0,1
1,1,1,1,0.5941593148654305,1,0,0,1,0,0,1,0,1,0.6673195625960445,0.7592995467981238,0.6813912052452439,1,0,1,0,0,0,0,0,1,0,0,0
1,0,1,1,1.450721381167451,1,0,0,0,0,0,0,0,0,-1.4954929753216677,-0.40107873958182677,-1.4804891568379148,0,1,0,1,0,0,0,0,0,0,1,0
0,0,0,0,-1.2821194970342338,1,0,0,0,0,0,1,0,1,-0.3408838204640584,-0.9825313847974207,-0.3407332159413639,0,0,0,0,0,1,0,0,0,0,0,0
1,0,0,0,-0.915021468619082,1,0,0,0,0,0,0,0,1,-1.4938292733694234,-0.9192683877233988,-1.4937558477556845,0,1,0,0,1,0,0,0,0,0,0,0
1,0,1,1,0.5941593148654305,1,1,0,0,1,1,1,1,1,1.4126580372015327,1.2431219398428668,1.4576980526300911,1,0,0,0,0,0,0,0,1,0,0,1
1,0,0,1,0.2270612864502788,1,1,0,1,0,0,0,0,1,0.5641700415568919,0.3741621554412696,0.588124972953094,1,0,0,0,0,0,1,0,1,0,0,0
1,0,0,0,-1.2005421573864221,1,1,0,0,0,1,1,0,1,0.011820993411753198,-0.9143022754140104,0.16689723276868731,0,0,0,0,0,0,1,0,0,0,0,0
1,0,0,0,-1.2821194970342338,0,0,0,0,0,0,0,1,1,-0.976417966221417,-0.9909254330371833,-0.973752252091221,0,0,0,0,0,1,0,0,0,0,0,1
1,0,0,0,-0.8334441289712705,1,0,0,0,0,1,0,0,0,-0.487289592261565,-0.7456082745327092,-0.5121068249862969,0,0,0,0,0,0,0,0,0,0,0,1
1,0,0,0,-0.26240275143659014,1,1,0,0,0,0,0,0,1,-0.44403334150321083,-0.43724785843692926,-0.5007088281781883,0,0,1,0,1,0,0,0,1,0,0,0
1,0,0,0,-0.8334441289712705,0,0,0,1,0,1,0,0,0,-1.027992726740993,-0.8121014420026607,-0.9299767210136676,0,0,0,0,0,0,1,0,0,0,0,0
0,0,0,0,-0.915021468619082,1,0,0,0,0,0,0,0,1,-1.500484081178401,-0.9194222053613003,-1.4949158302826606,0,1,1,0,0,0,1,0,0,0,0,0
1,1,1,0,1.2467780320479223,1,0,1,1,1,1,1,1,1,0.6357092255034009,1.3356762099629713,0.6517488862778006,0,0,1,0,0,0,0,0,0,0,1,0
1,0,1,1,0.1454839468024673,1,1,0,0,0,0,0,0,0,-1.3241316742404952,-0.5974159673888383,-1.2949109064845856,0,1,0,1,1,0,0,0,1,0,0,0
1,0,1,0,1.3283553716957337,1,1,1,1,1,0,0,0,0,0.8270349500115063,1.5290689287015846,0.7898545889775934,1,0,1,0,0,1,0,0,0,0,1,1
0,0,0,0,-1.2821194970342338,1,1,0,0,0,0,0,1,1,-0.15787660571717504,-0.9801142504875414,-0.15845024741653596,0,0,0,0,0,1,0,0,0,0,0,1
1,0,1,0,1.2059893622240165,1,0,0,1,1,1,0,0,1,-0.15787660571717504,0.642903542803301,-0.1456744029950012,0,0,0,1,1,0,0,0,0,0,1,0
1,0,0,0,-1.2821194970342338,1,0,0,0,0,0,0,0,0,-1.4855107636082014,-0.997649461208302,-1.4808303281693784,0,1,0,0,0,0,1,0,0,0,0,1
0,0,0,0,-0.915021468619082,1,0,0,0,0,0,0,0,1,-1.4971566772739122,-0.9188948306027812,-1.490938747333028,0,1,0,0,0,0,1,0,0,0,0,0
1,1,1,0,0.7165253243371477,1,1,1,0,1,0,1,1,1,1.3361277473982907,1.2626128319598025,1.2705156563864608,1,0,0,1,1,0,0,0,0,1,0,0
0,0,1,0,0.5941593148654305,1,1,1,1,1,0,1,0,1,1.1265013014154972,0.9859168753234409,1.0450051809505723,1,0,0,0,0,1,0,0,1,0,0,1
1,0,0,1,-1.3229081668581395,1,1,1,1,0,1,0,0,1,-0.09964703738862125,-1.006548910258312,-0.10045112106772709,0,0,0,1,0,0,0,0,0,0,0,0
1,0,0,0,0.349427295921996,1,0,0,1,0,1,1,1,1,1.1564479365558964,0.8482061415051377,1.2595576611699526,1,0,0,1,1,0,0,0,1,0,0,0
0,0,0,0,-0.46634610055611886,1,0,1,0,1,1,0,0,1,-0.1545492018126862,-0.45353055410620696,-0.1660256435110745,0,0,1,0,0,1,0,1,0,0,0,0
0,0,1,0,0.3902159657459017,1,1,0,0,1,1,0,0,1,0.6456914372168673,0.5704774093000096,0.6796568559177488,1,0,0,0,0,1,0,0,1,0,0,1
0,1,0,0,0.7981026639849592,0,0,0,1,1,1,1,0,1,-0.47897108250034304,0.12128595873135493,-0.5163239775797906,0,0,0,0,0,1,0,0,0,1,0,0
0,0,0,0,1.5322987208152625,1,1,0,0,0,0,0,0,0,-1.292521337147852,-0.19070015882924385,-1.2730277440510749,0,1,1,0,1,0,0,0,0,0,1,0
1,0,0,0,-1.2413308272103278,1,0,0,0,0,0,0,0,0,-0.6270405562500942,-0.9712367753858031,-0.8204688467407975,0,0,0,0,0,0,0,0,0,0,0,1
0,0,1,1,0.9612573432805821,1,1,0,1,1,1,0,1,1,1.159775340460385,1.45822491947385,1.1672440691276669,1,0,1,0,1,0,0,0,0,1,0,0
0,0,0,1,-0.38476876090830736,1,0,0,0,0,1,0,0,1,-0.5139088234974752,-0.5146181303013376,-0.5390109745897144,0,0,1,0,0,1,0,1,0,0,0,0
0,0,0,0,-0.9965988082668935,1,1,1,1,1,0,0,0,1,0.02013950317297517,-0.7546615412206206,0.22247972885296236,0,0,0,0,0,0,0,0,0,0,0,0
1,0,1,0,0.9612573432805821,1,1,1,1,1,0,0,0,1,0.9401666827641253,1.302451600176267,0.9574706983691436,1,0,1,0,0,1,0,0,0,1,0,0
1,0,1,1,1.613876060463074,1,1,0,1,1,0,1,1,1,1.3161633239713582,2.271524692903409,1.2814931418242894,1,0,1,0,1,0,0,0,0,0,1,0
0,0,0,0,-0.7110781194995532,1,1,0,0,0,0,0,0,1,-0.525554737163186,-0.7079009792985925,-0.6505037879071929,0,0,0,0,0,1,0,1,0,0,0,1
1,0,0,0,-0.5479234402039304,1,1,0,0,1,1,0,0,0,-0.17784102914410782,-0.5035212864241646,-0.1553976618192304,0,0,0,0,0,1,0,1,0,0,0,0
1,0,1,0,-0.6295007798517418,0,0,0,1,0,0,1,1,1,-0.5022629098317647,-0.6389906775187618,-0.5214565440937868,0,0,0,0,0,0,1,1,0,0,0,0
0,0,1,0,1.002046013104488,1,0,0,0,0,0,0,0,1,-1.5071388889873785,-0.5080698937163919,-1.492459225682924,0,1,0,1,0,0,0,0,0,1,0,0
0,0,1,0,0.8388913338088649,1,0,0,0,0,0,0,0,0,-1.5254396104620669,-0.5712669689455989,-1.5326074458155388,0,1,1,0,1,0,0,0,0,1,0,0
1,0,0,0,-1.2413308272103278,1,1,0,0,0,0,1,0,1,0.6906113899274662,-0.9267834780322962,0.8557059047397795,1,0,0,0,0,1,0,0,0,0,0,1
0,0,1,0,1.613876060463074,0,0,0,1,1,0,1,1,1,-0.3558571380342578,0.7238775421842565,-0.3395133930459327,0,0,0,1,0,1,0,0,0,0,1,1
0,1,0,0,-0.9965988082668935,1,1,0,1,1,0,1,1,1,1.3511010649684905,-0.6419791344837034,1.284692299984005,1,0,0,0,0,1,0,0,0,0,0,1
0,0,0,0,-0.8334441289712705,1,0,0,0,0,0,0,0,0,-1.5038114850828896,-0.9097097202252399,-1.5433865287313082,0,1,0,0,0,0,1,0,0,0,0,0
1,0,0,1,1.5730873906391682,1,1,0,0,0,0,0,0,0,-1.349087203524161,-0.27938701405354144,-1.3796060984008538,0,1,0,1,0,0,1,0,0,0,1,0
0,0,1,1,-0.2216140816126844,1,0,0,0,0,0,0,0,0,-1.4971566772739122,-0.7647915313738419,-1.4767182207986165,0,1,0,1,0,0,1,0,1,0,0,0
1,0,1,0,1.2059893622240165,1,1,1,1,0,0,0,1,0,1.0383250979465442,1.6309621268371313,1.0561369869931057,1,0,1,0,0,1,0,0,0,0,1,0
1,0,0,0,0.6349479846893362,1,1,0,1,1,0,1,1,1,1.371065488395423,1.2272347752424786,1.3575364408149497,1,0,1,0,1,0,0,0,1,0,0,1
0,0,0,0,-1.078176147914705,1,0,0,0,0,0,0,0,1,0.14491714959130472,-0.8226709111213145,0.15916401592217944,1,0,0,0,0,0,1,0,0,0,0,1
1,1,1,1,-0.017670732493155674,1,0,0,1,0,0,1,1,1,0.9667859140000354,0.250998175378785,0.8116369257015326,1,0,0,0,0,0,1,0,1,0,0,0
0,0,1,0,0.6349479846893362,0,0,0,1,1,0,0,0,0,-1.0047008994095714,-0.3014049102217144,-1.044110716078645,0,0,1,0,0,0,1,0,1,0,0,1
0,1,0,0,-1.2821194970342338,1,0,0,0,0,0,0,0,1,0.21146522768108048,-0.9752360339712397,0.20942992542448044,1,0,0,0,0,1,0,0,0,0,0,0
1,0,1,1,-0.5887121100278361,1,0,0,0,0,0,0,0,0,-1.500484081178401,-0.856115260390735,-1.5217059029294915,0,1,1,0,0,0,0,1,0,0,0,0
0,0,0,0,-0.4255574307322131,1,0,0,0,0,0,0,0,1,-1.5187848026530892,-0.8252418630690953,-1.5304685414990735,0,1,1,0,0,0,1,1,0,0,0,0
1,0,0,0,1.1652006924001108,1,1,1,0,1,0,1,1,1,1.382711402061134,1.762234493811847,1.27101768161125,1,0,0,0,0,1,0,0,0,0,1,0
1,0,0,0,-1.2821194970342338,1,0,1,0,0,0,0,0,1,-0.4723162746913654,-0.9842673267108796,-0.4716455297001038,0,0,0,0,0,0,1,0,0,0,0,0
0,0,0,0,-1.2821194970342338,1,0,0,0,0,0,0,0,0,-0.6969160382443585,-0.9872338097275496,-0.6953564456169381,0,0,0,0,1,0,0,0,0,0,0,0
1,0,0,0,1.4915100509913568,1,0,0,1,1,1,1,1,1,1.3028537083534029,2.1849473367131877,1.3361500134801196,1,0,1,0,0,0,0,0,0,0,1,1
0,0,1,0,0.8388913338088649,1,1,1,1,1,0,0,1,0,0.30629623895901076,0.678391469261983,0.24551132262476366,0,0,1,0,0,0,0,0,0,1,0,0
1,0,1,1,1.2467780320479223,0,0,0,1,1,1,0,0,0,-0.8499766178508429,0.04602518590102315,-0.8920011025709947,0,0,0,1,0,0,0,0,0,0,1,0
1,1,0,0,0.10469527697856156,1,1,0,0,1,0,1,1,1,1.1364835131289635,0.48583376055769195,1.0636031813092652,1,0,0,0,0,1,0,0,1,0,0,1
1,0,0,1,1.3691440415196396,1,1,0,0,0,0,0,0,1,-1.3174768664315177,-0.27094901791723564,-1.3114527929533333,0,1,0,1,1,0,0,0,0,0,1,0
0,0,1,1,1.5322987208152625,1,0,0,1,1,1,1,1,1,0.5159226849418048,1.5063258922404477,0.555223084027359,0,0,0,1,0,0,0,0,0,0,1,0
0,0,0,0,-0.9965988082668935,1,0,0,0,0,0,0,0,0,-1.4855107636082014,-0.9297939089455094,-1.4284239747184906,0,1,0,1,0,0,1,0,0,0,0,0
0,0,0,0,-0.5479234402039304,1,0,0,0,0,0,0,1,1,-0.289309059944482,-0.5260226094543133,-0.24470759472326048,0,0,0,0,0,1,0,1,0,0,0,0
0,0,1,1,1.0428346829283937,1,0,0,0,0,0,0,0,0,-1.508802590939623,-0.5320654452290116,-1.5350295117574035,0,1,0,1,1,0,0,0,0,1,0,0
1,0,0,0,1.3283553716957337,1,1,0,0,0,0,0,0,0,-1.3341138859539616,-0.3029650605490001,-1.3356668005077885,0,1,1,0,1,0,0,0,0,0,1,0
1,0,0,0,-0.46634610055611886,1,0,0,0,0,0,0,0,1,-1.4954929753216677,-0.8235498690521798,-1.4947974647186835,0,1,0,0,0,0,1,1,0,0,0,0
0,1,1,0,1.0836233527522994,1,1,1,1,1,1,0,0,1,0.970113317904524,1.403509788277492,0.9285348319177267,1,0,1,0,0,1,0,0,0,1,0,0
0,0,0,0,-1.0373874780907992,0,0,0,1,0,0,0,1,1,-0.8250210885671769,-0.8776497296969321,-0.7632982793398286,0,0,0,0,1,0,0,0,0,0,0,1
1,0,0,0,1.450721381167451,0,0,0,0,1,0,0,1,1,-0.8316758963761546,0.22238809472912313,-0.7890567148653289,0,0,0,0,0,0,0,0,0,0,1,0
1,0,0,1,-0.2216140816126844,1,0,0,0,0,0,0,0,0,-1.5038114850828896,-0.7827222731634917,-1.5268000060902862,0,1,0,1,1,0,0,0,1,0,0,0
0,0,1,0,-0.5887121100278361,1,0,0,0,1,0,1,1,1,1.0333339920898112,-0.23943837609571858,1.0619250206466557,1,0,0,0,1,0,0,1,0,0,0,0
1,0,1,0,-0.7926554591473648,1,1,1,0,0,0,0,1,1,0.031785416838685736,-0.6100290136967538,0.1482440338916713,0,0,0,0,0,1,0,1,0,0,0,0
0,0,0,0,0.18627261662637304,0,0,0,0,0,1,0,0,0,-1.2076725375833877,-0.5786941634614098,-1.2799159800606863,0,0,0,0,1,0,0,0,1,0,0,1
1,0,0,0,-1.2821194970342338,0,0,0,0,0,0,0,1,1,-0.9864001779348832,-0.9910572767268131,-0.9836949594653024,0,0,0,0,0,0,0,0,0,0,0,1
1,0,0,1,0.7165253243371477,0,0,1,1,0,0,1,0,1,-0.7268626733847579,-0.036157380634872,-0.6883634080971675,0,0,1,0,0,0,0,0,0,1,0,0
1,0,1,0,1.613876060463074,1,1,1,1,1,1,0,0,0,0.10831570664192824,1.1067735908174043,0.06153215323501759,0,0,0,1,0,0,1,0,0,0,1,0
1,0,1,1,-1.2821194970342338,1,0,0,0,0,0,1,1,0,0.8070705265845737,-0.9673693604899962,0.8026781320780115,1,0,0,0,0,0,1,0,0,0,0,1
1,1,0,0,-0.2216140816126844,1,1,0,1,0,0,0,0,1,0.5508604259389369,-0.07395257166207511,0.45284213187884675,1,0,0,0,0,1,0,0,1,0,0,1
1,0,1,1,1.2059893622240165,1,0,1,0,1,1,0,1,0,0.21645633353781385,0.9655250513273687,0.24674180578528096,0,0,1,0,1,0,0,0,0,0,1,0
1,1,0,0,0.7981026639849592,1,1,0,1,1,1,1,1,1,1.5257897699541518,1.5564924161445783,1.5650798346982884,1,0,0,0,0,1,0,0,0,1,0,0
0,0,1,1,1.4099327113435454,1,1,0,0,0,0,0,0,1,-1.3307864820494728,-0.2681143785901954,-1.3208071522730913,0,1,0,1,0,0,1,0,0,0,1,0
1,1,1,0,0.8388913338088649,1,1,0,1,0,0,1,1,1,1.2313145244068942,1.432295660513327,1.3182293958869111,1,0,0,0,0,1,0,0,0,1,0,1
0,1,1,0,1.3691440415196396,1,1,0,1,1,0,1,1,0,1.321154429828091,1.9904559205609937,1.2724710555033634,1,0,1,0,1,0,0,0,0,0,1,0
0,0,1,1,-1.1189648177386107,1,0,0,0,0,0,1,0,1,0.530896002512004,-0.8500504506677652,0.20843565468707226,1,0,0,0,0,1,0,0,0,0,0,0
0,0,0,0,-1.078176147914705,1,0,0,0,0,0,1,1,1,0.8719549027221047,-0.8064541372968519,0.36298951709085087,1,0,0,0,0,1,0,0,0,0,0,1
0,0,1,0,1.5322987208152625,1,1,0,1,1,1,1,1,1,1.5174712601929299,2.400314003723431,1.5183400049967222,1,0,0,1,0,1,0,0,0,0,1,0
1,0,1,1,1.613876060463074,1,1,0,1,1,1,1,1,1,1.5757008285214835,2.52758711211271,1.5496930701348723,1,0,0,1,0,0,0,0,0,0,1,0
1,1,0,0,-0.915021468619082,1,1,0,0,0,0,1,1,1,1.0133695686628783,-0.611742981661941,0.8253806472488311,1,0,0,0,0,1,0,0,0,0,0,1
1,0,1,1,-0.7926554591473648,0,0,1,1,0,1,0,0,0,-0.8100477709969776,-0.74710250301518,-0.6469176148201308,0,0,0,1,0,0,1,1,0,0,0,0
0,0,0,0,-1.2005421573864221,1,0,0,0,1,1,0,0,0,0.505940473228338,-0.9109402613284511,0.2514102454483802,1,0,0,0,1,0,0,0,0,0,0,1
1,0,1,0,1.3691440415196396,1,1,1,1,0,1,1,1,0,0.6773017743095108,1.4274394179452972,0.6291578021227656,0,0,0,1,0,1,0,0,0,0,1,0
1,0,1,1,-0.7926554591473648,1,0,1,0,0,0,0,0,1,-0.4972718039750313,-0.7483769920149345,-0.6543109100470119,0,0,0,0,0,0,1,1,0,0,0,0
0,0,0,0,0.8388913338088649,1,0,0,0,0,0,0,0,0,-1.4855107636082014,-0.5457771889505084,-1.4963384503629145,0,1,0,1,0,0,1,0,0,1,0,0
0,1,0,0,0.6757366545132419,1,1,0,0,1,0,0,1,1,0.8636363929608828,0.9780721757904693,0.9024433931444757,1,0,0,0,1,0,0,0,0,1,0,1
0,0,1,0,-0.5071347703800245,1,1,1,0,0,0,0,0,0,0.5824707630315805,-0.3067445796517205,0.48674860526657066,1,0,0,0,0,1,0,1,0,0,0,1
1,0,0,0,-0.3439800910844016,1,1,0,1,0,0,0,0,1,0.5109315790850714,-0.18845881610553764,0.4186410597541125,1,0,0,0,0,1,0,1,0,0,0,1
1,0,0,0,1.450721381167451,1,1,0,0,0,0,0,0,1,-1.3557420113331387,-0.347835862919668,-1.4214421471138965,0,1,0,1,0,0,0,0,0,0,1,0
1,0,1,0,0.7981026639849592,0,0,1,0,0,0,0,1,1,-0.8316758963761546,-0.11840586901558207,-0.8639363238505638,0,0,0,0,0,1,0,0,0,1,0,0
1,1,1,0,1.3691440415196396,1,1,0,1,1,1,1,1,1,1.5291171738586404,2.2859176290213266,1.6100711649778587,1,0,1,0,0,1,0,0,0,0,1,1
1,0,0,0,-0.3439800910844016,1,0,0,0,0,0,0,1,1,0.49762196346711607,-0.12715150042769074,0.611281015126942,1,0,0,0,1,0,0,1,0,0,0,0
1,1,1,0,1.613876060463074,1,1,1,1,1,1,1,1,1,1.6505674163724813,2.6551678557777927,1.6833212160004223,1,0,0,1,0,0,1,0,0,0,1,0
1,0,1,0,-0.915021468619082,1,0,0,1,0,1,1,1,1,1.1631027443648736,-0.5710692034111543,1.132113169739246,1,0,0,0,0,1,0,0,0,0,0,1
0,0,1,0,0.7165253243371477,1,0,0,0,0,0,0,0,1,-1.4988203792261565,-0.5920762979588323,-1.5268319209534622,0,1,1,0,0,0,0,0,0,1,0,0
1,0,0,0,0.4310046355698075,1,1,0,0,0,0,0,0,1,0.3478887877651206,0.3828198910602918,0.28469390798874883,1,0,0,0,1,0,0,0,1,0,0,0
0,1,0,0,-0.6295007798517418,1,0,0,0,0,0,0,0,0,-1.4722011479902464,-0.8612571642862964,-1.5074416920235376,0,1,1,0,0,0,1,1,0,0,0,0
1,1,1,1,1.450721381167451,1,0,0,0,0,0,0,0,0,-1.5104662928918673,-0.48200879106623906,-1.5702415863936559,0,1,1,0,0,0,0,0,0,0,1,0
1,0,1,1,1.4099327113435454,1,1,0,0,0,0,0,0,0,-1.28420282738663,-0.2643128855392034,-1.3165283254678273,0,1,0,1,0,0,1,0,0,0,1,0
1,0,0,0,-0.18082541178877864,0,0,0,0,0,1,0,0,1,-1.1577614790160558,-0.6501973911372929,-1.1921959004110714,0,0,0,0,1,0,0,0,1,0,0,0
1,0,1,1,-0.18082541178877864,1,0,0,0,0,0,0,0,1,-1.4838470616559571,-0.7921051490754776,-1.5743983064933242,0,1,0,1,1,0,0,0,1,0,0,0
0,0,1,1,0.023117937330750068,1,0,1,1,1,0,0,0,1,-0.2144424720934843,-0.14719174125141699,-0.18812772245735493,0,0,1,0,0,0,1,0,1,0,0,0
0,0,0,0,-0.9965988082668935,1,0,0,0,0,0,1,0,1,0.5026130693238494,-0.7320503484491137,0.43562651818483517,1,0,0,0,0,0,0,0,0,0,0,0
1,0,0,0,-1.2821194970342338,1,0,0,0,0,0,0,0,1,-0.6353590660113162,-0.9864207736414992,-0.6340430834767689,0,0,0,0,0,0,1,0,0,0,0,0
1,0,0,0,-1.1597534875625164,1,0,0,0,0,0,0,0,1,-1.4705374460380018,-0.9697425469033323,-1.458044957103775,0,1,0,0,1,0,0,0,0,0,0,0
0,0,1,0,1.4915100509913568,1,1,1,0,0,0,1,1,0,1.1398109170334525,2.0150227947286754,1.1504327281569982,1,0,0,1,0,0,0,0,0,0,1,0
1,0,1,0,-0.8334441289712705,1,0,0,1,0,0,0,1,1,0.6706469665005331,-0.5671578406188043,0.6093477109153149,1,0,0,0,1,0,0,0,0,0,0,0
1,0,1,1,-0.18082541178877864,1,1,1,1,0,0,1,1,0,1.371065488395423,0.24482349591445718,1.218377992765801,1,0,1,0,0,1,0,0,1,0,0,1
0,1,0,0,-1.1189648177386107,1,1,0,0,0,0,1,0,1,0.6074262923152465,-0.8105193177271034,0.804666673552828,1,0,0,0,1,0,0,0,0,0,0,1
0,0,1,0,1.5730873906391682,1,0,0,0,0,0,0,0,0,-1.4988203792261565,-0.4002437295475049,-1.5079743860943946,0,1,0,1,1,0,0,0,0,0,1,0
0,1,1,0,1.3283553716957337,1,1,1,0,1,0,1,1,0,1.3427825552072685,1.975931140753446,1.3083030432322647,1,0,0,0,0,0,0,0,0,0,1,1
1,0,1,1,-1.1189648177386107,1,1,1,0,1,0,0,0,1,0.6523462450258449,-0.8071353296932724,0.8557059047397795,1,0,0,0,0,1,0,0,0,0,0,1
0,0,0,0,-1.2005421573864221,1,0,1,1,0,1,0,1,0,0.2064741218243471,-0.9127860729832681,0.20501094436933287,0,0,0,1,0,0,1,0,0,0,0,0
0,0,1,0,-1.0373874780907992,1,0,0,0,0,0,0,0,1,-0.6869338265308923,-0.8687942285434653,-0.667895634774237,0,0,0,0,0,0,1,0,0,0,0,0
1,0,0,0,-1.1597534875625164,1,0,0,0,1,1,1,1,1,0.3162784506724775,-0.8748370643181634,0.331228090756979,0,0,0,0,0,1,0,0,0,0,0,1
0,0,1,0,0.0639066071546558,1,1,1,0,0,1,0,0,1,-0.13458477838575342,-0.12600885511756604,-0.19890341957578916,0,0,0,0,0,0,0,0,1,0,0,0
1,1,1,0,1.613876060463074,1,1,0,1,1,0,1,1,1,1.306181112257892,2.373022359970067,1.3878018579374432,1,0,0,1,0,0,0,0,0,0,1,1
0,0,0,0,-1.1597534875625164,1,0,1,1,0,1,0,0,1,-0.14955809595595307,-0.8869447098158314,0.10296010062702393,0,0,0,0,0,0,1,0,0,0,0,1
1,0,1,1,0.3902159657459017,1,0,0,0,0,0,0,0,0,-1.4855107636082014,-0.6308383427099871,-1.4773582716260485,0,1,1,0,0,0,1,0,1,0,0,0
0,0,0,0,0.2270612864502788,1,1,0,0,1,1,1,1,1,1.289544092735448,0.7463129433695905,1.326676254038378,1,0,0,0,0,1,0,0,1,0,0,0
0,0,0,0,0.3902159657459017,1,0,1,1,0,1,0,1,1,0.0933423890717286,0.26013933785978305,0.1224312359012671,0,0,1,0,0,0,1,0,1,0,0,0
0,0,1,0,0.9612573432805821,1,1,0,0,0,0,0,0,0,-1.3507509054764055,-0.4520582995720077,-1.4052539155699613,0,1,1,0,0,1,0,0,0,1,0,0
1,0,0,0,-1.1189648177386107,1,1,0,1,1,0,0,0,1,0.6789654762617551,-0.8201439070700771,0.6595031458912374,1,0,0,0,0,1,0,0,0,0,0,1
1,0,0,0,1.0836233527522994,1,0,0,0,1,0,0,1,1,-0.1179477588633095,0.5955716582262107,-0.10415857127501167,0,0,1,0,0,0,0,0,0,1,0,0
0,0,1,0,1.5322987208152625,1,0,0,0,0,0,0,0,0,-1.4988203792261565,-0.42276702652592535,-1.5230394882836342,0,1,0,1,1,0,0,0,0,0,1,0
0,1,1,0,-0.8742327987951762,1,1,0,0,1,0,1,1,1,1.1531205326514073,-0.5094103045609613,1.2562764942501248,1,0,0,0,0,1,0,0,0,0,0,1
0,1,1,0,-0.18082541178877864,1,1,0,0,0,0,0,0,0,-1.3041672508135624,-0.6837076622515282,-1.2824496429436567,0,1,0,0,0,0,1,0,1,0,0,0
1,0,1,0,1.124412022576205,1,0,0,1,0,0,1,1,1,0.9817592315702351,1.4590379555599005,0.9469854821601666,1,0,1,0,0,1,0,0,0,1,0,1
0,1,0,0,-0.05845940231706142,1,0,1,0,0,0,0,0,1,0.2879955174843225,-0.08599429531492823,0.08744466613601815,1,0,0,0,1,0,0,0,1,0,0,0
1,1,0,0,-0.8334441289712705,1,0,0,1,1,1,0,0,1,0.6290544176944233,-0.553995445604098,0.6920655125413544,1,0,0,0,0,0,1,0,0,0,0,1
1,0,0,1,0.2678499562741845,1,1,0,0,0,1,1,1,0,1.1863945716962954,0.7053754777395443,1.1583211266124658,1,0,0,1,0,0,1,0,1,0,0,0
0,0,0,0,-0.8334441289712705,1,1,1,0,0,0,0,0,1,0.49595826151487177,-0.5665425700671985,0.6132143193385691,1,0,0,0,0,1,0,0,0,0,0,0
1,0,1,0,-0.3439800910844016,1,1,1,0,0,1,0,0,1,-0.21776987599797312,-0.41461469171715065,-0.2919863311767696,0,0,1,0,0,1,0,1,0,0,0,0
0,0,1,0,-1.2005421573864221,1,1,0,0,0,0,0,0,1,0.30629623895901076,-0.9063477061396805,0.36685612551410457,1,0,0,0,1,0,0,0,0,0,0,1
1,0,1,1,1.124412022576205,1,1,0,0,0,0,0,0,0,-1.362396819142116,-0.34451779673065186,-1.3198689432356365,0,1,1,0,1,0,0,0,0,1,0,0
1,0,0,0,-0.3439800910844016,1,1,1,0,0,0,0,0,1,-0.3076097814191705,-0.391036645221692,-0.21789935192406518,0,0,0,0,0,0,0,1,0,0,0,1
0,0,1,1,1.613876060463074,1,1,1,1,0,1,0,0,0,0.06173205197908502,1.085502808890467,0.0392531237486499,0,0,0,1,1,0,0,0,0,0,1,0
0,0,1,1,1.613876060463074,1,0,1,1,1,0,0,1,0,0.12828013006886077,1.1417121685692957,0.09812684009795669,0,0,0,1,1,0,0,0,0,0,1,0
0,0,0,0,-0.3439800910844016,1,1,0,0,0,0,0,0,0,-1.3224679722882509,-0.7635170423740874,-1.3883079123272308,0,1,0,1,1,0,0,1,0,0,0,0
1,0,1,1,0.3902159657459017,0,0,1,0,1,1,1,0,0,-0.5571650742558296,-0.11339580880965056,-0.5482675047813195,0,0,0,1,1,0,0,0,1,0,0,0
0,0,1,1,-0.3439800910844016,1,0,0,0,0,0,0,0,1,-1.4572278304200468,-0.7909185558688095,-1.4744089963236178,0,1,0,1,1,0,0,1,0,0,0,0
1,0,1,1,1.613876060463074,1,1,1,1,1,1,1,1,1,1.6339303968500374,2.5502202788324886,1.5733990622536314,1,0,0,1,0,1,0,0,0,0,1,0
0,1,1,0,-0.5071347703800245,1,0,0,1,0,0,0,1,1,-0.16286771157390817,-0.4530910751407744,-0.06507165399495382,0,0,0,0,0,1,0,1,0,0,0,0
0,0,0,1,-1.1597534875625164,1,0,0,0,0,0,0,0,0,-1.4805196577514683,-0.9650181480249319,-1.3689748702109614,0,1,0,0,1,0,0,0,0,0,0,0
1,0,0,0,-1.2005421573864221,1,0,0,1,1,0,0,1,0,0.8486630753906835,-0.888570781987932,0.8137255847158797,1,0,0,0,0,1,0,0,0,0,0,0
1,0,0,0,1.613876060463074,1,1,1,0,1,1,1,1,0,0.6456914372168673,1.6290503933374998,0.6085651830201326,0,0,0,1,1,0,0,0,0,0,1,0
0,0,1,0,-1.2821194970342338,1,0,0,0,0,0,0,0,1,0.13493493787783845,-0.9762468355917348,0.13320250222318886,1,0,0,0,0,1,0,0,0,0,0,1
1,0,0,0,1.4915100509913568,1,0,0,0,0,0,0,0,0,-1.4954929753216677,-0.3915640199802112,-1.4798216477111383,0,1,0,1,1,0,0,0,0,0,1,0
0,0,0,0,-0.7518667893234591,1,0,0,0,0,0,1,1,1,0.8286986519637506,-0.5103332103883698,0.5209680898123679,1,0,0,0,0,0,1,1,0,0,0,1
0,1,1,0,0.4717933053937132,1,1,0,0,1,1,1,1,0,1.306181112257892,0.9691947006887306,1.234319682132361,1,0,0,0,0,1,0,0,1,0,0,0
0,0,1,1,-0.9558101384429878,1,0,0,0,0,1,0,0,1,0.36452580728756456,-0.7219862801407072,0.2324454517533728,1,0,0,0,0,1,0,0,0,0,0,0
0,0,0,0,-1.2413308272103278,1,0,0,0,0,0,0,0,0,-1.5104662928918673,-0.9926833488989136,-1.6291423798327613,0,1,0,0,0,0,1,0,0,0,0,1
1,0,0,0,-1.2821194970342338,1,0,0,0,0,0,0,0,1,-0.6586508933427375,-0.9867284089173021,-0.6572427340162923,0,0,0,0,0,0,0,0,0,0,0,1
1,0,0,0,-1.2821194970342338,1,0,0,0,0,0,0,0,0,-0.6819427206741592,-0.9870360441931048,-0.680442384555816,0,0,0,0,0,0,1,0,0,0,0,1
1,0,1,1,1.5730873906391682,1,1,1,1,1,1,1,1,0,0.8453356714861945,1.7565871891060385,0.7829094157732063,0,0,0,1,1,0,0,0,0,0,1,0
0,1,0,0,-1.1597534875625164,1,0,0,0,0,0,1,0,1,0.46434792442222816,-0.8778694691796485,0.2740575233560104,1,0,0,0,0,1,0,0,0,0,0,1
0,0,1,1,1.5322987208152625,1,1,1,0,0,0,0,1,0,0.010157291459508899,0.9900699515467788,-0.000953027988525789,0,0,1,0,0,0,0,0,0,0,1,0
1,1,1,1,1.3283553716957337,1,1,1,1,0,0,0,0,1,0.6939387938319548,1.4934052106567293,0.7484776298285309,1,0,0,0,0,1,0,0,0,0,1,0
1,0,0,0,0.512581975217619,1,0,1,0,1,0,1,1,1,0.3678532111920536,0.4322173267749154,0.2591802871370144,0,0,0,0,0,1,0,0,1,0,0,0
0,0,1,1,-0.7926554591473648,1,0,0,0,0,0,1,1,0,0.7804512953486631,-0.4691540313273357,0.9654580976767563,1,0,0,0,0,1,0,1,0,0,0,1
1,0,0,0,-0.3439800910844016,1,0,1,0,0,0,0,0,1,-0.5105814195929866,-0.4746035704986998,-0.48048349181039846,0,0,0,0,0,0,0,1,0,0,0,1
1,0,1,0,1.613876060463074,1,0,1,1,0,1,1,1,1,0.4809849439446721,1.5218834476167615,0.49631846111412437,0,0,0,1,0,0,0,0,0,0,1,0
0,0,0,0,-1.2821194970342338,1,1,0,1,0,0,1,1,1,1.1764123599828291,-0.9624911439736945,1.1705583049190278,1,0,0,0,1,0,0,0,0,0,0,1
0,0,0,0,-0.8334441289712705,1,0,0,0,0,0,0,0,0,-1.5038114850828896,-0.8918888481769481,-1.431392977614918,0,1,1,0,0,0,1,0,0,0,0,0
0,0,1,1,1.0428346829283937,0,0,1,0,1,1,1,1,0,-0.17118622133513015,0.5862766781073113,-0.08093712929618206,0,0,0,1,0,0,1,0,0,1,0,0
0,0,1,0,-0.6295007798517418,1,1,1,0,0,0,0,0,0,0.46601162637447296,-0.41371375983801384,0.47788302452468184,1,0,0,0,0,1,0,1,0,0,0,0
1,0,0,1,-1.2821194970342338,1,0,0,0,0,0,0,0,1,-1.517121100700845,-0.9980669662254629,-1.5123155681873035,0,1,0,0,0,0,1,0,0,0,0,0
0,0,1,1,1.002046013104488,1,1,0,1,0,0,1,1,1,1.1880582736485397,1.4596752000597777,1.110931132918322,1,0,0,0,0,1,0,0,0,1,0,0
1,0,0,0,0.7981026639849592,1,0,0,0,1,0,0,1,1,0.6290544176944233,0.897010280616427,0.6086678676760615,1,0,0,0,1,0,0,0,0,1,0,0
1,0,1,0,1.124412022576205,0,0,0,1,1,1,1,1,1,-0.1562129037649305,0.567840535507414,-0.17314335942490072,0,0,0,0,0,0,0,0,0,1,0,0
0,0,1,1,0.8388913338088649,1,0,0,1,1,1,1,1,1,1.4426046723419321,1.601802697480679,1.559418215646864,1,0,0,0,0,0,0,0,0,1,0,0
0,0,1,1,-0.4255574307322131,1,1,0,0,0,0,0,0,0,-1.319140568383762,-0.7624622928570491,-1.3152691856827785,0,1,0,1,1,0,0,1,0,0,0,0
0,0,0,0,0.9204686734566764,1,1,0,0,0,0,0,0,1,0.27302219991412285,0.8150474535632481,0.34570527528196743,1,0,0,0,0,1,0,0,0,1,0,0
0,0,1,1,0.7981026639849592,1,1,1,1,1,0,0,1,0,1.1065368779885647,1.1879453557328044,1.030595578037726,1,0,0,0,0,0,0,0,0,1,0,0
1,0,0,0,-1.2413308272103278,1,0,1,1,0,0,0,0,1,-0.3675030516999686,-0.959019260146777,-0.3597900717416867,0,0,0,0,0,0,1,0,0,0,0,1
0,0,1,0,0.8388913338088649,1,0,1,1,1,0,1,1,1,1.371065488395423,1.5291348505463993,1.4560203122314939,1,0,1,0,0,0,0,0,0,1,0,1
1,0,1,1,0.4717933053937132,1,1,0,0,0,0,0,0,0,-1.3041672508135624,-0.518507519145416,-1.3154951563049169,0,1,1,0,0,0,1,0,1,0,0,0
1,0,0,0,-0.05845940231706142,1,0,0,1,1,0,1,1,1,1.2146775048844503,0.3750191394238632,1.208939293599622,1,0,0,0,0,1,0,0,1,0,0,0
1,0,1,1,1.3691440415196396,0,0,0,0,0,1,1,1,0,-0.47730738054809874,0.4721000428879234,-0.46243094988624533,0,0,0,1,0,0,0,0,0,0,1,0
1,0,1,1,1.0428346829283937,1,1,0,0,0,0,1,0,0,0.5857981669360691,1.1152775087985252,0.6068810814039288,1,0,0,1,0,0,0,0,0,1,0,0
1,1,0,0,-0.8334441289712705,1,1,0,0,1,0,1,1,1,1.1497931287469187,-0.4791082298943839,1.1626869949145466,1,0,0,0,0,1,0,0,0,0,0,1
0,0,1,1,-0.8742327987951762,1,0,0,0,0,0,0,0,0,-1.4638826382290244,-0.9176423155512982,-1.5424449844723989,0,1,0,1,1,0,0,0,0,0,0,0
0,0,0,0,0.5941593148654305,1,0,0,0,0,0,0,0,0,-1.4888381675126903,-0.5467660166227318,-1.4142282918940594,0,1,0,1,0,0,1,0,1,0,0,0
0,0,0,0,-1.2821194970342338,1,0,0,0,0,0,0,0,1,-0.6919249323876254,-0.9871678878827347,-0.6903850919298974,0,0,0,0,0,1,0,0,0,0,0,1
0,1,1,0,-0.6702894496756475,1,1,0,0,0,0,0,1,1,0.6806291782139994,-0.4021994109436799,0.6965190168859953,1,0,0,0,1,0,0,1,0,0,0,1
1,0,0,0,0.7165253243371477,1,0,0,0,0,0,0,0,0,-1.4888381675126903,-0.5718822394972046,-1.4963740940308594,0,1,1,0,1,0,0,0,0,1,0,0
0,0,1,0,1.613876060463074,1,1,1,1,1,1,0,0,1,1.0682717330869433,2.1155975559679248,1.1181749669944683,1,0,0,1,0,0,0,0,0,0,1,0
0,0,0,0,0.3086386260980903,1,1,0,0,1,1,1,1,1,0.5275685986075154,0.40358527217698187,0.5065925920673421,0,0,1,0,0,0,1,0,1,0,0,0
1,0,1,1,0.10469527697856156,1,1,0,1,1,1,1,1,1,1.4991705387182415,0.6557363285939329,1.4296841975778287,1,0,0,0,0,1,0,0,1,0,0,0
0,0,0,0,1.5322987208152625,1,1,1,1,1,1,1,1,0,0.8270349500115063,1.7917015584441027,0.8626657999016363,0,0,0,1,1,0,0,0,0,0,1,0
0,1,1,1,0.6349479846893362,0,0,0,1,0,0,0,0,0,-1.1644162868250334,-0.39622249701379664,-1.193078710242401,0,0,1,0,0,0,0,0,1,0,0,0
0,0,0,0,1.3691440415196396,0,0,1,1,1,1,0,0,1,-0.5821206035394955,0.38978563266239835,-0.5564849443895521,0,0,0,1,0,0,1,0,0,0,1,0
0,0,1,0,1.450721381167451,1,1,1,1,1,1,1,1,1,0.8919193261490377,1.816971598956477,0.9793561430145091,0,0,0,1,0,1,0,0,0,0,1,0
1,0,0,0,-1.1597534875625164,1,0,0,0,0,0,0,1,1,0.4992856654193608,-0.8640258817685217,0.5350535919256504,1,0,0,0,0,1,0,0,0,0,0,1
1,0,1,0,0.10469527697856156,1,0,1,1,1,0,0,0,0,-0.1295936725290203,-0.07026094835244148,-0.13458774971874035,0,0,0,0,0,0,1,0,1,0,0,0
0,0,1,0,1.5730873906391682,1,1,0,1,1,1,1,1,1,0.6124173981719794,1.5839598514841153,0.5995528215694865,0,0,0,1,1,0,0,0,0,0,1,0
0,0,1,1,-0.09924807214096716,1,0,0,0,1,1,1,0,1,-0.013134535871912711,-0.13411724202979733,0.04112198448655599,0,0,1,0,0,1,0,0,1,0,0,0
0,0,1,1,1.613876060463074,1,1,1,1,1,1,0,1,0,1.4159854411060218,2.3591128507141255,1.3732330297712543,1,0,0,1,1,0,0,0,0,0,1,0
0,0,1,0,0.10469527697856156,1,0,1,0,0,0,1,0,1,-0.09132852762739928,-0.03290523629067096,-0.05409916621427105,0,0,1,0,0,0,0,0,1,0,0,0
0,0,1,1,-0.6295007798517418,1,1,1,0,1,0,1,0,0,0.9817592315702351,-0.30021831701504637,0.981354432241653,1,0,0,0,0,1,0,1,0,0,0,1
0,0,1,1,-0.017670732493155674,1,1,0,1,1,0,0,0,0,-0.08134631591393278,-0.10757271251766867,-0.033389631226916815,0,0,0,0,0,0,0,0,1,0,0,0
0,0,0,0,-0.8742327987951762,1,1,0,0,1,0,1,1,1,1.193049379505273,-0.5100475490608386,1.2519077288887857,1,0,0,0,0,1,0,0,0,0,0,1
0,0,1,0,0.7165253243371477,1,1,1,1,0,1,1,1,0,1.4525868840553984,1.459235721094345,1.567073474997399,1,0,1,0,0,1,0,0,0,1,0,1
1,0,1,0,0.18627261662637304,1,1,1,0,0,0,0,0,1,-0.3275742048461033,-0.11407700120607106,-0.33294028313465124,0,0,0,0,0,0,1,0,1,0,0,0
0,0,1,1,1.2059893622240165,1,0,1,0,1,0,0,0,0,-0.3375564165595695,0.498820363986225,-0.3209279843171855,0,0,1,0,1,0,0,0,0,0,1,0
0,1,0,0,1.287566701871828,1,1,0,1,1,1,0,1,0,0.32459696043369946,1.1334279900708915,0.36962661949594516,0,0,0,0,1,0,0,0,0,0,1,0
1,0,0,0,1.287566701871828,1,1,1,1,1,1,1,0,0,0.5442056181299593,1.4402722037359288,0.7311890303596805,0,0,1,0,0,1,0,0,0,0,1,0
1,0,0,0,-0.4255574307322131,1,0,0,1,1,1,0,1,1,1.0000599530449232,-0.06483338312934878,1.0761025848652535,1,0,0,0,0,0,0,1,0,0,0,0
1,0,1,0,-0.46634610055611886,1,0,0,0,0,0,1,0,0,-0.3425475224163027,-0.5120471783535568,-0.3761639747585273,0,0,0,0,0,0,0,1,0,0,0,0
0,0,1,1,-0.017670732493155674,1,0,1,1,1,1,0,1,0,0.37949912485776416,0.05002444448645972,0.33801191714242024,0,0,0,0,0,0,0,0,1,0,0,0
0,0,1,1,-0.1400367419648729,1,0,0,0,0,0,1,1,1,0.7621505738739748,0.14565506736459222,0.8442775054592262,1,0,0,0,1,0,0,0,1,0,0,0
1,1,1,0,1.287566701871828,1,1,0,0,0,0,0,0,0,-1.305830952765807,-0.2415039272332518,-1.2504909406698232,0,1,0,1,1,0,0,0,0,0,1,0
0,0,0,0,0.9612573432805821,0,0,0,0,0,0,1,1,1,-0.6669694031039595,0.12069266212802077,-0.6339543093037862,0,0,0,0,1,0,0,0,0,1,0,0
1,0,0,0,1.613876060463074,1,1,0,1,1,0,1,1,1,1.332800343493802,2.3090122486548097,1.3207576297413797,1,0,1,0,0,1,0,0,0,0,1,0
1,1,1,0,-1.0373874780907992,1,1,1,1,0,1,0,0,0,-0.02311674758537898,-0.7977964016778297,0.09698263964617763,0,0,0,0,0,1,0,0,0,0,0,0
1,0,0,0,-1.2821194970342338,1,0,0,0,0,0,0,0,1,0.1815185925406812,-0.975631565040129,0.17960180330223569,1,0,0,0,0,1,0,0,0,0,0,0
0,1,0,0,-0.5887121100278361,1,0,0,1,0,0,0,0,1,-0.5005992078795201,-0.6260699959350434,-0.5579077223807927,0,0,0,0,1,0,0,1,0,0,0,0
0,0,0,0,-1.2821194970342338,1,0,1,1,0,0,0,0,1,-0.3325653107028364,-0.9824215150560626,-0.3324476264629626,0,0,0,0,0,1,0,0,0,0,0,1
0,1,0,0,0.18627261662637304,1,1,1,1,0,0,1,1,1,1.3926936137746002,0.7763073827603651,1.4818277474859942,1,0,0,0,0,0,0,0,1,0,0,1
0,0,0,0,-1.1189648177386107,1,0,0,0,0,0,1,0,0,0.5092678771328271,-0.8376791177908377,0.39502712974066867,1,0,0,0,0,1,0,0,0,0,0,0
1,0,1,1,-1.1597534875625164,0,0,1,0,0,0,1,0,0,-0.8765958490867533,-0.9379462437542841,-0.8585825583414433,0,0,0,0,1,0,0,0,0,0,0,0
0,0,1,1,0.3086386260980903,1,1,0,1,1,0,1,0,1,1.046643607707766,0.714187030996468,1.0921766284533518,1,0,0,0,1,0,0,0,1,0,0,0
0,0,1,1,-0.5887121100278361,1,0,1,1,0,1,0,0,1,-0.11295665300657635,-0.5286375092986373,-0.14970434741155672,0,0,1,0,0,0,1,1,0,0,0,0
1,0,1,1,0.2678499562741845,0,0,0,0,0,0,0,0,1,-1.319140568383762,-0.5900327207695707,-1.3465612884168245,0,0,1,0,1,0,0,0,1,0,0,0
1,0,1,1,0.9204686734566764,1,0,1,1,0,1,0,0,0,-0.24438910723388357,0.33227981003554347,-0.31623800050158113,0,0,0,1,0,0,0,0,0,1,0,1
0,0,1,0,1.124412022576205,1,0,1,1,0,1,0,0,0,-0.16785881743064132,0.5243540918778586,-0.22780063135075462,0,0,0,1,0,0,0,0,0,1,0,0
1,0,0,0,-1.078176147914705,1,0,0,0,0,0,0,0,0,-1.4738648499424907,-0.9553056628888715,-1.507896587132156,0,1,1,0,0,0,1,0,0,0,0,0
1,0,0,0,-1.2821194970342338,1,0,0,0,0,0,0,0,0,-1.5038114850828896,-0.99789117463929,-1.4990586250218612,0,1,0,0,0,0,1,0,0,0,0,1
1,0,1,1,-0.30319142126049586,1,0,1,0,0,1,0,0,0,-0.3525297341297692,-0.4366325878853237,-0.4328026862253588,0,0,0,0,0,1,0,0,1,0,0,0
0,0,1,0,-0.5479234402039304,1,0,0,0,1,0,1,1,1,1.0616169252779657,-0.24051509956102848,0.8884993957279781,1,0,0,0,0,1,0,1,0,0,0,0
0,1,1,0,1.613876060463074,1,1,0,1,1,0,1,1,1,1.3594195747297124,2.346609674147568,1.360137195290115,1,0,1,0,1,0,0,0,0,0,1,0
0,0,1,1,0.9204686734566764,1,0,0,0,0,0,0,0,0,-1.4838470616559571,-0.5323291326082711,-1.501740143071235,0,1,0,1,0,0,1,0,0,1,0,0
0,0,1,1,1.5322987208152625,1,1,1,0,0,1,1,1,1,0.522577492750782,1.3930941367967395,0.4332355337924963,0,0,0,1,0,0,0,0,0,0,1,0
0,0,1,0,1.613876060463074,0,0,1,1,1,1,1,1,0,0.02013950317297517,1.1555557559804224,0.11262662168515891,0,0,0,1,0,0,0,0,0,0,1,0
1,0,1,1,0.7165253243371477,1,0,0,1,1,1,1,1,1,1.281225582974226,1.2947387443329248,1.3189697836561511,1,0,1,0,0,0,0,0,0,1,0,0
1,0,1,1,0.512581975217619,1,1,0,1,1,0,1,1,0,0.46102052051773956,0.5758610266265589,0.499904280116166,0,0,1,0,1,0,0,0,1,0,0,0
1,0,1,0,-0.9558101384429878,1,0,0,0,1,0,1,1,1,0.17153638082721492,-0.7585069821681557,-0.07356898631558079,0,0,0,0,0,0,1,0,0,0,0,0
0,0,1,0,0.9612573432805821,1,1,1,0,0,0,1,1,1,1.1015457721318314,1.3097689249507198,0.9673246315702424,1,0,1,0,0,1,0,0,0,1,0,0
1,0,0,0,-0.3439800910844016,1,0,0,0,0,1,0,0,1,-0.45900665907341026,-0.4485864157450903,-0.3987323422901728,0,0,0,0,1,0,0,1,0,0,0,0
1,0,1,1,-0.46634610055611886,1,1,1,1,0,1,1,0,0,0.4194279717116297,-0.2923955914303462,0.41262414358527344,0,0,1,0,0,0,1,1,0,0,0,1
1,0,1,1,-0.09924807214096716,1,1,1,0,0,0,0,0,1,-0.34753862827303583,-0.30834867787554937,-0.396854275341735,0,0,0,0,0,0,0,0,1,0,0,0
0,0,1,1,-0.3439800910844016,1,1,1,1,0,0,1,1,0,0.449374606852029,-0.2012476539996261,0.3784559507838666,0,0,1,0,0,1,0,1,0,0,0,0
1,0,0,0,0.3086386260980903,0,0,0,1,0,1,0,0,0,-0.9614446486512173,-0.39879344896157726,-1.0061489069517697,0,0,1,0,1,0,0,0,1,0,0,0
1,0,0,0,-1.2821194970342338,1,0,0,0,0,0,0,0,0,-0.6519960855337601,-0.9866405131242154,-0.6506142624335715,0,0,0,0,0,1,0,0,0,0,0,1
1,0,1,1,1.3691440415196396,1,0,1,1,1,1,1,0,1,0.3395702780038986,1.1965591434552834,0.36534965469984976,0,0,1,0,0,1,0,0,0,0,1,0
0,1,0,0,0.9612573432805821,1,1,0,1,1,1,1,0,1,1.1647664463171183,1.5012499101897012,1.2251840126944875,1,0,0,1,0,0,0,0,0,1,0,0
1,0,1,0,1.0836233527522994,1,1,1,1,1,0,1,1,1,1.505825346527219,1.8272334327993283,1.4701315163652242,1,0,1,0,0,1,0,0,0,1,0,1
0,0,0,0,0.9612573432805821,1,0,1,0,1,1,0,0,1,-0.1545492018126862,0.43615066351553705,-0.20914030018975507,0,0,1,0,1,0,0,0,0,1,0,0
0,0,1,0,-0.3439800910844016,1,1,0,0,1,0,0,0,1,0.49096715565813887,-0.1589258296284673,0.5114396619122066,1,0,0,0,0,0,1,1,0,0,0,0
1,0,1,0,-0.7518667893234591,1,0,0,0,1,0,0,0,0,-0.4889532942138093,-0.7126034042287214,-0.5685869265973988,0,0,0,0,1,0,0,1,0,0,0,0
0,0,1,1,1.0428346829283937,1,0,0,0,0,0,0,0,0,-1.4838470616559571,-0.4964237011324281,-1.488687352674759,0,1,0,1,1,0,0,0,0,1,0,0
1,0,0,0,-0.18082541178877864,1,1,1,1,0,0,0,1,1,0.9850866354747237,0.16220145041312942,0.995850732488738,1,0,0,0,1,0,0,0,1,0,0,1
1,0,1,0,1.450721381167451,1,0,1,1,1,0,0,1,0,0.2014830159676142,1.0772186303920623,0.1589609377486889,0,0,0,1,0,0,0,0,0,0,1,0
0,0,0,0,-0.8334441289712705,1,0,0,0,0,0,0,0,0,-0.7019071441010919,-0.7688127639075502,-0.6579331998061589,0,0,0,0,0,0,0,0,0,0,0,0
0,1,1,1,-0.05845940231706142,1,0,0,0,1,1,1,1,1,1.1314924072722305,0.2729062018056,0.9605319754955532,1,0,0,0,0,1,0,0,1,0,0,1
0,0,0,0,0.5941593148654305,0,0,1,0,1,1,0,0,0,-0.7651278182863789,-0.18241598033083947,-0.8296182529946065,0,0,0,1,0,0,1,0,1,0,0,0
1,0,1,0,1.002046013104488,1,1,1,1,1,1,1,0,1,1.269579669308515,1.597693569153884,1.293533896124773,1,0,0,0,0,1,0,0,0,1,0,0
0,0,1,1,0.4310046355698075,1,0,1,0,1,0,1,1,0,0.3428976819083877,0.4236694608972514,0.3563353537578087,0,0,0,1,0,0,0,0,1,0,0,0
1,0,1,1,-1.0373874780907992,1,0,1,0,0,0,1,1,0,0.15989046716150437,-0.7797118422502785,0.2918123579525843,0,0,0,0,1,0,0,0,0,0,0,0
0,0,0,0,-0.915021468619082,1,1,0,0,0,0,0,0,1,-1.3440960976674279,-0.8878236677466966,-1.2566222768838402,0,1,0,0,0,0,1,0,0,0,0,0
1,0,0,0,-1.2821194970342338,1,0,0,0,0,0,0,0,1,-1.492165571417179,-0.9977373570013884,-1.4874587997520996,0,1,0,0,0,0,1,0,0,0,0,0
1,0,0,0,-1.1597534875625164,0,0,0,0,1,0,0,0,1,-1.1727347965862553,-0.9544706528545496,-1.1701207227293309,0,0,0,0,0,1,0,0,0,0,0,1
1,0,1,0,0.512581975217619,1,1,1,0,1,0,0,0,1,0.6540099469780892,0.6256539934100717,0.583349372374198,1,0,0,0,0,0,1,0,1,0,0,0
0,0,0,0,-1.2821194970342338,1,0,0,0,0,0,0,0,0,-1.4705374460380018,-0.9974516956738574,-1.4659162671082562,0,1,0,0,0,1,0,0,0,0,0,0
0,0,1,0,0.6349479846893362,1,1,0,0,1,1,0,1,1,0.154899361304771,0.5033250233819091,0.22020119174640218,0,0,1,0,0,0,1,0,1,0,0,0
1,0,0,0,-0.05845940231706142,1,0,0,1,0,1,0,0,1,0.4510383088042733,0.06364829241487015,0.45147604902577715,1,0,0,0,0,1,0,0,1,0,0,1
1,0,0,0,0.7573139941610534,1,1,0,1,0,0,0,0,0,0.5358871083687373,0.7890522727579103,0.5031621955607449,1,0,0,0,0,0,0,0,0,1,0,0
1,0,1,1,-0.6295007798517418,1,0,0,0,0,0,0,0,1,0.13659863983008275,-0.5013019176487299,0.08933761674929964,1,0,0,0,0,1,0,1,0,0,0,1
1,0,1,1,-0.9558101384429878,1,1,0,0,1,0,1,0,1,0.8469993734384388,-0.6690730127026228,0.6758165509531564,1,0,1,0,0,1,0,0,0,0,0,0
1,0,0,0,1.4099327113435454,1,1,1,1,1,1,1,1,1,1.7786724666952995,2.4232108578224687,1.708453827236254,1,0,1,0,0,0,0,0,0,0,1,1
1,0,0,0,-1.1189648177386107,1,1,0,0,0,0,0,0,1,0.3661895092398093,-0.8493253103748014,0.21937263279856187,1,0,0,0,0,0,0,0,0,0,0,1
1,0,1,1,-0.46634610055611886,1,1,0,1,1,0,1,1,0,1.3144996220191139,-0.058175276803045135,1.253729841206979,1,0,0,0,0,1,0,1,0,0,0,1
0,1,1,0,1.5730873906391682,1,1,1,1,1,1,0,1,1,0.5924529747450468,1.5561408329722322,0.5700047757113005,0,0,0,1,0,0,0,0,0,0,1,0
0,0,1,1,-1.078176147914705,1,1,0,0,0,1,0,0,1,0.5192500888462934,-0.785556912490532,0.625642703556171,1,0,0,0,0,1,0,0,0,0,0,1
1,0,1,1,-1.2005421573864221,1,0,1,1,0,0,1,0,0,0.8303623539159949,-0.8973823352448556,0.592224159326619,1,0,0,0,0,1,0,0,0,0,0,0
0,0,0,0,0.3902159657459017,1,0,0,1,1,1,1,1,1,1.294535198592181,0.89529631265124,1.2628834448212134,1,0,0,0,0,0,0,0,1,0,0,0
1,0,0,0,-0.915021468619082,1,1,0,0,0,0,0,0,1,-1.3607331171898718,-0.9069849506395578,-1.4011229573871582,0,1,0,0,0,1,0,0,0,0,0,0
0,0,1,0,-0.09924807214096716,1,0,0,0,0,0,0,0,0,-1.5054751870351342,-0.718316630779345,-1.427415894665285,0,1,0,0,0,0,0,0,1,0,0,1
1,1,0,0,0.6757366545132419,1,1,0,0,0,0,1,1,1,1.0416525018510332,1.0670227183940262,1.0393416225672036,1,0,0,0,0,1,0,0,0,1,0,1
0,1,0,0,0.10469527697856156,1,1,1,1,1,0,1,1,1,1.4459320762464207,0.6310156367883495,1.3764196937881061,1,0,1,0,0,1,0,0,1,0,0,0
1,0,0,1,1.2059893622240165,1,0,0,0,0,0,0,0,0,-1.4938292733694234,-0.4571562555710259,-1.4837169206328218,0,1,0,1,0,0,0,0,0,0,1,0
1,0,0,0,-1.2413308272103278,1,1,0,1,0,0,0,0,1,0.5691611474136252,-0.9253991192911835,0.9079051184537076,1,0,0,0,0,1,0,0,0,0,0,1
0,0,0,0,-1.1189648177386107,1,1,0,0,0,0,0,0,0,-1.3124857605747844,-0.94732911966627,-1.2587765301482243,0,1,0,0,0,0,1,0,0,0,0,0
0,0,1,1,-1.2413308272103278,0,0,0,1,0,0,0,0,1,-1.1527703731593226,-0.9785321262119842,-1.0955504174237194,0,0,0,0,0,0,1,0,0,0,0,0
0,0,0,0,-0.5071347703800245,1,0,0,0,0,0,0,0,0,-1.5104662928918673,-0.8293729653441616,-1.4838959962763871,0,1,1,0,0,0,1,1,0,0,0,0
1,0,0,0,-1.2821194970342338,1,0,0,0,0,0,1,1,1,0.7804512953486631,-0.9677209436623424,0.7761642457471271,1,0,0,0,0,1,0,0,0,0,0,1
1,0,0,0,-1.2821194970342338,1,0,0,0,1,0,1,0,1,0.6639921586915555,-0.9692591200413565,0.6601659930495093,1,0,0,0,0,1,0,0,0,0,0,1
0,0,1,1,0.9204686734566764,1,0,0,0,0,0,0,0,0,-1.4938292733694234,-0.5287254050917238,-1.4967989188004793,0,1,0,0,1,0,0,0,0,1,0,0
1,0,0,0,-0.46634610055611886,1,0,0,0,0,0,0,0,0,-1.4771922538469795,-0.8295048090337914,-1.5161821766105572,0,1,0,0,1,0,0,1,0,0,0,0
0,0,0,0,-0.8742327987951762,1,0,0,0,0,0,0,0,0,-1.4838470616559571,-0.8983052410722641,-1.4098755528179785,0,1,0,0,0,0,0,0,0,0,0,0
0,0,0,0,-1.2821194970342338,1,0,0,1,1,0,0,0,1,0.5791433591270915,-0.9703797914032094,0.5756529803698165,1,0,0,0,0,1,0,0,0,0,0,1
0,0,0,0,1.3691440415196396,1,1,1,1,1,1,1,0,1,1.3194907278758468,1.972700970357517,1.2521839152047325,1,0,1,0,0,0,0,0,0,0,1,0
0,1,0,0,0.5533706450415247,1,1,1,1,1,0,1,1,1,1.5008342406704858,1.135823150432499,1.3602622796723367,1,0,1,0,0,1,0,0,1,0,0,1
0,0,0,0,1.2467780320479223,1,1,1,1,1,1,0,1,1,0.5125952810373157,1.1888023397153984,0.4759365685837242,0,0,0,1,1,0,0,0,0,0,1,0
1,0,0,1,-0.7518667893234591,1,0,0,0,0,0,0,0,0,-1.4954929753216677,-0.8885927559362037,-1.5165767284904812,0,1,0,0,0,0,1,1,0,0,0,0
1,0,0,0,-0.8334441289712705,1,1,0,0,0,0,1,0,1,0.6506825430736006,-0.5408989724342067,0.7743690346934737,1,0,0,0,0,1,0,0,0,0,0,1
1,1,1,0,1.002046013104488,1,1,0,1,1,0,0,1,1,1.0100421647583897,1.3785254090926493,1.0035673366245126,1,0,0,0,0,0,0,0,0,1,0,1
1,0,0,0,-0.915021468619082,1,0,0,0,0,0,0,0,1,-0.6436775757725381,-0.8296146787751496,-0.8176517463181407,0,0,0,0,0,1,0,0,0,0,0,1
0,0,0,0,0.3902159657459017,1,0,0,0,1,1,0,1,0,0.05341354221786305,0.207621601490588,0.02813333659946196,0,0,0,1,1,0,0,0,1,0,0,0
1,0,1,0,1.5322987208152625,1,1,1,1,1,1,1,0,0,0.4743301361356949,1.4266263818592466,0.46936070391832596,0,0,0,1,0,0,1,0,0,0,1,0
0,0,1,0,1.124412022576205,1,0,1,0,0,1,1,1,1,1.074926540895921,1.4596971740080493,0.9478140411080069,1,0,0,1,0,1,0,0,0,1,0,0
0,0,0,0,-1.2821194970342338,1,0,1,1,0,1,0,0,1,0.6157448020764684,-0.9698963645412336,0.6121095740747823,1,0,0,0,0,0,1,0,0,0,0,0
1,0,1,1,-0.38476876090830736,1,0,0,0,0,0,0,0,0,-1.4638826382290244,-0.8070254599519142,-1.497761750146981,0,1,0,1,0,0,1,1,0,0,0,0
0,0,0,0,-0.26240275143659014,1,0,1,0,1,1,0,1,1,1.0300065881853222,0.08131534682526036,1.0033806033663617,1,0,1,0,0,0,0,0,1,0,0,0
0,0,0,0,0.3086386260980903,1,1,0,1,1,0,1,0,1,0.9484851925253472,0.6443098754926855,0.9604357557467714,1,0,0,0,0,0,0,0,1,0,0,0
0,1,1,0,1.613876060463074,1,1,1,1,0,0,1,1,1,1.3960210176790888,2.3675068989538874,1.3820249608288908,1,0,1,0,0,0,0,0,0,0,1,0
0,1,0,0,-0.7110781194995532,1,1,0,1,0,0,1,0,0,0.8020794207278403,-0.44036815909150073,0.6945235707532802,1,0,0,0,1,0,0,1,0,0,0,0
0,0,0,0,-0.4255574307322131,1,0,1,0,0,0,0,0,1,-0.5022629098317647,-0.545513501571249,-0.5715998682259085,0,0,0,0,0,1,0,1,0,0,0,0
1,0,0,0,-1.2413308272103278,1,1,0,0,0,0,0,1,0,-0.09465593153188812,-0.954558548647636,-0.19159260533014105,0,0,0,0,0,0,0,0,0,0,0,1
0,0,0,0,0.349427295921996,1,1,0,0,1,1,0,1,1,0.12328902421212741,0.25785404723953365,0.17370084689322812,0,0,1,0,0,1,0,0,1,0,0,0
0,0,1,1,0.2678499562741845,1,1,0,1,1,1,0,0,1,0.8203801422025286,0.5203987811889653,0.8006386023602508,1,0,1,0,0,1,0,0,1,0,0,1
0,1,1,0,1.5730873906391682,1,0,0,1,1,0,1,1,1,1.1414746189856968,2.1637424766310653,1.215370507168409,1,0,0,1,0,1,0,0,0,0,1,0
0,0,1,0,1.0836233527522994,1,1,0,0,1,1,1,0,0,0.9468214905731025,1.3607045370443573,0.873821854616284,1,0,0,0,0,1,0,0,0,1,0,0
0,0,0,0,-0.5887121100278361,1,1,0,0,1,1,0,1,1,1.0033873569494118,-0.26848793571081303,0.9402189174194728,1,0,0,0,0,0,0,1,0,0,0,0
1,0,1,1,-0.7926554591473648,1,0,0,0,0,0,0,0,1,-1.4988203792261565,-0.8958002109692983,-1.5095112148253829,0,1,0,0,0,0,1,1,0,0,0,0
0,0,0,0,-1.2821194970342338,1,0,0,0,1,0,0,0,1,0.33291547019492146,-0.9736319357474107,0.33039953180913917,1,0,0,0,0,1,0,0,0,0,0,1
0,1,1,0,-1.2821194970342338,1,1,0,1,0,0,1,0,1,0.8553178831996607,-0.966732115990119,0.8507345510527385,1,0,0,0,0,1,0,0,0,0,0,1
1,0,1,0,1.613876060463074,1,1,1,1,0,1,1,1,1,1.4658964996733537,2.4543479425233685,1.472982320880674,1,0,0,1,1,0,0,0,0,0,1,0
1,0,0,0,1.2467780320479223,1,1,1,1,1,1,0,0,0,0.21978373744230245,1.0046386792508697,0.25548728154092687,0,0,1,0,0,1,0,0,0,0,1,0
1,0,0,0,-1.2413308272103278,1,1,0,1,0,0,0,0,1,-0.34920233022528036,-0.956404360302453,-0.26119155694871177,0,0,0,0,0,0,1,0,0,0,0,1
0,0,1,1,-0.1400367419648729,1,0,0,0,0,0,0,0,0,-1.4871744655604457,-0.7609680643745783,-1.5133441241225531,0,1,0,1,0,0,1,0,1,0,0,0
0,0,1,0,1.5730873906391682,1,0,1,0,1,1,1,1,0,0.5641700415568919,1.5971002725505499,0.6135099553950752,0,0,0,1,0,0,0,0,0,0,1,0
1,0,0,0,-0.6702894496756475,1,0,0,0,0,0,0,0,0,-1.5287670143665555,-0.8629271843549402,-1.4750304155344978,0,1,0,1,1,0,0,1,0,0,0,0
0,0,0,0,-1.2821194970342338,1,0,0,0,0,0,0,0,0,0.18650969839741458,-0.9755656431953141,0.18457315698927662,1,0,0,0,0,1,0,0,0,0,0,1
0,0,1,1,0.2270612864502788,1,0,0,0,0,0,0,0,0,-1.4838470616559571,-0.6772253475113975,-1.4984044995367243,0,1,1,0,0,0,1,0,1,0,0,0
1,0,1,1,1.5322987208152625,1,1,1,1,1,1,1,1,0,1.6588859261337032,2.439976980353723,1.5610699735924771,1,0,0,1,1,0,0,0,0,0,1,0
0,0,0,0,0.18627261662637304,1,1,1,1,1,1,1,0,1,0.46601162637447296,0.30175799588624963,0.5146083400505682,0,0,0,0,1,0,0,0,1,0,0,0
1,0,0,0,-0.8334441289712705,1,0,0,1,0,1,0,0,1,-0.37083045560445743,-0.7214808793304597,-0.3604805375315535,0,0,0,0,0,0,1,0,0,0,0,0
1,0,1,1,1.613876060463074,1,1,1,1,1,1,1,1,1,0.7538320641127528,1.8338695651773598,0.8230929039317387,0,0,0,1,0,0,0,0,0,0,1,0
0,0,0,0,-0.915021468619082,1,0,1,0,0,0,1,0,1,0.6590010528348226,-0.6408804370701219,0.605646814281629,1,0,0,0,0,0,1,0,0,0,0,1
1,0,0,0,-0.30319142126049586,1,0,0,0,0,0,0,0,1,-1.4888381675126903,-0.7708343671485401,-1.440926929241398,0,1,0,0,0,0,1,0,1,0,0,0
0,0,0,0,-1.2821194970342338,0,0,0,0,0,0,0,1,0,-0.9930549857438609,-0.9911451725198995,-0.9903234310480235,0,0,0,0,0,0,1,0,0,0,0,1
1,0,1,1,0.6757366545132419,1,0,0,1,1,0,1,0,1,0.8486630753906835,0.968755221723298,0.8881042505369564,1,0,0,0,1,0,0,0,0,1,0,0
1,0,0,1,-1.2821194970342338,1,0,0,0,0,0,0,0,1,-1.5121299948441116,-0.9980010443806482,-1.5073442145002625,0,1,0,0,0,0,1,0,0,0,0,1
0,1,1,0,0.2270612864502788,1,0,1,0,0,0,0,1,1,0.6174085040287127,0.3765573158028773,0.5928782848117563,1,0,0,0,0,1,0,0,1,0,0,0
0,0,0,0,1.4915100509913568,1,1,1,0,1,1,1,1,1,0.6806291782139994,1.5852343404838698,0.6806998452351127,0,0,0,1,1,0,0,0,0,0,1,0
1,0,1,1,1.002046013104488,1,1,0,0,0,0,0,0,1,0.3129510467679884,0.7594313904877534,0.1844859402579249,1,0,0,0,0,1,0,0,0,1,0,0
1,0,0,0,-1.2821194970342338,1,0,0,1,0,0,0,0,0,-0.4689888707868768,-0.9842233788143362,-0.4683312939087435,0,0,0,0,0,1,0,0,0,0,0,1
1,0,1,1,0.512581975217619,1,0,0,0,0,0,0,0,0,-1.5204485046053335,-0.6093917691968765,-1.4863908793304388,0,1,0,1,0,1,0,0,1,0,0,0
0,0,0,0,-0.8334441289712705,1,0,0,0,1,1,0,1,1,0.8153890363457957,-0.52503378178209,0.8740722947502358,1,0,0,0,0,1,0,0,0,0,0,1
0,0,0,1,1.613876060463074,1,0,0,0,0,0,0,0,1,-1.5021477831306453,-0.3178853714254367,-1.4306564807723932,0,1,0,1,0,0,1,0,0,0,1,0
0,0,0,1,0.6349479846893362,0,0,0,1,1,0,0,1,0,-0.6436775757725381,-0.07997343348850178,-0.6962195278542717,0,0,0,0,1,0,0,0,1,0,0,0
1,0,1,0,-0.6295007798517418,1,0,0,0,0,0,0,0,1,0.18318229449292597,-0.4729994722748709,0.2148886667278975,1,0,0,0,0,0,0,1,0,0,0,1
1,0,1,1,1.613876060463074,1,1,1,1,1,1,1,1,1,1.587346742187194,2.5649428241744805,1.5888194648939895,1,0,0,1,1,0,0,0,0,0,1,0
0,0,1,1,0.5533706450415247,1,0,0,0,0,0,0,0,0,-1.5137936967963561,-0.5811991935643757,-1.4546406605572144,0,1,0,1,0,0,1,0,1,0,0,0
0,0,0,0,1.613876060463074,1,1,0,1,1,1,1,1,1,1.5540727031423063,2.514886170011708,1.5363900959167727,1,0,0,1,0,0,0,0,0,0,1,0
1,0,0,0,-1.078176147914705,1,0,0,1,0,0,1,0,0,-0.18116843304859642,-0.8493912322196163,-0.17667854426901866,0,0,0,0,0,1,0,0,0,0,0,0
1,1,1,0,1.002046013104488,1,1,0,0,1,0,1,1,0,1.1880582736485397,1.5187631469621898,1.189106396453133,1,0,0,0,0,1,0,0,0,1,0,1
1,0,0,0,-1.0373874780907992,1,0,0,0,1,1,1,0,0,-0.019789343680890383,-0.8105632656236466,-0.04055814569528363,0,0,0,0,0,0,0,0,0,0,0,0
1,0,0,1,0.023117937330750068,1,1,1,0,1,0,0,1,1,1.011705866710634,0.4328106233782494,1.1373155156178056,1,0,0,0,0,0,0,0,1,0,0,0
1,0,0,0,-1.1189648177386107,1,0,0,0,0,0,0,0,0,-1.4954929753216677,-0.9595026870087527,-1.4423851929895968,0,1,0,0,0,0,1,0,0,0,0,0
1,0,0,0,-1.2005421573864221,1,0,0,1,0,0,0,0,0,0.3179421526247218,-0.9093801110011654,0.29062870231281296,1,0,0,0,1,0,0,0,0,0,0,0
0,1,1,0,-0.5071347703800245,1,0,0,0,0,0,1,1,1,0.8686274988176161,-0.18933777403640284,0.9294476510975506,1,0,1,0,0,0,0,1,0,0,0,0
1,0,1,1,1.613876060463074,1,1,0,0,0,0,0,0,0,-1.327459078144984,-0.2423389372675737,-1.351529101253661,0,1,0,1,0,0,0,0,0,0,1,0
0,0,1,1,-1.2821194970342338,1,0,0,0,0,0,0,0,1,0.16321787106599295,-0.9758732784711168,0.16137350644975298,1,0,0,0,0,1,0,0,0,0,0,1
0,0,1,1,0.1454839468024673,1,0,0,0,0,0,0,0,0,-1.4855107636082014,-0.6910249870259809,-1.491003190806749,0,1,0,1,0,0,0,0,1,0,0,0
1,0,1,1,-0.5887121100278361,1,0,0,0,0,0,0,0,0,-1.492165571417179,-0.8545331361151776,-1.5150774313467703,0,1,1,0,0,0,0,1,0,0,0,0
1,0,0,0,1.613876060463074,1,1,1,1,1,1,1,1,0,0.901901537862504,1.908405197714728,0.9011615692393418,0,0,0,1,0,0,0,0,0,0,1,0
0,1,0,0,0.512581975217619,1,1,1,0,0,1,0,1,1,0.17153638082721492,0.33933344743073646,0.10352167946944903,0,0,0,0,0,1,0,0,1,0,0,0
1,0,1,0,-0.8742327987951762,1,1,0,1,0,0,0,0,1,0.5192500888462934,-0.6123802261618181,0.5503442706903362,1,0,0,0,0,0,0,0,0,0,0,1
0,0,0,0,1.2467780320479223,1,0,0,0,0,0,0,0,1,-1.4738648499424907,-0.4357975778510017,-1.468757040643708,0,1,0,1,0,0,1,0,0,0,1,0
1,0,0,0,1.3283553716957337,1,1,0,1,1,1,0,1,1,0.3096236428634998,1.105433179972835,0.2983534211188297,0,0,0,1,1,0,0,0,0,0,1,0
1,0,1,1,1.613876060463074,1,0,0,0,0,0,0,0,0,-1.4755285518947352,-0.376973318327849,-1.4925452310707847,0,1,0,1,0,1,0,0,0,0,1,0
0,0,0,0,-1.2821194970342338,1,0,0,0,0,0,0,0,1,0.18983710230190318,-0.9755216952987709,0.18788739278063696,1,0,0,0,0,1,0,0,0,0,0,1
0,0,0,0,-0.7926554591473648,1,0,0,0,0,0,0,0,0,-1.4871744655604457,-0.8864612829538556,-1.4553362066973745,0,1,1,0,0,0,1,1,0,0,0,0
0,0,1,0,1.3691440415196396,1,1,1,1,1,0,0,0,0,0.06672315783581839,0.9140840384234834,0.04258828274576405,0,0,0,1,0,0,0,0,0,0,1,0
0,1,1,0,1.5322987208152625,1,1,0,1,0,1,1,1,1,1.3161633239713582,2.2233358243437253,1.3276767545423114,1,0,0,1,0,0,0,0,0,0,1,0
1,0,1,1,1.3691440415196396,0,0,0,0,1,1,1,1,0,-0.3408838204640584,0.5896386921928707,-0.3281290767954322,0,0,0,1,0,0,0,0,0,0,1,0
0,0,1,0,1.3283553716957337,1,1,0,1,1,1,1,1,1,1.4359498645329545,2.1220578967597836,1.4778389510210905,1,0,1,0,1,0,0,0,0,0,1,0
0,0,1,1,-0.9965988082668935,1,0,0,0,0,0,0,0,1,-1.5021477831306453,-0.9428244602705859,-1.5512578387357894,0,1,1,0,0,0,1,0,0,0,0,1
1,0,1,0,-0.017670732493155674,1,1,0,0,0,1,0,0,1,0.4776575400401835,0.14451242205446752,0.5606871343744544,1,0,1,0,0,1,0,0,1,0,0,0
0,0,1,1,-1.2005421573864221,1,0,0,0,0,0,1,0,1,0.5259048966552711,-0.9013156719854774,0.49334945821769716,1,0,0,0,0,1,0,0,0,0,0,0
1,0,0,0,1.0428346829283937,1,0,1,1,0,0,1,1,0,1.1398109170334525,1.5076882770332884,1.1171019672842388,1,0,1,0,0,0,0,0,0,1,0,0
0,0,0,0,0.0639066071546558,1,0,1,1,0,0,0,1,0,-0.018125641728646082,-0.10427662027692412,-0.15070078431614864,0,0,1,0,0,1,0,0,1,0,0,0
1,1,1,0,1.287566701871828,1,1,0,1,1,0,0,1,1,0.9767681257135017,1.6660984701234671,0.997285914951961,1,0,0,0,0,1,0,0,0,0,1,0
0,0,1,0,1.5730873906391682,1,1,0,0,0,0,1,1,1,0.9584674042388135,1.8875738947532232,0.9220372999443329,1,0,0,1,0,0,0,0,0,0,1,1
1,0,0,0,-0.915021468619082,1,1,0,0,0,0,0,0,0,0.3379065760516543,-0.6609865997386631,0.45402052682688576,1,0,0,0,0,1,0,0,0,0,0,0
0,0,0,0,1.5730873906391682,1,1,1,1,1,1,1,1,1,1.605647463661883,2.5063383041340446,1.57925959324659,1,0,0,1,1,0,0,0,0,0,1,0
1,0,0,0,-0.3439800910844016,1,0,0,1,1,0,0,1,1,0.8203801422025286,-0.04534249101241326,0.8683414286943417,1,0,0,0,0,1,0,1,0,0,0,0
1,0,0,0,-1.2413308272103278,1,0,0,0,1,1,0,0,1,0.49762196346711607,-0.9395503419781132,0.37431315604466553,1,0,0,0,0,1,0,0,0,0,0,1
1,0,0,0,-1.2413308272103278,1,0,1,0,0,0,0,0,1,0.35953470143083166,-0.9233994899984652,0.9833039827071588,1,0,0,0,0,1,0,0,0,0,0,1
1,0,1,1,1.613876060463074,1,0,0,0,0,0,0,0,1,-1.500484081178401,-0.3848399918090924,-1.5007847894965283,0,1,0,1,1,0,0,0,0,0,1,0
1,0,0,0,-0.7926554591473648,1,0,0,0,0,0,0,0,0,-1.4954929753216677,-0.8994698603306603,-1.5307988062545062,0,1,0,1,0,0,1,1,0,0,0,0
1,0,1,1,-1.0373874780907992,1,0,0,0,0,0,0,0,0,-1.4722011479902464,-0.9406270654434229,-1.4417696920569154,0,1,1,0,0,0,1,0,0,0,0,0
0,0,1,0,0.3086386260980903,1,1,0,1,0,0,0,0,0,-0.2759994443265269,0.03901549640237315,-0.18073848311343538,0,0,0,0,1,0,0,0,1,0,0,0
0,0,0,0,-0.6702894496756475,1,1,0,0,1,0,0,1,1,0.7837786992531521,-0.38156587351661964,0.7937711233887298,1,0,0,0,0,1,0,1,0,0,0,1
1,0,1,1,0.8796800036327707,1,1,0,0,1,0,0,1,0,-0.051399680773533726,0.49167883079794533,-0.05963692104449122,0,0,0,1,1,0,0,0,0,1,0,0
1,0,1,1,0.4717933053937132,1,0,0,1,0,1,0,0,1,-0.3325653107028364,0.1137269205259142,-0.2318906996114564,0,0,0,0,0,0,0,0,1,0,0,0
1,0,0,0,-0.9558101384429878,1,0,0,0,0,0,0,0,0,0.17153638082721492,-0.7175914904863813,0.2692702938796008,1,0,0,0,0,0,1,0,0,0,0,0
0,0,0,0,-1.078176147914705,0,0,1,0,0,0,0,0,0,-1.1793896043952328,-0.9355950312892197,-1.260157461727958,0,0,0,0,0,0,0,0,0,0,0,0
0,0,0,0,-1.2821194970342338,0,0,0,0,0,0,0,0,0,-1.319140568383762,-0.995452066381139,-1.315118538601353,0,0,0,0,0,1,0,0,0,0,0,0
0,0,1,0,1.287566701871828,1,0,1,1,1,1,0,1,1,0.3146147487202327,1.0851731996663925,0.31276676170041634,0,0,0,1,0,0,1,0,0,0,1,0
1,0,1,0,1.4099327113435454,1,1,1,1,1,1,0,0,0,0.19981931401536993,1.0489381589664752,0.16162083747895906,0,0,0,1,1,0,0,0,0,0,1,0
1,0,0,1,-0.9965988082668935,0,0,1,0,0,1,0,1,1,-0.676951614817426,-0.8556098595804875,-0.7291202227414234,0,0,0,1,0,0,1,0,0,0,0,0
0,0,1,0,1.4915100509913568,1,0,1,1,0,1,1,1,1,1.3810477001088897,2.1805085991623185,1.331298740800012,1,0,1,0,1,0,0,0,0,0,1,0
0,1,0,0,-0.7926554591473648,1,1,1,0,0,0,1,1,1,1.1947130814575173,-0.4316664755759354,1.1829229538329495,1,0,0,0,0,1,0,1,0,0,0,1
1,0,0,0,-0.5887121100278361,1,1,0,0,1,0,1,0,1,0.8220438441547729,-0.28887975970688545,0.854785283686624,1,0,1,0,1,0,0,1,0,0,0,0
1,0,0,0,-1.0373874780907992,1,1,0,0,0,0,1,1,1,0.9634585100955464,-0.7272160798293551,0.8573630226354596,1,0,0,0,0,1,0,0,0,0,0,1
0,0,1,0,1.613876060463074,1,1,1,1,1,1,1,1,1,1.7387436198414343,2.7419869253990012,1.7742555605258756,1,0,0,1,1,0,0,0,0,0,1,0
1,0,1,1,1.4915100509913568,1,0,0,0,0,0,0,0,0,-1.4871744655604457,-0.40160611434034593,-1.4907970517448466,0,1,0,1,0,0,0,0,0,0,1,0
0,0,1,1,1.450721381167451,1,1,1,1,1,0,1,0,1,0.26969479600963425,1.2624809882701726,0.3644191874322217,0,0,1,0,1,0,0,0,0,0,1,0
1,0,1,1,-1.2821194970342338,1,0,0,0,0,0,0,0,1,-1.4871744655604457,-0.9976714351565737,-1.4824874460650588,0,1,1,0,0,1,0,0,0,0,0,0
0,0,1,1,-1.3229081668581395,0,0,1,1,1,1,1,0,0,-0.2943001658012154,-1.006548910258312,-0.29433391486231686,0,0,0,1,1,0,0,0,0,0,0,0
0,0,1,1,-0.05845940231706142,1,1,0,0,1,1,1,1,1,1.3078448142101362,0.41887914017403605,1.3156363039150343,1,0,0,0,0,1,0,0,1,0,0,1
1,0,0,0,0.4717933053937132,1,0,0,0,0,0,0,0,0,-1.5104662928918673,-0.6393642346393794,-1.5226348932649487,0,1,1,0,1,0,0,0,1,0,0,0
1,1,0,0,-1.1189648177386107,1,1,0,1,0,0,0,1,1,0.8286986519637506,-0.7856667822318901,1.1795067415557015,1,0,0,0,0,1,0,0,0,0,0,1
0,1,0,0,0.18627261662637304,1,1,0,0,0,0,1,1,1,1.0532984155167437,0.5669176296800056,1.055052708893099,1,0,0,0,0,1,0,0,1,0,0,1
1,0,1,0,0.8388913338088649,1,0,0,0,0,0,0,0,0,-1.4971566772739122,-0.5187052846798607,-1.4578182758821963,0,1,0,1,1,0,0,0,0,1,0,0
0,0,0,0,0.7165253243371477,1,1,1,1,0,1,1,1,1,1.4891883270047752,1.4330647487028338,1.527600926722295,1,0,0,1,0,1,0,0,0,1,0,1
1,0,0,1,-1.2821194970342338,1,0,0,0,0,0,0,0,0,-1.4688737440857575,-0.9974297217255857,-1.464259149212576,0,1,0,0,0,0,1,0,0,0,0,0
1,0,0,0,-0.915021468619082,1,1,1,0,0,0,0,0,1,-0.34587492632079153,-0.7568369620995119,-0.2688142992688406,0,0,0,0,1,0,0,0,0,0,0,0
1,0,1,0,1.5322987208152625,1,1,1,1,1,0,1,0,1,1.1464657248424297,2.045412765188339,1.1359955602376965,1,0,0,1,1,0,0,0,0,0,1,0
0,0,1,0,1.2059893622240165,1,1,1,1,1,1,1,1,0,1.632266694897793,2.0220764321238685,1.5318634615933124,1,0,0,1,0,0,1,0,0,0,1,0
1,0,1,1,1.2467780320479223,1,1,1,1,1,0,1,1,0,0.619072205980957,1.3820192668678384,0.7072228805950962,0,0,0,1,1,0,0,0,0,0,1,0
0,0,1,1,1.613876060463074,1,0,1,0,1,1,1,1,1,0.5175863868940491,1.5805978373985563,0.5578159474649249,0,0,0,1,0,0,0,0,0,0,1,0
1,0,1,1,-0.9965988082668935,1,0,0,0,0,0,1,0,1,-0.34920233022528036,-0.7977524537812865,-0.1837212953256597,0,0,0,0,0,1,0,0,0,0,0,0
1,0,0,0,-0.7926554591473648,0,0,0,0,0,0,0,0,1,-1.3224679722882509,-0.8607078155795056,-1.3059406548714316,0,0,0,0,0,0,0,1,0,0,0,0
0,1,0,0,0.2270612864502788,1,1,0,0,0,1,1,1,1,1.1531205326514073,0.6345754164083535,1.1049277145769545,1,0,0,0,0,1,0,0,1,0,0,1
1,0,1,1,1.124412022576205,1,0,0,1,0,1,1,1,0,0.4011272502369415,0.990421534719125,0.35799054477221526,0,0,0,1,0,0,0,0,0,1,0,0
0,0,1,1,1.2467780320479223,1,0,0,0,0,0,0,0,0,-1.5154573987486004,-0.4511134197963277,-1.4870905513308372,0,1,0,1,0,1,0,0,0,0,1,0
0,0,1,0,1.613876060463074,1,1,1,0,1,0,1,1,1,1.3344640454460464,2.329008541581993,1.3417017587006719,1,0,0,1,1,0,0,0,0,0,1,0
1,0,0,0,-0.017670732493155674,1,1,1,1,0,1,1,1,1,1.4392772684374435,0.5021384301752412,1.4034869391305835,1,0,0,0,1,0,0,0,1,0,0,1
1,0,1,1,0.0639066071546558,1,0,0,1,1,0,1,0,1,0.8303623539159949,0.3522101811179116,0.8617982499444864,1,0,0,0,0,1,0,0,1,0,0,0
1,0,0,0,-0.8334441289712705,1,1,0,0,0,0,0,0,0,-1.3291227800972283,-0.8833190083510125,-1.3775366460053096,0,1,1,0,1,0,0,0,0,0,0,0
1,0,1,1,-0.1400367419648729,1,1,0,0,1,0,0,1,1,0.808734228536818,0.17931915611672888,0.9318190439482654,1,0,0,0,0,1,0,0,1,0,0,1
0,0,1,0,0.8388913338088649,1,0,0,0,0,1,1,1,1,0.9501488944775915,1.134680505122374,0.8947576076021312,1,0,1,0,0,1,0,0,0,1,0,0
1,0,1,1,-0.915021468619082,1,0,0,0,0,0,0,0,1,-1.492165571417179,-0.9105227563112902,-1.4278025555076104,0,1,0,0,1,0,0,0,0,0,0,0
1,0,0,0,-0.1400367419648729,1,0,0,0,1,1,1,1,1,0.3478887877651206,-0.020402059724113526,0.4124554386435129,0,0,1,0,0,0,0,0,1,0,0,0
0,0,1,0,1.613876060463074,1,1,1,0,1,1,1,0,1,1.108200579940809,2.0767915633202265,1.0775295474976443,1,0,0,1,0,0,0,0,0,0,1,0
1,0,1,1,1.5730873906391682,1,0,0,0,0,0,0,0,0,-1.500484081178401,-0.3929264047730522,-1.5002022697667674,0,1,0,1,0,0,1,0,0,0,1,0
1,0,0,0,-0.8742327987951762,1,0,1,0,0,0,0,0,1,0.2863318155320782,-0.6585914393770554,0.23353345845255707,1,0,0,0,0,1,0,0,0,0,0,1
1,0,0,1,-0.9558101384429878,1,0,0,0,0,0,1,0,0,-0.31759199313263675,-0.8088932455550027,-0.4957658012927832,0,0,0,0,0,1,0,0,0,0,0,1
0,0,1,0,-0.30319142126049586,1,0,0,0,0,0,0,0,1,-1.4871744655604457,-0.7833375437150973,-1.4786429325470805,0,1,1,0,0,0,0,0,1,0,0,0
1,0,0,1,-1.1597534875625164,1,1,0,1,0,0,1,1,1,1.2246597165979165,-0.8463368534098598,0.8685485684313016,1,0,0,0,0,1,0,0,0,0,0,1
1,0,0,0,-0.46634610055611886,0,0,0,1,0,1,0,0,1,-0.9614446486512173,-0.6636893953760735,-0.9207244794294528,0,0,0,0,0,0,1,1,0,0,0,0
1,0,1,1,0.0639066071546558,0,0,1,0,0,0,0,0,0,-1.1477792673025895,-0.5940319793550073,-1.236990303696193,0,0,1,0,0,0,0,0,1,0,0,0
1,0,1,1,-0.7926554591473648,1,0,0,0,1,0,1,1,1,1.0566258194212328,-0.4955007953050197,0.8126208394520925,1,0,0,0,0,0,1,1,0,0,0,1
1,0,1,0,-0.9965988082668935,1,1,0,0,0,0,0,1,1,0.6906113899274662,-0.7167345065037877,0.5800029148459774,1,0,0,0,0,0,0,0,0,0,0,0
1,0,0,0,-1.2821194970342338,1,0,0,0,0,0,0,1,0,0.5192500888462934,-0.9711708535409882,0.5159967361253274,1,0,0,0,0,1,0,0,0,0,0,1
1,0,1,1,0.7573139941610534,1,1,0,0,0,0,0,0,1,-1.3291227800972283,-0.4693957447583236,-1.3576837237649046,0,1,0,1,0,0,1,0,0,1,0,0
1,0,1,0,1.124412022576205,1,0,1,1,0,1,0,0,1,-0.1179477588633095,0.6486167693539248,-0.07161726968289076,0,0,0,1,0,0,1,0,0,1,0,0
0,0,0,0,-1.0373874780907992,1,0,0,0,0,0,0,0,0,-1.4938292733694234,-0.946076604614787,-1.5004790117895872,0,1,0,0,0,0,0,0,0,0,0,1
1,0,0,0,-1.2821194970342338,1,0,0,0,0,0,0,0,1,-1.5071388889873785,-0.9979351225358333,-1.5023728608132219,0,1,0,0,0,0,1,0,0,0,0,1
1,0,1,1,-0.7926554591473648,1,0,0,0,0,0,0,0,0,-0.6686331050562041,-0.7607922727884052,-0.7263318032054228,0,0,0,0,0,0,0,1,0,0,0,0
1,0,0,1,-0.7110781194995532,1,1,0,1,0,0,1,0,1,0.8686274988176161,-0.3780720157414305,1.0077188530368477,1,0,0,0,0,1,0,1,0,0,0,0
0,0,0,0,-0.30319142126049586,1,0,1,1,1,1,1,0,0,0.3129510467679884,-0.1874480144850427,0.31886599125520415,0,0,1,0,0,0,1,0,1,0,0,1
1,0,1,0,1.613876060463074,1,1,0,0,0,0,0,0,0,-1.2991761449568293,-0.18375639117540887,-1.2901697080608336,0,1,0,1,1,0,0,0,0,0,1,0
1,1,1,0,-0.5071347703800245,1,1,0,1,0,1,1,1,0,1.4026758254880665,-0.05197862339044539,1.4473798493924144,1,0,0,0,0,1,0,1,0,0,0,0
1,0,0,0,1.4099327113435454,1,0,0,0,0,0,0,0,0,-1.4954929753216677,-0.4300623773521064,-1.5030901207979193,0,1,0,1,0,0,0,0,0,0,1,0
1,0,1,0,-0.1400367419648729,0,0,0,0,0,0,1,1,1,-0.6320316621068274,-0.4209871367159233,-0.6292431557789363,0,0,0,0,0,1,0,0,1,0,0,0
1,0,0,0,1.3691440415196396,1,1,1,1,1,1,0,0,0,0.12828013006886077,0.9480557624514231,0.0814050140597288,0,0,0,1,0,0,0,0,0,0,1,0
1,0,0,0,-1.1597534875625164,1,0,0,0,0,0,0,0,0,-1.5271033124143112,-0.974269180247288,-1.5433865287313082,0,1,0,0,0,0,1,0,0,0,0,0
0,0,0,0,-1.2005421573864221,0,0,0,0,0,0,1,0,0,-0.9880638798871275,-0.958667676974431,-0.9483431110241235,0,0,0,0,1,0,0,0,0,0,0,1
0,0,1,1,0.9612573432805821,1,1,1,1,1,1,1,0,0,0.5442056181299593,1.0240197016264467,0.5825181830804917,0,0,0,1,1,0,0,0,0,1,0,0
0,0,1,1,-1.2005421573864221,1,0,0,0,0,0,0,0,0,-1.5054751870351342,-0.9798945110048252,-1.4819350734331653,0,1,0,0,0,0,1,0,0,0,0,0
1,0,0,0,-0.9558101384429878,1,0,0,0,1,0,0,0,1,0.2963140272455445,-0.6970238749041359,0.4416105550303468,1,0,0,0,0,1,0,0,0,0,0,0
0,0,1,0,-0.5887121100278361,1,0,1,0,0,0,0,0,0,0.32958806629043236,-0.37455618401796975,0.4958351350612176,1,0,0,0,0,1,0,1,0,0,0,0
0,0,1,1,1.1652006924001108,1,0,0,0,1,1,1,1,1,0.2963140272455445,1.0221079681268153,0.3560169445243274,0,0,0,1,0,0,0,0,0,0,1,0
1,0,0,0,-0.915021468619082,1,0,1,0,1,0,0,0,1,0.49762196346711607,-0.6165772502816995,0.7889240535438652,1,0,0,0,0,0,1,0,0,0,0,0
0,0,0,0,-0.18082541178877864,1,1,0,1,0,0,0,1,1,0.8336897578204839,0.14732508743323613,0.9557839890824695,1,0,0,0,0,1,0,0,1,0,0,1
1,0,1,0,0.349427295921996,1,0,0,0,0,0,0,0,1,-1.5021477831306453,-0.6112595547999651,-1.4248924948127573,0,1,0,1,0,1,0,0,1,0,0,0
0,1,0,0,-0.9965988082668935,1,1,0,0,0,0,0,1,0,0.6756380723572665,-0.7007814200585846,0.7303863638789603,1,0,0,0,0,1,0,0,0,0,0,0
0,0,1,1,-0.6702894496756475,0,0,0,0,0,0,0,1,1,-0.9780816681736613,-0.7636488860637172,-1.0071017497417858,0,0,0,0,1,0,0,1,0,0,0,0
1,1,1,0,-0.2216140816126844,1,1,0,0,0,0,0,0,1,0.35287989362185396,-0.17419772367724995,0.17285058224576086,1,0,0,0,0,1,0,0,1,0,0,1
1,0,0,0,-1.2005421573864221,1,0,0,0,0,0,0,0,1,-1.4688737440857575,-0.977059871677785,-1.4106790039189148,0,1,0,0,1,0,0,0,0,0,0,0
1,0,0,0,-1.2821194970342338,0,0,0,0,0,1,0,0,0,-1.1893718161086992,-0.9937380984159518,-1.1858633427382934,0,0,0,0,0,0,1,0,0,0,0,0
0,0,1,1,0.023117937330750068,1,1,0,1,1,1,0,0,0,0.788769805109885,0.2629739771868232,0.7491984181719666,1,0,0,0,1,0,0,0,1,0,0,0
1,0,1,1,-1.078176147914705,1,1,0,0,0,0,0,0,0,-1.314149462527029,-0.9391767848574952,-1.3051758312272717,0,1,0,1,0,0,1,0,0,0,0,0
0,0,0,0,-1.0373874780907992,1,0,0,0,0,0,0,0,0,-1.4821833597037126,-0.9403633780641634,-1.4389289185214635,0,1,0,0,0,0,1,0,0,0,0,0
1,0,0,0,-1.2821194970342338,1,0,0,0,0,0,0,0,0,-1.4572278304200468,-0.9972759040876843,-1.4526593239428143,0,1,0,0,0,0,1,0,0,0,0,0
0,0,1,1,0.512581975217619,1,1,0,0,0,0,0,0,1,-1.3391049918106948,-0.4917871980471143,-1.2893043242708675,0,1,0,1,1,0,0,0,1,0,0,0
0,0,0,0,-0.5887121100278361,1,1,0,0,0,1,1,1,1,1.1631027443648736,-0.22561676263286348,1.1198320848901488,1,0,0,0,0,0,0,1,0,0,0,1
0,0,1,0,0.8796800036327707,1,1,1,1,1,1,1,1,1,1.6555585222292146,1.6520790911261676,1.5609016314570427,1,0,1,0,0,0,1,0,0,1,0,0
1,1,1,0,1.3283553716957337,1,1,1,1,0,0,1,0,1,0.9251933651939256,1.6164373470295839,0.8912192159502806,1,0,0,1,1,0,0,0,0,0,1,0
1,0,1,1,1.3691440415196396,1,1,0,1,1,0,1,1,0,0.49762196346711607,1.2941014998330478,0.47680338710779885,0,0,0,1,0,0,0,0,0,0,1,0
1,0,0,0,1.287566701871828,1,1,1,1,0,0,0,0,1,0.6456914372168673,1.3178773118629512,0.5869679885012584,1,0,1,0,1,0,0,0,0,0,1,0
0,0,0,0,-0.7926554591473648,0,0,1,0,0,0,0,0,1,-1.13280594973239,-0.8333502499813267,-1.1472397487082073,0,0,0,0,0,0,0,1,0,0,0,0
0,1,0,0,-1.1189648177386107,0,0,0,1,0,0,0,0,0,-1.2126636434401208,-0.9489551918383705,-1.2833018750042922,0,0,0,0,0,1,0,0,0,0,0,1
1,0,1,1,1.613876060463074,1,1,1,1,1,1,0,1,0,0.5358871083687373,1.5204551409791054,0.4948224519027465,0,0,0,1,1,0,0,0,0,0,1,0
1,1,0,0,0.4310046355698075,1,0,0,0,0,0,1,1,1,0.8203801422025286,0.6884115896738462,0.8206366655521276,1,0,0,0,0,0,1,0,1,0,0,1
0,1,0,0,-0.5887121100278361,1,0,0,1,0,0,0,0,1,0.32626066238594376,-0.43759944160927544,0.23170895491084814,1,0,0,0,0,1,0,1,0,0,0,0
1,0,0,0,-0.9965988082668935,1,0,0,0,0,0,1,1,1,0.04509503245664108,-0.7663956295976708,0.11186710931630568,0,0,0,0,0,1,0,0,0,0,0,0
1,0,1,1,-1.3229081668581395,1,1,0,0,0,0,0,0,0,-1.3025035488613181,-1.006548910258312,-1.2985473596445507,0,1,0,1,0,0,1,0,0,0,0,0
1,0,1,1,0.349427295921996,1,0,1,1,1,0,0,0,1,-0.1528854998604419,0.09711461563256224,-0.1219532362019194,0,0,1,0,0,0,0,0,1,0,0,0
0,0,0,0,0.0639066071546558,1,1,0,0,0,1,1,0,0,0.003502483650531228,-0.05837304233748972,-0.04888551125508863,0,0,0,0,0,0,1,0,1,0,0,0
1,0,1,1,0.512581975217619,1,0,1,1,1,1,1,1,1,0.6473551391691115,0.6889829123289087,0.689478567381987,0,0,0,1,0,0,1,0,1,0,0,0
1,0,1,0,0.7573139941610534,1,1,0,0,0,0,1,1,1,0.9900777413314571,1.1085534806274064,0.9756032583684098,1,0,0,0,0,1,0,0,0,1,0,1
1,1,0,0,-0.7518667893234591,1,0,0,0,0,0,1,1,0,0.8503267773429278,-0.4501245921241044,0.8452897351097892,1,0,0,0,1,0,0,1,0,0,0,1
1,0,1,0,0.8388913338088649,1,1,1,0,1,0,0,1,0,0.9651222120477911,1.2036787026952913,0.9929340263273386,1,0,0,0,0,1,0,0,0,1,0,1
0,0,1,0,-0.9558101384429878,1,1,1,1,1,0,0,0,0,0.893583028101282,-0.6260480219867719,1.0363317553689269,1,0,0,0,0,0,0,0,0,0,0,1
0,0,0,0,-0.38476876090830736,1,1,0,0,0,0,0,0,0,0.35620729752634256,-0.23368120164855163,0.38213042959602694,1,0,0,0,0,0,0,1,0,0,0,1
0,0,1,1,1.0428346829283937,1,0,0,0,0,0,0,0,1,-1.4988203792261565,-0.49725871116675013,-1.4897730506064117,0,1,0,1,0,0,1,0,0,1,0,0
0,0,1,1,1.4099327113435454,1,1,1,0,0,0,1,1,1,0.35287989362185396,1.2916843655231685,0.4348474254428363,0,0,0,1,0,1,0,0,0,0,1,0
0,1,0,0,-0.7518667893234591,1,1,0,1,1,0,1,1,1,1.329472939589313,-0.333530822594837,1.4733374175726055,1,0,0,0,0,1,0,1,0,0,0,1
1,0,1,0,1.613876060463074,1,1,0,1,1,1,1,1,1,0.6739743704050222,1.7692881312070403,0.7554502720511239,0,0,0,1,0,0,0,0,0,0,1,0
1,0,0,0,-0.915021468619082,1,1,0,1,0,0,0,0,1,0.5259048966552711,-0.6598879023250817,0.462306116305287,1,0,0,0,0,0,0,0,0,0,0,1
1,0,0,0,-0.3439800910844016,1,0,1,0,0,0,0,0,1,-0.45734295712116596,-0.4459055940559514,-0.3903086596537981,0,0,0,0,0,1,0,1,0,0,0,0
1,1,0,0,-0.9965988082668935,1,1,0,0,1,0,0,0,1,0.5442056181299593,-0.7490362104630833,0.27550750151473075,1,0,0,0,0,1,0,0,0,0,0,1
0,1,1,0,-0.1400367419648729,0,0,1,0,1,0,0,1,1,-0.6619782972472263,-0.46658307937955495,-0.7478127983146785,0,0,0,0,0,1,0,0,1,0,0,0
1,0,1,1,0.7981026639849592,1,0,0,1,1,1,1,0,1,0.12828013006886077,0.5240904044985991,0.06784194829933858,0,0,1,0,0,1,0,0,0,1,0,0
1,1,0,0,-0.5479234402039304,1,1,0,1,0,0,1,0,1,0.7754601894919302,-0.226122163443111,0.945626354763271,1,0,0,0,0,1,0,1,0,0,0,1
1,0,0,0,0.7981026639849592,1,0,1,0,1,0,1,0,0,0.8769460085788381,1.07583427165095,0.8680068183500214,1,0,1,0,0,1,0,0,0,1,0,0
0,0,1,0,1.450721381167451,1,1,1,1,1,1,1,1,0,1.7869909764565215,2.5049099974963887,1.7422883483095342,1,0,0,1,0,0,1,0,0,0,1,0
1,0,0,0,-1.0373874780907992,1,1,0,0,0,0,0,1,1,0.6756380723572665,-0.7417408596369023,0.7008837470576527,1,0,0,0,0,0,1,0,0,0,0,1
1,0,1,1,-0.9965988082668935,1,0,0,0,0,0,0,0,0,-1.5071388889873785,-0.9516140395792377,-1.634113733519802,0,1,0,1,1,0,0,0,0,0,0,0
0,0,1,1,1.0428346829283937,1,1,0,0,0,0,0,0,0,-1.3224679722882509,-0.34297962035163776,-1.2891760722344967,0,1,0,1,1,0,0,0,0,1,0,0
0,0,1,0,-0.6295007798517418,1,1,0,0,0,0,1,1,0,0.9218659612894365,-0.3123039885644427,0.9277417944402327,1,0,0,0,0,1,0,1,0,0,0,0
1,0,0,1,-1.2821194970342338,1,1,0,0,1,0,1,1,1,1.159775340460385,-0.9627108834564108,1.1539871259622252,1,0,0,0,0,1,0,0,0,0,0,1
0,1,0,0,-0.017670732493155674,1,0,0,1,0,0,0,0,1,0.3162784506724775,-0.0058772799165664035,0.20627104443583977,1,0,0,0,0,1,0,0,1,0,0,1
1,0,1,0,0.7165253243371477,0,0,1,0,0,1,1,0,1,-0.6802790187219147,-0.044771168357351,-0.7013552123993008,0,0,1,0,0,0,0,0,0,1,0,0
1,0,0,0,-1.2005421573864221,1,0,0,0,0,0,0,0,1,-1.4855107636082014,-0.9795429278324792,-1.4730971113228706,0,1,0,0,0,1,0,0,0,0,0,0
1,0,0,0,-1.2821194970342338,1,0,0,0,0,0,1,1,1,0.8320260558682396,-0.9670397512659218,0.8275349005132153,1,0,0,0,0,1,0,0,0,0,0,1
1,0,0,0,-1.2821194970342338,1,1,0,0,0,0,1,1,1,1.0166969725673674,-0.964600643007771,1.0114749869337234,1,0,0,0,0,1,0,0,0,0,0,1
0,0,0,0,0.023117937330750068,1,1,0,1,1,0,1,1,0,1.4193128450105104,0.5955716582262107,1.5092631596573098,1,0,0,0,0,1,0,0,1,0,0,0
0,0,0,0,-1.2005421573864221,1,1,0,0,0,0,0,0,0,0.3728443170487865,-0.8933391287628758,0.6938607235950083,1,0,0,0,0,1,0,0,0,0,0,0
1,0,1,0,0.0639066071546558,1,1,0,0,1,0,1,1,0,1.1963767834097616,0.543625244512078,1.286361602570095,1,0,0,0,0,1,0,0,1,0,0,0
0,0,1,1,0.9612573432805821,1,1,1,0,0,0,1,0,0,0.010157291459508899,0.5369671381857742,-0.07337499830795131,0,0,1,0,0,0,0,0,0,1,0,0
1,0,1,1,0.9612573432805821,1,1,0,0,0,0,0,0,1,-1.3457597996196722,-0.3773688493967383,-1.3046727775803686,0,1,1,0,0,0,1,0,0,1,0,0
1,0,1,0,-0.9965988082668935,1,0,0,0,0,0,0,0,0,-1.4855107636082014,-0.9369574160820607,-1.4959515289674608,0,1,0,0,0,0,1,0,0,0,0,0
0,0,0,0,0.18627261662637304,1,0,0,0,0,0,0,0,1,-1.500484081178401,-0.7010890553343874,-1.5293794038157946,0,1,1,0,0,1,0,0,1,0,0,0
0,0,0,0,-0.6702894496756475,0,0,1,0,0,0,1,0,1,-0.8649499354210425,-0.7145590856248963,-0.7757266635574306,0,0,0,0,0,1,0,1,0,0,0,0
0,0,1,1,0.6757366545132419,1,1,0,0,0,0,0,0,0,-1.319140568383762,-0.47405422179190904,-1.3324337296745836,0,1,0,1,0,0,1,0,0,1,0,0
1,1,1,0,-0.6702894496756475,1,1,0,0,1,0,1,1,1,1.1265013014154972,-0.3088540786857969,1.1364838181891024,1,0,0,0,0,1,0,1,0,0,0,1
1,0,0,0,-0.9558101384429878,1,0,0,0,0,0,0,0,1,0.18650969839741458,-0.7437844368261638,0.049794234807282775,1,0,0,0,0,1,0,0,0,0,0,0
1,0,0,0,-0.7926554591473648,1,1,0,0,0,1,1,1,0,1.193049379505273,-0.4294031589039575,1.1960524263910317,1,0,0,0,0,1,0,1,0,0,0,0
1,0,1,1,1.4099327113435454,1,0,0,0,0,0,0,0,1,-1.4672100421335132,-0.386048558964032,-1.453549715647956,0,1,0,1,0,0,1,0,0,0,1,0
0,0,0,1,-1.2413308272103278,1,0,0,0,0,0,0,0,1,-1.5071388889873785,-0.9907935893475536,-1.5578863103185103,0,1,0,0,0,1,0,0,0,0,0,1
1,1,0,1,-1.2821194970342338,1,0,0,0,1,0,0,0,1,-0.49061699616605386,-0.9845090401418674,-0.48987382655258677,0,0,0,0,0,0,1,0,0,0,0,1
1,0,1,0,-0.7518667893234591,0,0,0,0,0,0,1,1,0,-0.6170583445366277,-0.7131088050389688,-0.5713093345688735,0,0,0,0,0,1,0,1,0,0,0,1
1,1,0,0,-1.2413308272103278,1,0,1,0,1,0,1,0,0,0.05008613831337445,-0.9649961740766602,-0.5851581055542013,0,0,0,0,0,0,0,0,0,0,0,1
1,0,0,0,-0.05845940231706142,1,0,0,0,1,1,0,0,1,-0.32091939703712563,-0.2525568232138815,-0.317747387065799,0,0,0,0,0,1,0,0,1,0,0,1
1,0,0,0,-0.26240275143659014,1,0,0,0,0,0,0,0,0,-1.4638826382290244,-0.7787669624745984,-1.4912829179729001,0,1,0,0,0,0,1,0,1,0,0,0
0,0,1,1,-0.5887121100278361,1,0,0,0,0,0,0,0,1,-1.4855107636082014,-0.8299003401026808,-1.4118758112880168,0,1,0,0,0,0,1,1,0,0,0,0
0,0,1,1,1.2059893622240165,1,1,0,1,1,1,1,1,1,1.5274534719063961,1.9999047183177945,1.504895204226516,1,0,1,0,0,1,0,0,0,0,1,0
1,0,1,1,1.4099327113435454,1,0,1,1,0,0,0,0,1,-0.3558571380342578,0.6802592548650715,-0.2533511633228812,0,0,0,1,0,0,0,0,0,0,1,0
1,0,1,1,-1.1189648177386107,1,0,0,0,0,0,0,0,0,-1.4755285518947352,-0.9628427271460406,-1.4927615770182763,0,1,1,0,0,1,0,0,0,0,0,0
1,1,1,0,1.450721381167451,0,0,1,1,1,0,0,0,1,-0.7634641163341344,0.29683583147340464,-0.7064932526511422,0,0,0,1,0,1,0,0,0,0,1,0
0,0,1,0,0.6757366545132419,1,1,1,1,1,0,0,1,0,0.22976594915576873,0.5193440316719272,0.19644353211955795,0,0,1,0,0,1,0,0,0,1,0,0
0,1,0,0,-1.078176147914705,1,0,0,0,1,0,0,0,0,0.3162784506724775,-0.8157710913640228,0.2458865191294463,1,0,0,0,0,1,0,0,0,0,0,1
0,0,0,0,-0.1400367419648729,1,1,0,1,0,0,0,0,1,-0.32091939703712563,-0.29450509046442264,-0.3003338244846074,0,0,1,0,0,1,0,0,1,0,0,0
0,1,0,0,-1.078176147914705,1,0,0,0,0,0,0,0,0,-1.5104662928918673,-0.9596125567501109,-1.562029105057711,0,1,0,0,0,0,0,0,0,0,0,0
0,0,1,1,0.6757366545132419,1,1,0,1,1,1,1,1,1,1.4326224606284659,1.3197011495694964,1.4282232283310248,1,0,0,1,0,0,0,0,0,1,0,1
1,0,0,1,-1.2413308272103278,1,0,0,0,0,0,0,1,1,-0.31925569508488133,-0.9587995206640606,-0.3515044822632854,0,0,0,0,0,1,0,0,0,0,0,0
0,0,1,0,0.7573139941610534,1,1,0,0,0,0,0,0,0,-1.31082205862254,-0.4434664857978005,-1.3193425646099497,0,1,0,1,0,0,1,0,0,1,0,0
0,0,1,1,1.450721381167451,1,1,0,0,0,0,1,0,1,0.6024351864585131,1.492240591398333,0.61922543327388,1,0,1,0,0,1,0,0,0,0,1,1
0,0,0,0,-0.9558101384429878,1,0,1,0,0,0,0,0,1,0.3112873448157441,-0.725436190019353,0.203537950684284,1,0,0,0,1,0,0,0,0,0,0,1
0,0,1,0,1.613876060463074,1,1,0,0,0,0,0,0,1,-1.3557420113331387,-0.2258365021155798,-1.3342444409806629,0,1,0,1,1,0,0,0,0,0,1,0
0,1,0,0,0.349427295921996,1,1,0,1,1,0,1,1,1,1.3144996220191139,0.8102351588917613,1.1897162044934775,1,0,0,0,0,1,0,0,1,0,0,0
0,0,1,0,0.6349479846893362,1,1,1,0,0,1,0,0,1,-0.1429032881469754,0.30540567129934026,-0.09075007672009881,0,0,1,0,0,0,0,0,1,0,0,0
1,0,0,0,-0.9558101384429878,1,0,0,0,0,0,0,0,1,-1.5287670143665555,-0.9249816142740226,-1.4684940060570923,0,1,0,0,0,0,1,0,0,0,0,1
0,0,1,1,-0.915021468619082,1,1,0,0,0,0,0,1,0,0.7005936016409324,-0.6292122705378865,0.6936397745422506,1,0,0,0,0,1,0,0,0,0,0,0
1,0,0,0,-1.2821194970342338,1,0,0,0,0,0,0,0,1,-1.4788559557992238,-0.9975615654152156,-1.4742018565866575,0,1,0,0,0,0,1,0,0,0,0,0
0,0,1,1,1.287566701871828,1,1,0,1,1,1,1,1,1,1.5490815972855734,2.1871227575920797,1.611222202834375,1,0,1,0,0,1,0,0,0,0,1,0
1,0,1,1,-0.18082541178877864,0,0,1,0,1,1,1,0,0,-0.4689888707868768,-0.39707948099639023,-0.5104694346846128,0,0,1,0,0,0,1,0,1,0,0,0
0,0,1,0,0.2270612864502788,1,1,0,0,1,1,1,1,1,1.3344640454460464,0.7629691961594859,1.3597313952206314,1,0,0,0,0,1,0,0,1,0,0,1
0,1,0,0,0.7165253243371477,1,1,0,1,0,1,1,1,1,1.3943573157268445,1.3437626229269308,1.3929103841614043,1,0,1,0,0,1,0,0,0,1,0,0
1,0,0,0,-1.2821194970342338,1,0,0,0,0,1,0,0,0,-0.5288821410676748,-0.9850144409521149,-0.5279875381532325,0,0,0,0,1,0,0,0,0,0,0,0
1,1,1,0,1.1652006924001108,1,1,0,1,0,1,0,0,1,0.687283986022977,1.3014847464523154,0.7014037793715195,1,0,1,0,0,0,0,0,0,0,1,0
0,0,0,0,-1.078176147914705,1,0,0,0,0,0,0,1,1,-0.3292379067983476,-0.8569502704250569,-0.2716866369546868,0,0,0,0,0,1,0,0,0,0,0,0
0,0,1,1,1.613876060463074,1,1,1,1,1,1,1,1,0,0.9235296632416813,1.9524629639993456,0.9473076995287711,0,0,0,1,0,0,0,0,0,0,1,0
0,0,1,0,1.287566701871828,1,1,0,0,1,1,0,0,0,-0.21776987599797312,0.6443318494409569,-0.20668791366110342,0,0,1,0,0,0,0,0,0,0,1,0
0,0,1,1,1.5322987208152625,1,0,0,0,0,0,0,0,0,-1.500484081178401,-0.4006172866681226,-1.4991769905858385,0,1,0,1,0,0,0,0,0,0,1,0
0,0,1,1,1.613876060463074,1,1,1,0,1,0,1,0,1,0.21812003549005815,1.2022064481610926,0.16148858408139766,0,0,0,1,0,0,0,0,0,0,1,0
1,0,0,1,0.8796800036327707,1,0,1,1,0,1,1,1,1,1.362746978634201,1.5541412036795137,1.424128030326545,1,0,1,0,0,1,0,0,0,1,0,0
0,0,1,1,0.2678499562741845,1,0,0,0,0,0,0,0,1,-1.4988203792261565,-0.6308822906065304,-1.4255505747775834,0,1,0,1,0,0,0,0,1,0,0,0
0,0,0,0,-1.1597534875625164,1,0,0,0,0,0,0,0,1,0.174863784731704,-0.8886147298844754,0.0714748606090995,1,0,0,0,0,1,0,0,0,0,0,1
1,0,1,0,0.1454839468024673,1,1,0,0,0,0,1,1,1,1.015033270615123,0.5202889114476071,1.0464585869536394,1,0,0,0,0,1,0,0,1,0,0,0
1,0,0,0,-1.0373874780907992,0,0,0,0,0,0,0,0,1,-1.349087203524161,-0.9402535083228052,-1.437745262881692,0,0,1,0,1,0,0,0,0,0,0,0
1,0,0,1,0.2678499562741845,0,0,1,0,0,1,1,0,0,-0.660314595294982,-0.21961787475470862,-0.630303945660875,0,0,1,0,0,0,0,0,1,0,0,0
0,0,1,1,1.613876060463074,1,1,1,1,1,1,1,1,0,0.8669637968653718,1.9170629333337503,0.9102296866129252,0,0,0,1,1,0,0,0,0,0,1,0
1,0,0,0,-0.8334441289712705,1,1,0,0,0,0,1,1,0,0.986750337426968,-0.49079837037489094,1.0892214348727218,1,0,0,0,0,1,0,0,0,0,0,0
1,0,1,0,1.1652006924001108,1,1,0,1,1,0,1,1,0,0.5325597044642487,1.1611810867379597,0.5279497176679391,0,0,0,1,0,0,0,0,0,0,1,0
0,0,0,0,-0.9965988082668935,1,0,0,0,0,0,0,0,1,-1.4705374460380018,-0.946076604614787,-1.581914519805874,0,1,0,0,0,0,1,0,0,0,0,0
1,1,0,0,0.10469527697856156,1,0,0,0,1,1,1,1,1,0.26969479600963425,0.07951348306698676,0.1881241239085916,0,0,1,0,0,1,0,0,1,0,0,0
1,0,1,0,-1.2005421573864221,1,1,0,0,0,0,0,0,1,-1.374042732807827,-0.9674133083865394,-1.168187418517704,0,1,0,0,0,0,1,0,0,0,0,0
1,1,0,0,-1.2005421573864221,1,1,0,0,0,0,0,0,1,0.4027909521891858,-0.9020627862267128,0.47456878873332103,1,0,0,0,0,1,0,0,0,0,0,1
1,1,0,0,-0.915021468619082,1,0,0,1,0,0,0,0,1,0.2647036901529009,-0.7039017207131559,0.13038540180053215,1,0,0,0,0,1,0,0,0,0,0,1
1,0,0,0,-1.2005421573864221,0,0,0,0,0,0,0,0,0,-1.3241316742404952,-0.9714784888167909,-1.2703763554179865,0,0,0,0,0,1,0,0,0,0,0,0
0,0,1,1,0.5941593148654305,1,0,0,0,0,0,0,0,0,-1.4855107636082014,-0.6227079818494841,-1.5360793439679097,0,1,0,1,1,0,0,0,1,0,0,0
1,0,1,0,1.3283553716957337,1,0,0,0,0,0,0,0,1,-1.4805196577514683,-0.38492788760217894,-1.4307598735983629,0,1,0,1,1,0,0,0,0,0,1,0
0,0,1,1,0.3086386260980903,1,0,0,0,0,0,0,0,0,-1.4888381675126903,-0.6649199364792848,-1.5078827778163586,0,1,0,1,0,0,0,0,1,0,0,0
0,1,1,0,1.5730873906391682,1,0,1,1,1,1,1,0,1,1.1481294267946744,2.143746183703882,1.1941313904772963,1,0,0,1,0,1,0,0,0,0,1,0
0,0,0,0,-1.2413308272103278,1,0,0,1,0,0,0,0,1,-0.5089177176407421,-0.9561406729231936,-0.2512488495746301,0,0,0,0,0,0,1,0,0,0,0,1
1,0,0,1,-0.46634610055611886,1,0,0,0,0,0,0,0,0,-0.6403501718680493,-0.573640155358935,-0.5973497586438489,0,0,0,0,0,0,1,1,0,0,0,0
0,0,0,0,1.450721381167451,1,1,0,1,1,0,1,1,1,0.5242411947030268,1.3359618712905024,0.44591039689037987,0,0,0,1,0,1,0,0,0,0,1,0
0,0,0,0,-1.2413308272103278,1,0,0,0,0,0,0,0,1,-1.492165571417179,-0.9892993608650827,-1.5015443018653818,0,1,0,0,0,0,1,0,0,0,0,0
1,0,0,1,-1.2821194970342338,1,1,0,0,0,0,0,0,1,0.3146147487202327,-0.9738736491783987,0.312171234956656,1,0,0,0,0,1,0,0,0,0,0,1
0,0,1,0,-0.017670732493155674,1,0,0,0,0,0,0,0,0,-1.517121100700845,-0.7458499879636971,-1.537586616096427,0,1,1,0,0,0,1,0,1,0,0,0
0,0,1,1,0.7981026639849592,1,0,0,0,0,0,0,0,0,-1.5154573987486004,-0.5531384616215044,-1.4944059478532206,0,1,0,1,0,0,1,0,0,1,0,0
1,0,1,0,1.613876060463074,1,1,1,1,1,1,1,1,1,1.637257800754526,2.5472537958158186,1.570291966199231,1,0,0,1,1,0,0,0,0,0,1,0
0,0,0,0,1.002046013104488,1,1,0,1,0,1,0,1,0,0.9917414432837014,1.3969395777442748,1.0279298769153904,1,0,1,0,0,1,0,0,0,1,0,0
0,0,1,0,0.9612573432805821,1,0,1,0,1,0,0,0,0,0.5125952810373157,0.9771053220665173,0.5193405633076821,1,0,0,1,0,0,0,0,0,1,0,0
1,0,1,1,-1.2821194970342338,0,0,0,1,0,0,0,0,0,-1.154434075111567,-0.9932766455022478,-1.1510638669290079,0,0,0,0,0,1,0,0,0,0,0,1
1,0,1,1,1.124412022576205,1,0,0,0,0,0,0,0,0,-1.5054751870351342,-0.49598422216699556,-1.5102441708177032,0,1,0,1,1,0,0,0,0,1,0,0
0,0,1,1,-0.09924807214096716,1,0,0,0,0,0,0,0,0,-1.5038114850828896,-0.7431911402228298,-1.4899444765956198,0,1,0,1,0,0,1,0,1,0,0,0
0,0,1,0,1.0836233527522994,1,1,1,1,0,0,1,0,1,0.9934051452359457,1.4535005205954497,0.9924321745053977,1,0,0,0,0,1,0,0,0,1,0,0
0,0,0,0,-0.1400367419648729,1,1,0,0,1,0,1,1,1,1.1215101955587639,0.28253079114857366,1.2002150010520636,1,0,0,0,1,0,0,0,1,0,0,1
0,0,1,1,-0.8742327987951762,0,0,1,0,0,0,0,0,1,-1.1743984985384996,-0.8542914226841897,-1.1081294487227467,0,0,0,0,0,1,0,0,0,0,0,0
1,0,0,0,-1.2413308272103278,1,0,0,1,0,0,0,0,0,0.33457917214716576,-0.9398579772539158,0.3627133307749039,1,0,0,0,0,1,0,0,0,0,0,0
0,0,1,1,0.7981026639849592,1,0,0,0,0,0,0,0,0,-1.5071388889873785,-0.5616204056543534,-1.5067068614634624,0,1,1,0,1,0,0,0,0,1,0,0
1,1,1,0,-0.915021468619082,1,1,0,0,0,0,0,1,0,0.687283986022977,-0.6322227014510998,0.670937259371431,1,0,0,0,0,1,0,0,0,0,0,1
1,1,1,1,0.4310046355698075,1,1,0,1,1,1,1,1,1,1.5257897699541518,1.053684531793147,1.4612476139217285,1,0,0,0,0,0,0,0,1,0,0,1
1,0,1,1,-0.915021468619082,0,0,1,1,1,1,0,1,0,-0.37249415755670173,-0.7775803692679304,-0.42524622862105677,0,0,0,1,1,0,0,0,0,0,0,0
1,0,0,0,-1.2821194970342338,1,0,0,1,0,0,0,1,1,0.6689832645482888,-0.9691931981965415,0.6651373467365502,1,0,0,0,0,1,0,0,0,0,0,0
0,0,1,0,-0.5479234402039304,1,1,0,0,1,0,0,1,0,0.8237075461070177,-0.23260447818324176,0.9198974190145512,1,0,0,0,0,0,1,1,0,0,0,1
0,0,0,1,-0.6702894496756475,1,0,0,0,0,0,1,0,1,0.5358871083687373,-0.4298865857659333,0.5660209826011753,1,0,0,0,0,1,0,1,0,0,0,1
1,0,0,0,-0.8334441289712705,1,0,0,1,0,0,0,0,1,-0.5272184391154305,-0.745915909808512,-0.514040129197924,0,0,0,0,0,0,0,0,0,0,0,0
1,0,0,0,0.512581975217619,0,0,1,0,1,1,0,0,0,-0.7518182026684237,-0.19757800463826397,-0.7962565130428024,0,0,1,0,0,0,0,0,1,0,0,0
1,0,1,1,0.2678499562741845,1,0,0,1,0,0,1,0,1,0.712239515306643,0.4287893908445411,0.623496948332277,1,0,0,0,0,0,1,0,1,0,0,1
1,0,1,0,1.613876060463074,1,1,1,1,1,0,1,1,1,1.4891883270047752,2.4566552070918894,1.475398951145208,1,0,0,1,0,1,0,0,0,0,1,0
0,1,1,0,1.124412022576205,1,1,0,1,1,0,1,1,1,1.3644106805864458,1.8066658172170824,1.3839122339878605,1,0,0,0,0,1,0,0,0,1,0,0
1,1,1,0,0.9204686734566764,1,1,0,0,0,0,0,0,1,0.30296883505452216,0.7743956492607333,0.289965855154541,1,0,0,0,0,1,0,0,0,1,0,0
0,0,1,1,1.124412022576205,1,0,0,1,1,1,1,1,1,0.522577492750782,1.1674216880471024,0.5804586222672891,0,0,0,1,0,0,0,0,0,1,0,0
0,1,1,0,1.3691440415196396,0,0,0,1,1,0,1,0,0,-0.6436775757725381,0.32386378784750924,-0.6318084851022909,0,0,1,0,0,0,0,0,0,0,1,0
1,0,0,0,-1.2821194970342338,1,0,0,0,0,0,0,0,0,-1.4871744655604457,-0.9976714351565737,-1.4824874460650588,0,1,0,0,0,0,0,0,0,0,0,0
1,0,1,1,-0.38476876090830736,1,0,0,0,0,0,0,0,0,-1.5054751870351342,-0.8145405502608115,-1.522402372769705,0,1,1,0,0,0,1,1,0,0,0,0
1,1,0,0,-1.078176147914705,1,0,0,0,0,0,1,0,1,0.49263085761038317,-0.7878641770590531,0.5966431403817666,1,0,0,0,0,1,0,0,0,0,0,0
1,0,0,0,-1.1597534875625164,1,0,1,1,0,1,0,1,1,0.998396251092679,-0.8480947692715902,0.8354062105176965,1,0,0,0,0,0,1,0,0,0,0,0
0,0,0,0,-0.6702894496756475,1,0,0,1,0,1,0,0,1,-0.3658393497477243,-0.6399575312427134,-0.42410696006777665,0,0,0,0,0,0,1,1,0,0,0,1
0,0,0,0,-1.2821194970342338,1,0,0,0,0,0,0,0,1,-1.5104662928918673,-0.9979790704323764,-1.5056870966045823,0,1,0,0,0,0,1,0,0,0,0,0
1,0,0,0,-1.2821194970342338,1,0,0,0,0,0,0,1,1,0.5292323005597597,-0.9710390098513584,0.5259394434994088,1,0,0,0,0,1,0,0,0,0,0,1
1,0,1,1,1.4099327113435454,1,1,0,1,1,1,1,1,1,1.5407630875243514,2.3030792826214697,1.5732379535693295,1,0,0,1,0,0,0,0,0,0,1,0
0,0,1,1,-0.3439800910844016,1,1,1,0,1,0,1,1,0,0.4560294146610062,-0.19498507874221163,0.39813422579506963,0,0,0,1,1,0,0,1,0,0,0,0
1,0,1,1,-1.1597534875625164,1,0,0,0,0,0,0,0,1,-1.4771922538469795,-0.9724453425407428,-1.5090013323959428,0,1,0,0,0,0,1,0,0,0,0,0
1,0,0,0,-1.2821194970342338,1,0,0,0,0,0,0,0,0,-1.5204485046053335,-0.9981109141220063,-1.5156298039786638,0,1,0,0,0,1,0,0,0,0,0,0
1,0,1,1,1.3691440415196396,1,1,1,0,1,1,1,1,1,0.6357092255034009,1.5047437679648903,0.7174872075319036,0,0,0,1,0,0,1,0,0,0,1,0
1,0,0,0,-0.7110781194995532,0,0,0,0,0,1,0,0,1,-1.1710710946340108,-0.8139472536574776,-1.1836538522107196,0,0,0,0,0,1,0,1,0,0,0,1
0,1,1,0,1.613876060463074,1,1,1,1,1,0,1,1,1,0.6390366294078895,1.6873033302055898,0.6695793433180264,0,0,0,1,1,0,0,0,0,0,1,0
0,0,1,0,1.613876060463074,1,1,1,1,1,1,1,1,0,1.5707097226647502,2.494318554429463,1.514847563272929,1,0,0,1,1,0,0,0,0,0,1,0
0,0,0,0,0.3086386260980903,1,0,0,0,1,0,0,0,1,-0.487289592261565,-0.11724124975718575,-0.47533261701799256,0,0,1,0,0,0,1,0,1,0,0,0
1,0,1,1,-0.30319142126049586,1,1,0,0,0,0,1,0,0,-0.15122179790819737,-0.38923478146341833,-0.28982655418606623,0,0,0,0,0,1,0,0,1,0,0,0
0,0,0,0,-0.7926554591473648,1,1,1,0,1,0,1,1,1,0.46102052051773956,-0.5691135220149793,0.38559430479602746,0,0,0,0,0,1,0,1,0,0,0,0
0,1,1,0,-0.18082541178877864,1,1,0,0,0,1,1,1,1,1.2113501009799612,0.22935383633122972,1.17671331424584,1,0,0,0,1,0,0,0,1,0,0,1
0,0,1,1,1.124412022576205,1,1,1,1,0,0,1,0,0,0.9734407218090131,1.54761494104284,1.058316186118285,1,0,1,0,0,0,0,0,0,1,0,0
0,0,1,0,-0.18082541178877864,1,1,0,0,1,1,1,1,1,1.3278092376370687,0.33212599239764207,1.4535111856064313,1,0,0,0,0,1,0,0,1,0,0,1
1,0,1,1,0.10469527697856156,1,1,0,0,0,1,1,1,1,0.2846681135798339,0.16294856465436475,0.3678977424771033,0,0,1,0,0,0,0,0,1,0,0,0
0,0,0,0,-0.5071347703800245,1,1,0,1,0,1,0,1,1,0.13327123592559414,-0.4043089099777564,0.1188684324255545,0,0,0,0,1,0,0,1,0,0,0,0
1,0,0,0,-0.017670732493155674,1,1,1,0,0,1,0,0,0,0.7571594680172419,0.209225699714417,0.7131937657112777,1,0,0,0,0,0,0,0,1,0,0,0
0,0,1,1,0.1454839468024673,1,1,0,1,1,0,1,0,1,1.079917646752654,0.513125404311056,1.031452463787202,1,0,0,0,0,0,0,0,1,0,0,1
1,0,0,1,0.8388913338088649,1,0,1,1,0,1,0,0,0,-0.06803670029597766,0.49624941203844436,-0.013655662984549755,0,0,1,0,1,0,0,0,0,1,0,0
1,0,0,0,-0.3439800910844016,0,0,1,0,0,0,1,1,1,-0.4756436785958542,-0.44017039355705606,-0.3722875025382754,0,0,1,0,0,0,1,1,0,0,0,0
1,0,0,0,-1.2413308272103278,1,0,1,0,0,1,0,0,1,-0.34753862827303583,-0.9681823965760464,-0.7052991529910198,0,0,0,0,0,0,1,0,0,0,0,0
0,0,0,0,0.5941593148654305,1,0,1,0,0,0,0,0,0,0.35121619166960966,0.5514479700967782,0.34788741428270065,1,0,0,0,1,0,0,0,1,0,0,0
1,0,1,1,0.512581975217619,1,1,0,1,1,0,0,1,1,1.0333339920898112,0.9520550210368595,1.1303455773171867,1,0,0,0,0,0,0,0,1,0,0,0
0,0,0,0,-1.1597534875625164,1,0,0,0,0,0,0,0,1,-0.6287042582023386,-0.9214657825505618,-0.5478729529013956,0,0,0,0,0,0,1,0,0,0,0,1
1,0,1,0,1.613876060463074,1,1,0,1,1,1,1,1,1,1.5207986640974185,2.4926705083090908,1.5131213987982624,1,0,0,1,1,0,0,0,0,0,1,0
0,0,0,0,-1.078176147914705,1,0,1,1,0,0,0,0,0,-0.2876453579922377,-0.8355476448084896,-0.002681165222591777,0,0,0,0,0,1,0,0,0,0,0,1
1,0,0,1,-1.1189648177386107,1,0,0,0,0,0,0,0,0,-1.4871744655604457,-0.9697425469033323,-1.5968285808669962,0,1,0,0,0,0,1,0,0,0,0,0
1,0,0,0,-0.26240275143659014,1,1,1,1,0,0,1,0,1,0.9152111534804593,0.026138762715198254,0.8433412558258576,1,0,0,0,1,0,0,0,1,0,0,0
1,0,0,0,0.10469527697856156,1,1,1,0,0,0,0,0,0,-0.32091939703712563,-0.16094743286945729,-0.3299856227322377,0,0,0,1,0,0,1,0,1,0,0,0
1,0,1,1,-0.30319142126049586,1,0,0,1,0,0,0,0,1,0.35287989362185396,-0.17107742302267856,0.368248104546476,1,0,0,0,0,1,0,0,1,0,0,0
0,0,1,1,0.10469527697856156,1,1,1,0,1,1,1,0,0,0.24473926672596835,0.12227478640357826,0.28025987890841375,0,0,0,0,0,1,0,0,1,0,0,1
1,0,0,0,-0.46634610055611886,1,0,1,0,1,0,1,0,0,0.015148397316241798,-0.3805550718961246,0.09603571513436046,0,0,0,0,0,0,0,1,0,0,0,0
1,0,1,1,1.4915100509913568,1,1,0,1,1,1,1,1,1,0.5674974454613809,1.4551485667158217,0.5385239330260239,0,0,0,1,0,0,0,0,0,0,1,0
1,0,0,0,1.3691440415196396,1,1,0,1,0,0,0,1,0,0.8153890363457957,1.620172918235761,0.849378727319909,1,0,0,0,1,0,0,0,0,0,1,0
0,0,0,0,0.3902159657459017,0,0,1,1,1,1,0,1,1,-0.3375564165595695,0.025545466111864094,-0.2987923511054567,0,0,1,0,0,1,0,0,1,0,0,0
1,0,0,0,-1.1597534875625164,1,0,0,0,0,0,0,0,1,-1.4954929753216677,-0.9805097815564309,-1.661041899324606,0,1,0,0,0,0,1,0,0,0,0,0
1,0,0,0,-0.9965988082668935,1,1,0,0,0,0,0,1,1,0.7205580250678649,-0.7210414003650271,0.5394035264018109,1,0,0,0,0,1,0,0,0,0,0,1
1,0,1,0,1.450721381167451,1,1,1,1,1,1,1,1,1,0.8619726910086385,1.7634210870185154,0.9199679619590269,0,0,0,1,1,0,0,0,0,0,1,0
1,1,0,0,0.7573139941610534,1,1,0,0,1,0,1,1,1,1.0948909643228537,1.1527430906016538,1.0409456914706252,1,0,0,0,0,1,0,0,0,1,0,1
1,0,1,0,0.4717933053937132,1,0,0,1,1,1,1,0,1,0.2014830159676142,0.4219554929320642,0.29639095317733744,0,0,1,0,0,1,0,0,1,0,0,0
0,1,0,0,-0.5071347703800245,1,1,0,1,1,0,0,1,1,0.9717770198567683,-0.22322160227125581,0.8016838613406033,1,0,0,0,0,1,0,1,0,0,0,1
1,0,0,0,-1.2413308272103278,1,1,1,0,0,0,0,1,0,0.8603089890563942,-0.9297499610489661,0.7438504467813624,1,0,0,0,0,0,1,0,0,0,0,0
0,0,0,0,-0.9558101384429878,1,0,0,0,0,1,1,0,1,-0.17950473109635212,-0.7736030846307654,-0.2000623190191736,0,0,0,0,0,0,0,0,0,0,0,0
0,0,1,1,1.613876060463074,1,1,1,1,0,0,1,0,1,1.031670290137567,2.0496537372047636,1.0491053724814623,1,0,0,1,0,0,0,0,0,0,1,0
1,1,1,0,1.450721381167451,1,1,0,0,1,0,0,0,1,0.51425898298956,1.4498308712340877,0.5721925282935433,1,0,0,0,1,0,0,0,0,0,1,0
1,0,1,1,0.10469527697856156,1,0,0,0,0,0,0,0,0,-1.4971566772739122,-0.7138559192802042,-1.5213113510495677,0,1,1,0,0,1,0,0,1,0,0,0
0,0,0,0,1.613876060463074,1,1,1,1,1,1,1,1,1,0.8802734124833267,1.936729617036859,0.9308285826772843,0,0,0,1,0,0,0,0,0,0,1,0
0,1,1,1,1.1652006924001108,1,1,0,0,1,0,1,0,1,0.010157291459508899,0.7360071616301963,0.0023173543315908687,0,0,1,0,0,1,0,0,0,0,1,0
1,0,1,1,0.10469527697856156,1,1,0,0,0,0,0,0,0,-1.3124857605747844,-0.650900557481985,-1.3856644147317412,0,1,0,1,0,0,0,0,1,0,0,0
1,0,1,1,-1.2413308272103278,1,0,0,0,0,0,0,0,1,-0.6786153167696704,-0.9669738294211069,-0.6597284108598128,0,0,0,0,0,1,0,0,0,0,0,0
1,0,1,1,1.613876060463074,1,0,0,0,0,0,0,0,0,-1.4605552343245356,-0.35007720564337425,-1.4643742268442204,0,1,0,1,0,0,0,0,0,0,1,0
0,0,0,0,-1.2821194970342338,1,0,0,0,0,0,0,0,0,0.21479263158556908,-0.9751920860746964,0.21274416121584075,1,0,0,0,0,1,0,0,0,0,0,1
0,0,0,0,-1.1189648177386107,1,1,0,0,1,1,0,0,1,0.5941166766972911,-0.8229565724488458,0.6170809277618228,1,0,0,0,0,1,0,0,0,0,0,0
0,0,0,0,-0.5479234402039304,0,0,0,1,0,0,0,1,1,-0.838330704185132,-0.6944968708528985,-0.9133982739959189,0,0,0,0,0,1,0,1,0,0,0,0
0,0,0,0,0.9612573432805821,1,1,0,1,1,0,1,1,1,1.3943573157268445,1.592705482896224,1.3483433820127235,1,0,1,0,0,1,0,0,0,1,0,0
1,0,1,0,-1.1189648177386107,1,1,0,1,0,0,0,0,1,0.46102052051773956,-0.8254396286035399,0.5796300633194492,1,0,0,0,0,1,0,0,0,0,0,1
0,0,0,0,1.3691440415196396,0,0,1,0,1,1,1,1,1,-0.1179477588633095,0.836362183386729,-0.04621817175455525,0,0,0,1,0,0,0,0,0,0,1,0
1,1,0,0,-1.2821194970342338,1,0,0,0,0,0,0,0,1,-0.6336953640590717,-0.9863987996932276,-0.6323859655810885,0,0,0,0,0,0,1,0,0,0,0,0
0,0,0,0,-0.9965988082668935,1,0,1,0,0,0,0,0,1,-0.5005992078795201,-0.8458973744444271,-0.6375644590050893,0,0,0,0,0,1,0,0,0,0,0,1
1,1,1,0,0.9204686734566764,1,1,0,1,1,1,1,1,1,1.620620781232082,1.7589603755193743,1.6399444812245307,1,0,0,1,0,1,0,0,0,1,0,0
0,0,0,0,-0.5479234402039304,1,0,0,1,0,0,1,0,0,-0.22276098185470627,-0.5471835216398928,-0.3286973070148441,0,0,1,0,0,1,0,1,0,0,0,0
0,0,0,0,0.5533706450415247,1,0,0,0,1,1,0,0,0,-0.35086603217752466,0.074635266550685,-0.37945934067736975,0,0,0,1,1,0,0,0,1,0,0,1
0,0,0,0,-0.09924807214096716,1,0,1,1,1,1,1,0,0,0.32459696043369946,0.008032229339375247,0.39845184005840806,0,0,1,0,1,0,0,0,1,0,0,0
0,0,1,0,-0.3439800910844016,1,0,0,1,1,0,1,1,1,1.1448020228901854,0.0619782723462262,1.2055649204652727,1,0,0,0,1,0,0,1,0,0,0,1
1,0,1,0,1.613876060463074,1,1,1,1,1,1,1,1,1,0.901901537862504,1.9740633551503575,0.9699319619100724,0,0,0,1,1,0,0,0,0,0,1,0
1,0,1,1,1.613876060463074,1,1,1,1,1,0,1,1,1,1.510816452383952,2.4947360594466237,1.5152848582731784,1,0,0,1,0,0,0,0,0,0,1,0
0,0,0,0,-0.9558101384429878,1,0,0,0,0,0,0,0,0,-1.4888381675126903,-0.9018869946405397,-1.2749794606837648,0,1,0,0,0,0,0,0,0,0,0,0
0,0,1,1,0.8796800036327707,1,1,1,0,0,1,0,0,0,-0.16286771157390817,0.43228324861973016,-0.14258487793381955,0,0,0,1,0,0,0,0,0,1,0,0
0,0,1,1,1.613876060463074,1,1,0,1,1,0,1,1,1,1.2745707751652484,2.2292907643253366,1.2372573002201575,1,0,1,0,1,0,0,0,0,0,1,0
1,0,1,1,-0.7518667893234591,1,0,0,0,0,0,0,0,0,-1.5021477831306453,-0.8705960923017391,-1.4196353315931862,0,1,1,0,0,0,1,1,0,0,0,0
1,0,0,0,1.5730873906391682,1,1,0,1,0,0,0,0,1,0.47100273223120587,1.433658045306168,0.43990935105606493,1,0,1,0,1,0,0,0,0,0,1,0
1,0,1,0,1.5322987208152625,1,1,0,0,0,0,0,0,0,-1.3224679722882509,-0.15358616019846133,-1.2330438565395898,0,1,0,1,0,0,0,0,0,0,1,0
0,0,0,0,-0.9965988082668935,1,1,1,0,0,1,0,1,0,0.20813782377659187,-0.7588365913922301,0.18312317883055632,0,0,0,0,0,1,0,0,0,0,0,1
1,0,0,0,-0.8334441289712705,1,1,0,0,0,0,0,0,0,-1.327459078144984,-0.8675856613885257,-1.2786619448963878,0,1,0,0,0,1,0,0,0,0,0,0
1,0,1,0,-0.30319142126049586,1,0,0,0,0,1,1,1,1,1.0250154823285893,0.02110672856099493,0.9479742291712557,1,0,0,0,1,0,0,0,1,0,0,0
1,0,1,1,1.287566701871828,1,1,0,1,1,1,1,1,1,1.4742150094345756,1.956044717567621,1.3389370186004133,1,0,0,1,1,0,0,0,0,0,1,0
1,0,1,1,-1.2821194970342338,1,0,0,0,0,0,0,0,0,-1.4805196577514683,-0.9975835393634871,-1.4758589744823378,0,1,1,0,0,0,1,0,0,0,0,0
0,0,1,0,-0.46634610055611886,1,0,0,0,0,1,1,0,1,0.703921005545421,-0.20718062003296614,0.718638581654227,1,0,0,0,0,1,0,1,0,0,0,0
0,0,0,0,0.18627261662637304,1,0,0,1,1,0,0,0,0,0.5042767712760937,0.3202820342792335,0.5523637558899857,1,0,1,0,0,1,0,0,1,0,0,0
0,0,0,0,-1.1189648177386107,1,0,0,0,0,0,0,0,1,-0.69358863433987,-0.9177082373961131,-0.8120175454728281,0,0,0,0,1,0,0,0,0,0,0,0
1,0,0,0,-1.2413308272103278,1,0,0,0,0,0,0,0,1,0.16321787106599295,-0.9473510936145416,0.08017472956142045,1,0,0,0,1,0,0,0,0,0,0,1
1,1,0,0,1.5322987208152625,0,0,0,1,1,0,1,0,1,-0.69358863433987,0.3170079159867608,-0.7260604729126137,0,0,1,0,1,0,0,0,0,0,1,0
1,0,0,0,0.5941593148654305,1,1,1,1,0,0,1,0,0,0.99506884718819,0.9868617550991212,1.0465212675359827,1,0,1,0,0,0,0,0,1,0,0,0
0,0,0,0,0.3902159657459017,1,1,0,0,1,1,1,1,1,0.4510383088042733,0.4759894317320018,0.5099995475504847,0,0,0,1,1,0,0,0,1,0,0,0
0,0,1,1,0.4310046355698075,1,0,0,0,0,0,1,0,0,-0.29097276189672655,0.09184086804737111,-0.2256213286298075,0,0,0,0,0,1,0,0,1,0,0,1
0,0,0,0,1.450721381167451,1,0,0,0,0,0,0,0,0,-1.4771922538469795,-0.3803353324134083,-1.457484461344942,0,1,0,1,1,0,0,0,0,0,1,0
0,1,0,0,-0.2216140816126844,1,1,1,1,1,0,1,1,1,1.5174712601929299,0.24930618136186955,1.3557258860770767,1,0,1,0,0,0,0,0,1,0,0,0
1,0,1,0,-0.4255574307322131,1,0,1,0,0,1,0,0,1,-0.2876453579922377,-0.4386541911263136,-0.2053014897398593,0,0,1,0,1,0,0,1,0,0,0,0
0,0,1,1,1.0836233527522994,1,1,1,0,1,1,1,0,1,0.38449023071449756,0.9796762740142981,0.38679771375025696,0,0,0,1,0,0,1,0,0,1,0,0
1,0,0,0,0.9612573432805821,1,1,0,1,0,0,1,1,0,1.1215101955587639,1.4462051697692688,1.1510575782537906,1,0,0,0,0,1,0,0,0,1,0,0
1,0,0,0,0.8388913338088649,1,0,0,0,0,0,0,0,0,-1.5104662928918673,-0.5448762570713717,-1.4950565289719167,0,1,0,1,1,0,0,0,0,1,0,0
1,0,0,0,-0.5479234402039304,1,0,0,0,0,0,1,0,1,0.45935681856549526,-0.3494839090400403,0.4559916249554319,1,0,0,0,0,0,0,1,0,0,0,0
0,1,1,1,1.2059893622240165,1,1,0,1,1,0,0,1,1,1.0383250979465442,1.6388288003183749,1.0657055064552596,1,0,0,0,1,0,0,0,0,0,1,0
0,0,0,0,-0.09924807214096716,1,0,0,0,0,1,1,0,0,0.6739743704050222,0.1167153774908559,0.6716553437928928,1,0,0,0,0,1,0,0,1,0,0,1
1,1,0,0,-0.2216140816126844,1,1,0,1,0,1,1,1,1,1.3228181317803358,0.29606674328389765,1.4863313261514315,1,0,1,0,0,0,0,0,1,0,0,0
1,0,0,0,-0.7110781194995532,1,0,0,0,1,1,1,1,1,1.2130138029322055,-0.323620571924332,1.2814747294032258,1,0,0,0,0,1,0,1,0,0,0,1
0,1,0,0,-1.2821194970342338,1,0,0,1,0,0,0,0,1,0.26969479600963425,-0.9744669457817327,0.26742905177328935,1,0,0,0,0,1,0,0,0,0,0,1
1,0,0,0,-0.4255574307322131,1,1,0,0,0,0,0,0,1,-1.332450184001717,-0.78970998871387,-1.4086703761665749,0,1,0,0,1,0,0,1,0,0,0,0
1,0,1,1,-0.915021468619082,1,0,0,1,0,0,0,0,0,-0.5105814195929866,-0.7974887664020269,-0.5753811099696878,0,0,1,0,0,0,1,0,0,0,0,0
0,0,1,0,1.4099327113435454,1,1,1,1,1,0,0,0,0,0.02513060902970854,0.8932527354619786,-0.013613196713497491,0,0,0,1,0,0,1,0,0,0,1,0
1,1,1,0,1.613876060463074,1,1,1,1,1,0,1,1,1,1.4858609231002862,2.4744321312436384,1.4940185119452818,1,0,0,1,0,0,0,0,0,0,1,0
0,0,0,0,-0.7926554591473648,1,0,0,0,0,0,1,0,1,0.5658337435091366,-0.5543690027247157,0.4711270823346007,1,0,0,0,0,0,1,1,0,0,0,0
1,0,1,1,1.450721381167451,1,0,1,1,0,1,1,1,0,0.5974440806017797,1.5320793596147975,0.6634071206984132,0,0,0,1,0,0,0,0,0,0,1,0
1,0,0,0,0.4717933053937132,1,0,0,0,0,0,0,0,0,0.13160753397334937,0.29384737450846293,0.07682283199970379,1,0,0,0,1,0,0,0,1,0,0,0
1,0,0,0,-0.7926554591473648,1,0,0,1,1,0,0,0,1,0.49595826151487177,-0.5787381113579531,0.32976217877233893,1,0,0,0,0,1,0,1,0,0,0,1
1,0,0,0,-1.2821194970342338,1,0,0,0,0,0,0,0,1,0.17153638082721492,-0.9757634087297588,0.16965909592815426,1,0,0,0,0,1,0,0,0,0,0,1
0,0,1,0,0.4310046355698075,1,0,1,0,1,1,1,1,1,0.46268422246998386,0.5141801538280942,0.5150718331137852,0,0,0,1,0,1,0,0,1,0,0,0
0,0,0,0,-0.7518667893234591,1,0,1,0,0,0,0,0,0,-0.49228069811829817,-0.6947385842838864,-0.4723557230839668,0,0,0,0,0,0,0,1,0,0,0,0
0,0,1,1,-0.6702894496756475,1,0,0,0,0,0,0,0,0,-1.5038114850828896,-0.8740240282321132,-1.5273331991169057,0,1,0,1,0,0,1,1,0,0,0,0
0,0,1,1,1.5730873906391682,1,1,1,1,1,1,1,1,0,1.6222844831843268,2.5825879046365996,1.6602483129368786,1,0,0,1,1,0,0,0,0,0,1,0
0,0,0,0,-0.7110781194995532,1,0,0,0,0,0,0,0,0,-1.5137936967963561,-0.8794076455586625,-1.512757466292818,0,1,0,0,0,0,0,1,0,0,0,1
0,0,1,1,-0.6702894496756475,1,1,0,1,0,0,0,0,1,0.5009493673716051,-0.449311556038054,0.47446521886484117,1,0,0,0,1,0,0,1,0,0,0,0
1,0,0,0,-1.1597534875625164,1,0,0,0,0,0,0,0,0,-1.4705374460380018,-0.9744449718334609,-1.5467007645226685,0,1,0,0,0,0,1,0,0,0,0,0
0,0,0,0,-1.2821194970342338,1,0,0,0,0,0,0,0,0,-1.5137936967963561,-0.9980230183289197,-1.5090013323959428,0,1,0,0,1,0,0,0,0,0,0,0
0,0,0,0,-0.6295007798517418,1,0,0,0,0,0,0,0,1,0.16987267887497062,-0.5035652343207078,0.07929743185194299,1,0,0,0,0,1,0,1,0,0,0,1
0,0,1,0,-1.2821194970342338,1,0,0,0,0,0,0,0,1,-1.4722011479902464,-0.9974736696221289,-1.4675733850039365,0,1,0,0,0,0,1,0,0,0,0,0
0,0,0,0,-1.1189648177386107,1,1,0,0,0,0,1,1,1,0.9651222120477911,-0.7925885759374535,1.0751083141278452,1,0,0,0,0,0,1,0,0,0,0,1
1,0,0,0,-0.5887121100278361,1,0,0,1,1,0,1,1,0,1.2113501009799612,-0.21783798494470655,1.1524220701718606,1,0,0,0,1,0,0,1,0,0,0,0
1,0,1,1,-0.4255574307322131,1,0,0,0,0,0,0,0,0,-1.4855107636082014,-0.7919733053858479,-1.416428700859987,0,1,1,0,0,0,0,1,0,0,0,0
0,0,1,0,1.613876060463074,1,1,0,1,1,1,1,1,1,1.5158075582406856,2.501591931307372,1.5224657024877928,1,0,0,1,0,0,0,0,0,0,1,0
0,0,1,0,1.613876060463074,1,1,1,1,1,1,1,0,0,0.4759938380879392,1.3674725131120193,0.33458835760099737,0,0,0,1,1,0,0,0,0,0,1,0
0,1,0,0,-1.1597534875625164,1,0,0,1,0,0,0,0,0,0.2613762862484123,-0.8669044689921052,0.480782980842122,1,0,0,0,0,1,0,0,0,0,0,0
0,0,1,1,1.1652006924001108,1,0,1,0,0,0,0,0,1,-0.5055903137362533,0.29492409797377295,-0.5429830968157816,0,0,1,0,0,0,0,0,0,0,1,0
1,0,1,0,0.9612573432805821,0,0,0,0,1,1,1,1,1,-0.3608482438909912,0.2942209316290808,-0.4002710946218756,0,0,1,0,0,0,0,0,0,1,0,0
1,0,1,1,-0.09924807214096716,1,0,0,1,1,0,0,0,0,0.5708248493658695,0.12299992669654189,0.6874532010650443,1,0,0,0,0,0,0,0,1,0,0,0
1,0,1,1,0.9612573432805821,0,0,0,1,1,0,0,0,1,-0.9581172447467284,-0.14011612990795227,-0.9851745290150168,0,0,1,0,1,0,0,0,0,1,0,0
1,0,0,0,-0.2216140816126844,1,0,0,0,0,0,0,0,1,0.13826234178232705,-0.21845325549631223,0.04924186217538939,1,0,0,0,0,0,1,0,1,0,0,0
1,1,0,0,-1.1597534875625164,0,0,0,0,0,0,0,0,1,-1.3208042703360063,-0.9615023163014711,-1.3026901543837512,0,0,0,0,0,0,0,0,0,0,0,1
1,0,0,0,-0.30319142126049586,1,0,0,0,0,0,0,0,0,0.16155416911374865,-0.24653596138745504,0.14062639039583605,1,0,0,0,0,1,0,0,1,0,0,0
0,0,1,1,1.4099327113435454,1,1,0,0,1,1,0,1,1,0.16654527497048202,1.0220420462820001,0.13134751950414356,0,0,0,1,0,0,0,0,0,0,1,0
0,0,1,0,1.3283553716957337,1,0,0,0,0,1,1,0,1,-0.16952251938288584,0.6670748859020937,-0.21022880812617586,0,0,0,1,1,0,0,0,0,0,1,0
0,0,1,1,0.9612573432805821,1,1,0,0,1,0,1,1,1,1.1614390424126293,1.4173753496368904,1.1122336732692817,1,0,1,0,1,0,0,0,0,1,0,0
0,0,1,0,0.8796800036327707,1,1,0,0,0,0,1,1,1,0.174863784731704,0.6264011076513072,0.12850733485209484,0,0,1,0,1,0,0,0,0,1,0,1
0,0,1,0,-1.2005421573864221,1,1,0,0,0,0,0,0,1,0.32792436433818806,-0.9056884876915317,0.3834273044709071,1,0,0,0,1,0,0,0,0,0,0,1
0,0,0,0,-1.2821194970342338,1,0,0,0,0,0,0,0,1,0.17320008277945922,-0.9757414347814872,0.1713162138238344,1,0,0,0,0,1,0,0,0,0,0,1
0,0,1,1,0.9204686734566764,1,1,1,0,0,0,1,1,0,1.1980404853620064,1.3879961807977217,1.1312996754995486,1,0,1,0,0,0,1,0,0,1,0,0
0,0,1,0,1.002046013104488,1,1,0,1,1,1,1,0,0,0.3229332584814547,0.913512715768421,0.38834051367038025,0,0,1,0,0,0,0,0,0,1,0,0
0,0,1,0,1.613876060463074,1,1,1,1,0,0,0,1,1,0.9834229335224794,2.0353926447764765,1.0341682958940113,1,0,0,1,1,0,0,0,0,0,1,0
0,0,0,0,-1.1189648177386107,1,0,0,0,0,0,0,1,1,0.5026130693238494,-0.8252638370173668,0.5822814519525376,1,0,0,0,0,1,0,0,0,0,0,1
0,0,0,0,0.349427295921996,1,0,0,0,0,0,0,0,1,-1.5021477831306453,-0.65191135910248,-1.4996648876666223,0,1,1,0,0,0,1,0,1,0,0,0
0,1,1,0,-1.2821194970342338,1,0,1,0,0,0,0,0,1,-0.5105814195929866,-0.9847727275211269,-0.5097592413007498,0,0,0,0,0,1,0,0,0,0,0,1
1,0,1,1,1.4099327113435454,0,0,1,0,0,0,1,1,0,-0.4656614668823879,0.4356672366535613,-0.5286553319320887,0,0,0,1,1,0,0,0,0,0,1,0
1,0,1,0,0.8388913338088649,1,1,1,0,1,1,1,0,0,0.4161005678071411,0.8199036961312783,0.4468667801376095,0,0,1,0,0,0,0,0,0,1,0,0
1,0,1,1,-0.6702894496756475,1,0,1,0,1,0,1,0,0,-0.02145304563313468,-0.5565224496553354,-0.030852169449156374,0,0,0,1,0,0,1,1,0,0,0,0
0,0,0,0,1.1652006924001108,1,1,0,0,1,0,0,1,0,0.808734228536818,1.4108490870002166,0.8366083001387432,1,0,0,0,0,0,1,0,0,0,1,0
0,0,0,0,-1.2821194970342338,0,0,0,0,0,0,0,0,1,-1.3307864820494728,-0.9956058840190404,-1.3267183638711149,0,0,0,0,0,0,1,0,0,0,0,0
1,0,1,1,0.023117937330750068,1,0,0,0,1,1,1,1,1,0.29964143115003355,0.05041997555534909,0.26346201196241875,0,0,1,0,0,0,1,0,1,0,0,1
1,0,0,0,0.0639066071546558,1,1,1,1,1,1,1,1,0,1.7087969847010351,0.7070015499116451,1.6487342953460566,1,0,1,0,1,0,0,0,1,0,0,0
0,0,1,0,0.4310046355698075,1,1,0,0,0,1,1,0,1,-0.001488622206202143,0.27154381701275876,0.08953937255328796,0,0,1,0,0,0,0,0,1,0,0,0
0,0,0,0,-0.915021468619082,1,1,0,1,0,0,0,0,1,0.5042767712760937,-0.6414737336734558,0.6011725959632928,1,0,0,0,0,0,0,0,0,0,0,1
1,0,1,0,-0.1400367419648729,1,1,0,1,0,0,0,0,1,0.5076041751805828,-0.011019183812127678,0.4368550711074945,1,0,0,0,0,0,0,0,1,0,0,1
0,0,1,1,-0.3439800910844016,0,0,1,1,1,1,0,1,1,-0.4124230044105673,-0.47559239817092314,-0.48359058786479897,0,0,0,1,0,0,1,1,0,0,0,0
0,0,1,1,1.4915100509913568,1,0,0,1,1,1,0,0,0,-0.19281434671430722,0.8105647681158358,-0.16596731845056384,0,0,1,0,0,0,0,0,0,0,1,0
1,1,1,0,0.0639066071546558,1,0,0,0,0,0,0,0,0,0.22144743939454675,0.06022035648449583,0.21415758530333287,1,0,0,0,1,0,0,0,1,0,0,0
0,0,0,0,-0.3439800910844016,1,0,0,0,0,0,0,0,1,-1.508802590939623,-0.7999059007119061,-1.5026490471291685,0,1,0,1,0,0,0,1,0,0,0,0
0,0,0,0,-1.2413308272103278,1,0,0,0,0,0,0,0,0,-1.4821833597037126,-0.991123198571628,-1.5703146945361124,0,1,0,0,1,0,0,0,0,0,0,0
0,0,1,0,-0.8334441289712705,1,0,0,1,0,0,0,0,1,-0.45401555321667714,-0.7375438355170211,-0.4614266360100757,0,0,0,0,0,1,0,0,0,0,0,0
1,0,0,0,-1.2413308272103278,1,0,0,0,1,0,0,1,1,0.6972661977364434,-0.9330240793414389,0.6203951635531836,1,0,0,0,0,1,0,0,0,0,0,1
0,0,1,1,0.9612573432805821,1,0,0,0,0,0,0,0,1,-1.500484081178401,-0.5143764168703496,-1.4891751004297684,0,1,0,1,1,0,0,0,0,1,0,0
0,0,0,0,0.2678499562741845,1,0,0,0,1,1,0,0,1,0.5175863868940491,0.4004649715224105,0.5687270773699226,1,0,0,1,0,1,0,0,1,0,0,1
1,0,1,1,-0.3439800910844016,1,0,0,0,0,0,0,0,0,-1.4855107636082014,-0.8132880352093287,-1.5446984137320547,0,1,1,0,0,0,1,1,0,0,0,0
1,0,0,0,-0.5071347703800245,1,1,0,1,0,1,1,0,1,0.12661642811661647,-0.3841587994126719,0.19484728794249428,0,0,1,0,0,1,0,1,0,0,0,0
0,0,0,0,-1.1189648177386107,1,0,1,0,1,0,0,0,0,-0.3026186755624374,-0.8745294290423606,-0.16077021247048834,0,0,0,0,1,0,0,0,0,0,0,0
1,0,0,0,-1.2821194970342338,1,0,0,0,0,0,0,0,1,-1.4905018694649346,-0.9977153830531169,-1.4858016818564193,0,1,0,0,0,0,1,0,0,0,0,1
1,1,0,0,-0.017670732493155674,1,1,0,0,1,0,0,0,1,0.5392145122732259,0.14455636995101073,0.5607907042429343,1,0,0,0,1,0,0,0,1,0,0,0
1,0,1,1,-0.2216140816126844,1,1,0,0,0,1,1,1,0,0.22311114134679105,-0.14644462701018165,0.2503668749214705,0,0,0,0,0,0,0,0,1,0,0,0
1,0,0,0,-0.4255574307322131,1,0,0,0,0,0,0,0,0,-1.4838470616559571,-0.8012463115564755,-1.4482152350407627,0,1,1,0,1,0,0,1,0,0,0,0
1,1,1,1,0.349427295921996,1,1,0,1,1,1,1,1,1,1.5657186168080173,0.9864442500819599,1.5138242143827443,1,0,1,0,0,1,0,0,1,0,0,1
1,1,1,0,-0.9558101384429878,1,0,0,0,0,0,0,0,1,-1.4522367245633134,-0.9166534878790747,-1.3987109302278906,0,1,0,0,0,0,1,0,0,0,0,0
0,0,0,0,-1.2413308272103278,1,0,0,0,0,0,0,0,1,-0.6336953640590717,-0.9601399315086301,-0.4020465780815333,0,0,0,0,0,0,1,0,0,0,0,0
0,0,1,0,-0.26240275143659014,1,0,0,1,1,0,1,1,1,0.2863318155320782,-0.16903384583341696,0.2772442885400107,0,0,0,1,1,0,0,0,1,0,0,0
0,0,0,0,0.10469527697856156,1,1,0,0,1,0,1,1,1,1.1764123599828291,0.5437570882017078,1.1884078319667837,1,0,0,0,0,1,0,0,1,0,0,1
1,0,1,1,1.4915100509913568,1,0,1,1,1,1,1,0,1,0.36119840338307596,1.3614296773373211,0.436094834111875,0,0,0,1,0,0,0,0,0,0,1,0
1,0,0,0,-0.8334441289712705,1,1,0,0,0,1,1,1,1,1.1664301482693626,-0.5087291121645408,0.9765374179664644,1,0,0,0,0,0,1,0,0,0,0,1
1,0,1,1,0.8796800036327707,1,1,1,1,0,1,0,0,1,0.02513060902970854,0.5609407157501222,0.03708966427373394,0,0,0,1,1,0,0,0,0,1,0,0
0,0,1,0,0.023117937330750068,1,1,0,0,1,1,0,1,1,1.0017236549971675,0.3154697396077467,0.8691637106804555,1,0,0,0,1,0,0,0,1,0,0,0
1,0,1,0,-1.2413308272103278,1,0,0,0,0,1,1,1,1,0.9751044237612574,-0.9329361835483525,0.623709399344544,1,0,0,0,0,1,0,0,0,0,0,1
1,1,0,0,1.2467780320479223,1,1,1,1,1,0,1,1,1,1.4808698172435533,2.0836254612327036,1.547066012201046,1,0,0,0,0,0,0,0,0,0,1,0
0,0,0,0,-0.9965988082668935,1,0,0,1,0,0,0,0,0,0.35620729752634256,-0.7711859503208861,0.06671064665901838,1,0,0,0,0,1,0,0,0,0,0,0
0,0,0,0,-1.2413308272103278,1,0,0,0,0,0,0,0,1,-1.4705374460380018,-0.9890356734858232,-1.4916015944913004,0,1,0,0,0,0,0,0,0,0,0,0
1,0,0,0,0.8796800036327707,1,0,1,1,0,1,1,0,1,0.16654527497048202,0.7000797562060816,0.23140208122646314,0,0,0,0,0,0,1,0,0,1,0,0
0,0,1,1,-1.1597534875625164,1,0,1,0,0,0,0,0,0,-0.4856258903093207,-0.9111380268628958,-0.3531616001589658,0,0,0,0,0,1,0,0,0,0,0,0
0,1,0,0,1.613876060463074,1,1,0,1,1,1,1,1,0,1.555736405094551,2.48443027770723,1.5044905764249275,1,0,0,1,0,1,0,0,0,0,1,0
1,0,0,0,-1.2821194970342338,1,0,0,0,0,0,0,0,0,-1.508802590939623,-0.9979570964841047,-1.5040299787089022,0,1,0,0,0,0,1,0,0,0,0,0
0,1,0,0,0.10469527697856156,1,1,1,0,0,0,1,1,1,1.1364835131289635,0.5556230202683878,1.2139747937858505,1,0,0,0,0,1,0,0,1,0,0,0
0,0,0,0,-1.2005421573864221,1,1,0,0,0,0,0,0,1,0.3112873448157441,-0.9141264838278373,0.17131621382383488,1,0,0,0,0,1,0,0,0,0,0,1
0,0,0,0,-0.6295007798517418,1,1,0,0,1,0,0,0,0,0.5042767712760937,-0.4151640404239414,0.4714495079885112,1,0,0,0,0,0,0,1,0,0,0,0
1,1,1,0,-0.1400367419648729,1,1,0,0,0,0,1,1,1,0.9834229335224794,0.15967444636189201,0.8807340991641917,1,0,0,0,0,1,0,0,1,0,0,1
0,1,0,0,0.4310046355698075,1,1,0,1,0,0,1,0,1,0.8436719695339502,0.6805009682960595,0.8067631203789903,1,0,0,0,0,1,0,0,1,0,0,0
1,0,0,0,-0.5071347703800245,1,0,0,0,0,0,0,0,1,-1.5038114850828896,-0.823769608534896,-1.4627677431064636,0,1,1,0,0,0,1,1,0,0,0,0
1,0,0,0,-0.6295007798517418,1,0,0,1,1,0,0,1,1,0.8669637968653718,-0.2980209221878834,0.991102184569184,1,0,0,0,1,0,0,1,0,0,0,0
0,0,1,1,1.5730873906391682,1,0,0,0,0,0,0,0,0,-1.4971566772739122,-0.392464951859348,-1.4997121363046648,0,1,0,1,1,0,0,0,0,0,1,0
0,0,1,1,1.002046013104488,1,0,0,1,0,0,1,1,1,1.0017236549971675,1.426318746583444,1.0667994668544167,1,0,1,0,0,1,0,0,0,1,0,0
0,0,1,1,-0.4255574307322131,1,0,0,0,0,0,0,0,0,-1.4971566772739122,-0.8306254803956445,-1.5489228089736944,0,1,0,0,0,0,1,1,0,0,0,0
0,0,0,0,-0.9558101384429878,1,0,0,0,0,0,0,1,1,0.4876397517536498,-0.6886298266643732,0.5119460034914424,1,0,0,0,0,1,0,0,0,0,0,1
1,1,1,0,-1.2821194970342338,1,1,0,0,0,0,0,0,1,0.3162784506724775,-0.973851675230127,0.3138283528523366,1,0,0,0,0,1,0,0,0,0,0,1
0,0,0,0,-0.7110781194995532,1,0,0,0,0,0,0,0,0,-1.4971566772739122,-0.8657178757854371,-1.4439318363588984,0,1,0,0,0,0,1,1,0,0,0,0
0,0,0,0,-1.2005421573864221,1,1,0,0,0,0,1,0,1,-0.1545492018126862,-0.9316177466520547,-0.268372401163326,0,0,0,0,0,1,0,0,0,0,0,0
1,1,0,0,-1.1597534875625164,1,0,0,0,0,0,0,0,1,0.19150080425414795,-0.8774080162659442,0.28275739230833186,1,0,0,0,0,1,0,0,0,0,0,0
1,0,0,0,0.18627261662637304,1,1,1,1,1,1,1,1,1,0.8553178831996607,0.46950711699187103,0.8565120702025428,0,0,1,0,0,0,0,0,1,0,0,0
0,1,1,0,-0.8334441289712705,1,1,0,1,1,0,1,0,1,1.10487317603632,-0.5406133111066754,0.7761642457471275,1,0,0,0,0,1,0,0,0,0,0,1
0,0,1,1,1.5730873906391682,1,1,1,1,1,1,1,1,0,1.6538948202769699,2.55334057948706,1.6291831873150415,1,0,0,1,0,0,0,0,0,0,1,0
1,0,0,1,-0.09924807214096716,0,0,0,0,0,0,1,1,1,-0.6786153167696704,-0.43179831926556517,-0.7071772199394574,0,0,0,0,0,1,0,0,1,0,0,0
1,0,1,0,0.10469527697856156,1,1,0,0,0,0,0,0,1,0.3428976819083877,0.12563680048913745,0.2875038514238158,1,0,0,0,0,1,0,0,1,0,0,1
1,0,0,0,-0.4255574307322131,1,1,0,1,0,0,0,0,1,0.4809849439446721,-0.24609648242202245,0.4547586975258704,1,0,0,0,0,1,0,1,0,0,0,1
1,0,1,0,-0.09924807214096716,1,0,0,0,0,0,0,0,0,-1.5254396104620669,-0.7263590958467615,-1.4476327329925842,0,1,0,1,0,0,1,0,1,0,0,0
0,0,0,0,-1.1597534875625164,0,0,1,0,1,1,0,1,0,-0.5538376703513408,-0.9176642894995698,-0.4762026039132246,0,0,0,0,0,0,1,0,0,0,0,0
1,1,0,0,-1.1597534875625164,1,0,0,0,0,0,0,0,0,0.14824455349579332,-0.8915592389528737,0.015961411103810608,1,0,0,0,0,1,0,0,0,0,0,0
1,0,1,1,-1.2821194970342338,1,0,0,0,0,0,0,0,0,-1.5054751870351342,-0.9979131485875615,-1.5007157429175417,0,1,1,0,0,0,1,0,0,0,0,0
1,1,0,0,-0.7110781194995532,1,1,0,0,0,0,0,0,0,0.35787099947858736,-0.5026203545450277,0.3815492375224698,1,0,0,0,0,1,0,1,0,0,0,1
1,0,0,0,0.023117937330750068,1,0,0,1,0,1,0,0,0,0.522577492750782,0.1585537750000388,0.5105734411940099,1,0,0,1,0,0,0,0,1,0,0,0
0,0,0,0,-0.5071347703800245,1,0,1,0,1,0,1,0,1,0.8153890363457957,-0.18421784408911307,0.9487530745822259,1,0,0,0,0,0,0,1,0,0,0,0
0,0,0,0,-1.2821194970342338,1,0,0,0,0,0,0,0,0,0.17320008277945922,-0.9757414347814872,0.1713162138238344,1,0,0,0,0,1,0,0,0,0,0,0
0,0,1,1,1.4099327113435454,1,1,0,0,1,1,1,1,1,1.3560921708252238,1.9458268316213132,1.1711271662862013,1,0,0,1,0,0,0,0,0,0,1,0
1,1,1,0,-1.0373874780907992,1,1,0,0,1,0,1,1,1,1.2329782263591385,-0.6985400773348783,1.16629714461585,1,0,0,0,0,1,0,0,0,0,0,1
1,0,1,1,-0.18082541178877864,1,0,0,1,1,1,1,0,0,0.9318481730029032,0.2100826836970105,1.1248100144418547,1,0,1,0,0,0,0,0,1,0,0,0
0,0,1,0,1.2467780320479223,1,1,1,1,0,0,1,1,1,0.49263085761038317,1.0968633401468992,0.3658828975436257,0,0,1,0,1,0,0,0,0,0,1,0
1,0,0,0,-0.915021468619082,0,0,0,0,0,0,0,1,1,-1.031320130645482,-0.8753864130249542,-1.1628294039883378,0,0,0,0,0,0,1,0,0,0,0,1
0,0,0,0,-0.2216140816126844,1,0,0,1,1,1,1,1,0,0.44271979904305137,-0.09289411507222009,0.39993710869083254,0,0,1,0,0,0,1,0,1,0,0,0
0,0,0,0,0.10469527697856156,0,0,0,0,0,0,0,0,0,-1.3557420113331387,-0.6494722508443291,-1.3825869100683348,0,0,0,0,0,1,0,0,1,0,0,0
1,0,0,0,0.4717933053937132,1,0,0,1,0,1,1,1,0,1.1863945716962954,0.9263455015590527,1.1608792299374406,1,0,0,0,0,1,0,0,1,0,0,1
0,0,1,1,1.613876060463074,1,0,1,1,1,1,1,1,0,0.6789654762617551,1.6871055646711453,0.6693722035810665,0,0,0,1,0,0,0,0,0,0,1,0
0,0,1,0,1.613876060463074,1,1,0,0,0,0,0,0,1,-1.319140568383762,-0.1973802391038193,-1.3044393343847471,0,1,0,1,0,0,0,0,0,0,1,0
0,0,0,0,-1.2821194970342338,1,0,0,0,0,0,0,0,1,0.1532356593525267,-0.9760051221607468,0.15143079907567156,1,0,0,0,0,1,0,0,0,0,0,1
1,0,1,1,-0.38476876090830736,1,1,0,0,0,0,0,0,0,-1.349087203524161,-0.76988948737286,-1.3759996091165623,0,1,1,0,0,0,1,1,0,0,0,0
1,1,0,0,-1.2005421573864221,1,1,0,1,1,0,1,1,1,1.3344640454460464,-0.8771443288866846,1.1009593533004567,1,0,0,0,0,1,0,0,0,0,0,1
0,0,0,0,-0.5887121100278361,1,0,0,0,0,0,0,0,1,0.2064741218243471,-0.4581890311397924,0.14544676223015948,1,0,0,0,0,1,0,1,0,0,0,0
0,0,0,0,-0.7518667893234591,1,1,0,0,1,0,0,0,1,0.5175863868940491,-0.5354274593145709,0.38579461575045026,1,0,0,0,0,1,0,1,0,0,0,1
0,1,1,0,-0.05845940231706142,1,1,0,0,0,0,0,1,1,0.6639921586915555,0.150774997311882,0.6634267734248804,1,0,0,0,0,1,0,0,1,0,0,0
0,0,1,0,0.18627261662637304,0,0,1,0,0,1,1,0,0,-0.6486686816292713,-0.30641497042764604,-0.7249606328884152,0,0,0,1,0,1,0,0,1,0,0,0
1,1,1,0,1.613876060463074,0,0,1,1,1,1,1,1,1,0.0018387816982869288,0.9913224665982618,-0.059391422096983074,0,0,0,1,1,0,0,0,0,0,1,0
0,0,0,0,0.023117937330750068,1,1,1,0,0,0,0,1,1,0.8569815851519056,0.307317404798972,0.8505336882775048,1,0,0,0,0,1,0,0,1,0,0,0
1,0,0,0,-0.7110781194995532,1,1,0,0,0,0,1,1,1,0.9468214905731025,-0.3716556228461146,1.0399774147394238,1,0,0,0,0,1,0,1,0,0,0,1
0,0,1,1,1.0836233527522994,1,1,1,1,1,1,1,1,0,0.8453356714861945,1.2761268101468548,0.7657159769811432,0,0,0,1,1,0,0,0,0,1,0,0
0,1,0,0,-1.2821194970342338,0,0,0,0,0,0,0,0,0,-1.319140568383762,-0.995452066381139,-1.315118538601353,0,0,0,0,0,1,0,0,0,0,0,1
0,0,1,1,-0.8334441289712705,1,0,0,0,0,0,0,0,1,-1.4905018694649346,-0.9044139986917771,-1.5101060776597297,0,1,0,0,1,0,0,0,0,0,0,0
0,0,1,0,1.124412022576205,0,0,1,1,1,0,0,1,0,-0.4939444000705427,0.2729940975986864,-0.543730158162195,0,0,1,0,0,1,0,0,0,1,0,0
0,0,1,1,-0.05845940231706142,1,1,0,1,0,0,0,1,1,0.8736186046743495,0.30988835674675264,1.0504974406061938,1,0,0,0,0,1,0,0,1,0,0,1
1,0,1,1,-1.078176147914705,1,0,0,0,0,0,0,0,0,-1.4988203792261565,-0.9455272559079964,-1.3849936765358706,0,1,0,0,1,0,0,0,0,0,0,0
1,1,1,0,1.287566701871828,1,1,0,0,1,1,1,1,0,1.2379693322158714,1.8669623312744346,1.2339689568959173,1,0,0,1,0,1,0,0,0,0,1,0
0,1,1,0,1.4099327113435454,1,1,1,1,0,0,1,1,1,1.354428468872979,2.1190914137431136,1.3661476828151389,1,0,1,0,0,1,0,0,0,0,1,0
0,0,0,0,0.7981026639849592,0,0,1,1,0,1,0,0,0,-0.8582951276120648,-0.1354576528743668,-0.8886656216784079,0,0,0,1,0,0,1,0,0,1,0,0
1,1,1,1,1.613876060463074,1,1,1,1,1,1,1,1,1,1.6921599651785912,2.6847008422548626,1.714254083386453,1,0,0,1,1,0,0,0,0,0,1,0
0,0,1,1,1.5730873906391682,1,1,1,1,1,0,1,0,0,1.184730869744051,2.083273878060357,1.1299005672531826,1,0,0,1,0,0,0,0,0,0,1,0
0,1,0,0,0.0639066071546558,1,1,0,1,0,1,1,0,1,1.046643607707766,0.3954988592130221,0.9578136103706656,1,0,0,0,0,1,0,0,1,0,0,0
1,0,0,0,-0.915021468619082,1,1,0,0,0,0,1,1,1,0.24141186282147975,-0.657492741963474,0.48036870136820187,0,0,0,0,1,0,0,0,0,0,0,1
1,0,0,0,-1.2821194970342338,1,0,0,0,0,0,0,0,1,-0.6436775757725381,-0.9865306433828573,-0.6423286729551702,0,0,0,0,0,0,1,0,0,0,0,0
0,0,0,1,1.2059893622240165,1,1,0,0,0,0,0,0,0,-1.2941850391000962,-0.28637472960391963,-1.2759891740969034,0,1,0,1,0,0,0,0,0,0,1,0
1,0,1,1,-0.30319142126049586,1,0,0,0,0,0,0,0,0,-1.5071388889873785,-0.8258571336207008,-1.6069038576727324,0,1,1,0,0,1,0,0,1,0,0,0
1,0,1,1,1.5322987208152625,1,1,1,1,1,1,0,1,0,0.44771090489978427,1.3868315615393252,0.4264886966457983,0,0,1,0,0,0,0,0,0,0,1,0
0,0,0,0,1.124412022576205,0,0,1,0,1,0,1,1,0,-0.37582156146119056,0.4160664747952676,-0.3639052478492927,0,0,0,1,0,1,0,0,0,1,0,0
1,0,0,0,1.002046013104488,1,0,0,0,0,0,0,0,0,-1.4755285518947352,-0.45594768841608624,-1.4234998634275986,0,1,0,1,1,0,0,0,0,1,0,0
0,0,1,1,0.512581975217619,0,0,0,1,1,1,0,1,0,-0.4623340629778991,-0.011348793036202124,-0.48416597602302136,0,0,1,0,0,0,0,0,1,0,0,0
0,0,0,0,-0.09924807214096716,1,1,0,1,0,0,1,1,1,1.1747486580305848,0.3047684267994631,1.14437584216728,1,0,0,0,0,1,0,0,1,0,0,1
0,0,1,1,0.349427295921996,1,0,0,0,0,0,0,0,0,-1.517121100700845,-0.6670953573581762,-1.5275933868352822,0,1,0,1,0,0,0,0,1,0,0,0
0,0,0,0,1.5730873906391682,1,1,0,1,1,1,1,1,1,1.5424267894765957,2.502317071600336,1.5749884302196955,1,0,0,1,0,1,0,0,0,0,1,0
0,0,0,0,1.124412022576205,1,0,0,0,0,0,0,0,0,-1.4988203792261565,-0.5107726893538024,-1.5288315098809167,0,1,0,1,0,0,0,0,0,1,0,0
1,1,1,0,1.0836233527522994,0,0,0,1,0,0,1,1,1,-0.487289592261565,0.3107673146776178,-0.46819086018877065,0,0,0,0,0,1,0,0,0,1,0,0
0,0,0,0,-0.1400367419648729,0,0,1,1,0,1,0,0,0,-0.8449855119941098,-0.5307030604361705,-0.9145531438179539,0,0,1,0,1,0,0,0,1,0,0,0
1,0,1,1,1.5730873906391682,1,0,1,1,1,0,1,1,1,1.3228181317803358,2.196549581400608,1.2502166623550373,1,0,1,0,0,0,0,0,0,0,1,0
1,0,0,0,0.8388913338088649,1,1,0,0,0,0,0,0,0,-1.340768693762939,-0.44445531347002387,-1.3521691934387323,0,1,0,1,0,0,1,0,0,1,0,0
0,0,0,0,-1.2821194970342338,0,0,0,0,1,1,0,0,0,-0.9647720525557062,-0.9907716153992818,-0.9621524268214591,0,0,0,0,0,0,1,0,0,0,0,0
1,1,0,0,0.7165253243371477,1,1,0,0,0,0,1,1,1,1.0250154823285893,1.110289422540865,1.0407728313293503,1,0,0,0,0,1,0,0,0,1,0,1
0,0,0,0,1.2467780320479223,1,1,1,1,1,0,1,1,0,1.4426046723419321,1.9731624232712208,1.4148385255092266,1,0,0,0,1,0,0,0,0,0,1,0
0,0,0,1,-1.2821194970342338,1,0,0,0,0,0,1,0,1,0.4809849439446721,-0.9716762543512357,0.4778830245246814,1,0,0,0,0,1,0,0,0,0,0,1
1,0,0,0,1.2467780320479223,1,1,1,1,1,1,1,0,0,1.3178270259236025,1.8899690551148312,1.3152536310164418,1,0,1,0,1,0,0,0,0,0,1,0
1,0,0,0,-0.5071347703800245,1,0,1,1,1,1,1,1,1,1.4409409703896878,-0.03806911413450394,1.4998276307906937,1,0,0,0,0,0,0,1,0,0,0,0
1,0,0,0,1.287566701871828,1,1,0,1,0,1,1,1,1,1.3560921708252238,2.02721833601943,1.4228027196021065,1,0,1,0,1,0,0,0,0,0,1,1
1,0,0,0,1.0428346829283937,1,0,0,0,0,0,0,0,1,-1.522112206557578,-0.5514684415528606,-1.5602577031692253,0,1,0,1,0,0,0,0,0,1,0,0
0,0,1,1,-0.7518667893234591,1,0,0,0,0,0,0,0,1,-1.5038114850828896,-0.8906802810220085,-1.5278214570683115,0,1,0,1,0,0,1,1,0,0,0,0
0,0,1,1,1.4099327113435454,0,0,1,1,0,0,0,0,0,-0.9564535427944841,0.06334065713906721,-0.9477330278187489,0,0,0,1,0,0,0,0,0,0,1,0
0,0,1,1,-0.30319142126049586,1,1,0,0,1,0,0,1,1,0.8054068246323289,0.03431307147224447,0.9878113433834095,1,0,0,0,0,1,0,0,1,0,0,1
1,0,0,0,-1.2413308272103278,1,0,0,0,0,0,0,0,0,-1.4954929753216677,-0.9855857636071774,-1.3615178396804002,0,1,1,0,0,0,1,0,0,0,0,0
1,0,1,1,1.0428346829283937,1,1,0,0,1,1,0,1,0,0.9800955296179903,1.4385582357707414,1.0272176069426857,1,0,0,1,0,0,0,0,0,1,0,0
0,0,1,1,1.5322987208152625,1,1,1,1,1,1,0,0,0,0.9651222120477911,1.8848051772709982,0.9629687788158828,1,0,0,1,0,0,0,0,0,0,1,1
0,1,0,0,1.5730873906391682,1,1,0,1,0,0,1,1,1,1.1564479365558964,2.048335300308466,1.0927904622654132,1,0,0,0,1,0,0,0,0,0,1,0
0,0,0,0,-0.4255574307322131,1,0,0,1,1,0,1,0,0,0.011820993411753198,-0.3729081378975975,0.02006654407265491,0,0,1,0,0,0,0,1,0,0,0,0
1,0,1,1,1.1652006924001108,1,0,0,0,0,0,0,0,0,-1.4755285518947352,-0.43261135535161543,-1.4424177920301673,0,1,0,1,1,0,0,0,0,0,1,0
1,0,0,0,0.10469527697856156,1,1,1,0,1,1,1,1,1,1.4658964996733537,0.7625736650905965,1.6598815464006114,1,0,0,1,0,1,0,0,1,0,0,0
0,0,0,0,-1.0373874780907992,1,0,0,0,0,1,1,1,1,0.19482820815863655,-0.8084317926412985,-0.017595226283714155,0,0,0,0,1,0,0,0,0,0,0,1
0,0,1,1,1.613876060463074,1,0,0,0,0,0,0,0,0,-1.508802590939623,-0.3633934182959818,-1.4783216357995292,0,1,0,1,0,0,0,0,0,0,1,0
1,0,0,0,0.7165253243371477,1,0,1,1,1,1,0,0,1,0.8386808636772168,0.9928386690290043,0.8636269282811307,1,0,1,0,1,0,0,0,0,1,0,0
1,0,0,0,-0.4255574307322131,1,0,0,0,0,0,0,0,0,-1.4838470616559571,-0.7977524537812865,-1.436238792067437,0,1,1,0,0,0,1,1,0,0,0,0
0,0,0,0,-0.7110781194995532,1,0,0,1,0,0,0,0,0,-0.533873246924408,-0.6827408085275766,-0.5240104552036,0,0,0,0,0,1,0,1,0,0,0,0
1,0,0,0,-1.2821194970342338,1,1,0,0,0,0,0,0,1,0.33291547019492146,-0.9736319357474107,0.33039953180913917,1,0,0,0,0,1,0,0,0,0,0,1
0,0,1,0,1.5730873906391682,1,1,1,1,1,1,1,1,0,0.8386808636772168,1.7669588926902475,0.7939257488261786,0,0,0,1,0,1,0,0,0,0,1,0
1,0,0,0,0.7573139941610534,1,1,0,0,1,0,0,0,0,0.5026130693238494,0.8578746787446547,0.6049287298601679,1,0,0,0,1,0,0,0,0,1,0,1
0,0,0,0,-1.0373874780907992,1,1,1,0,0,0,0,0,1,-0.37415785950894626,-0.8288455905856426,-0.2375184441532793,0,0,0,0,0,1,0,0,0,0,0,0
0,0,1,0,1.613876060463074,1,1,1,1,0,1,0,0,0,-0.0048160261106907415,1.1050376489039457,0.05971392665503517,0,0,0,1,0,0,0,0,0,0,1,0
0,1,1,0,0.18627261662637304,1,0,0,0,0,0,0,0,0,-1.5071388889873785,-0.6866961192164699,-1.5000439383652389,0,1,1,0,0,0,1,0,1,0,0,0
1,0,0,0,-1.2821194970342338,1,0,0,0,0,0,0,0,0,-1.4771922538469795,-0.9975395914669438,-1.4725447386909774,0,1,0,0,0,0,1,0,0,0,0,1
1,0,0,0,0.5533706450415247,0,0,0,0,1,1,0,0,0,-1.0379749384544594,-0.3306961832677969,-1.0439636168451516,0,0,1,0,1,0,0,0,1,0,0,0
0,1,1,0,1.3283553716957337,1,0,1,1,1,0,0,1,0,0.9817592315702351,1.6857651538265757,0.9716531691944529,1,0,0,0,0,1,0,0,0,0,1,0
0,0,0,0,-0.7110781194995532,1,1,1,0,0,0,0,1,1,-0.00814343001517934,-0.5694651051873253,0.04548572827851379,0,0,0,0,0,0,0,1,0,0,0,1
0,0,1,1,0.3086386260980903,1,1,0,0,1,1,0,0,1,0.6639921586915555,0.4450720865138188,0.58480855674345,1,0,0,0,0,1,0,0,1,0,0,1
1,1,1,1,1.124412022576205,1,1,1,0,0,0,0,0,1,0.534223406416493,1.1289233306752073,0.5320707797134259,1,0,0,0,0,1,0,0,0,1,0,0
1,0,0,0,-0.7518667893234591,1,1,0,0,0,0,0,0,1,-1.3341138859539616,-0.8651685270786464,-1.3903990372908275,0,1,1,0,1,0,0,1,0,0,0,0
1,1,0,0,-0.3439800910844016,1,1,0,1,0,0,0,0,1,0.5192500888462934,-0.08871906490061043,0.7320434817746404,1,0,0,0,0,1,0,1,0,0,0,0
1,0,1,1,1.1652006924001108,1,0,1,1,1,1,1,1,0,0.6656558606438002,1.3070881032615809,0.7083310754928059,0,0,1,0,0,0,0,0,0,0,1,0
0,1,1,0,0.9612573432805821,1,1,0,0,1,0,1,1,1,1.1897219756007844,1.4932294190705564,1.2143831549815716,1,0,0,0,0,0,0,0,0,1,0,1
0,0,1,1,-0.09924807214096716,1,0,0,0,0,0,0,0,0,-1.508802590939623,-0.7391259597925783,-1.4797255829055918,0,1,1,0,0,0,0,0,1,0,0,0
0,0,1,1,-1.2413308272103278,0,0,0,0,0,1,0,0,0,-1.192699220013188,-0.9868822265552034,-1.4104028176029677,0,0,0,0,0,0,0,0,0,0,0,0
0,0,1,0,1.002046013104488,1,0,0,0,0,0,0,0,0,-1.4971566772739122,-0.5162661764217098,-1.5033031726143056,0,1,0,1,0,0,0,0,0,1,0,0
0,0,1,1,-0.5071347703800245,1,0,0,0,0,0,0,0,0,-1.4821833597037126,-0.8120355201578459,-1.4185226952918009,0,1,0,0,0,0,1,1,0,0,0,0
1,0,0,0,-1.2821194970342338,1,0,0,0,0,0,0,1,1,-0.32091939703712563,-0.9822676974181612,-0.32084780119320083,0,0,0,0,0,1,0,0,0,0,0,0
0,0,1,1,1.287566701871828,1,1,0,0,0,0,0,0,0,-1.3307864820494728,-0.30536022091060777,-1.3257344501205548,0,1,1,0,0,0,1,0,0,0,1,0
1,1,0,0,1.5322987208152625,0,0,0,0,0,0,1,1,1,-0.6536597874860044,0.42810819844812054,-0.6063692146189086,0,0,1,0,0,1,0,0,0,0,1,1
1,1,1,0,0.349427295921996,1,0,0,1,0,0,1,1,1,0.986750337426968,0.6860823511570534,0.9613572749668083,1,0,0,0,0,1,0,0,1,0,0,0
1,0,1,1,-0.4255574307322131,1,0,0,0,0,0,0,0,0,-1.4954929753216677,-0.8160347787432823,-1.498907977940436,0,1,1,0,0,0,1,1,0,0,0,0
1,0,0,0,-0.5479234402039304,1,0,0,0,0,0,0,0,0,-1.5054751870351342,-0.8491495187886283,-1.5272296292484258,0,1,0,1,0,0,1,1,0,0,0,0
0,1,0,0,-1.2821194970342338,1,0,0,0,1,0,0,1,1,0.6689832645482888,-0.9691931981965415,0.6651373467365502,1,0,0,0,0,1,0,0,0,0,0,1
1,0,0,0,-1.1597534875625164,0,0,0,0,0,1,0,1,1,-0.8266847905194215,-0.9351555523237872,-0.8059690651535952,0,0,0,0,0,1,0,0,0,0,0,0
1,0,1,1,1.5730873906391682,1,1,1,1,0,1,0,0,1,0.06505945588357362,1.0804048528914487,0.06470051597218118,0,0,1,0,1,0,0,0,0,0,1,0
1,1,0,0,-1.1189648177386107,1,0,0,0,0,0,0,0,0,-1.492165571417179,-0.9651719656628333,-1.527892476406698,0,1,0,0,0,0,0,0,0,0,0,0
1,0,0,1,0.023117937330750068,1,0,0,0,0,0,0,0,1,-1.4888381675126903,-0.7067583339884678,-1.4668703652906177,0,1,1,0,0,0,1,0,1,0,0,0
0,0,1,1,-0.2216140816126844,1,0,1,0,0,0,0,0,0,0.3162784506724775,-0.1397425727873346,0.2690861696689695,1,0,0,0,0,0,1,0,1,0,0,0
0,0,0,0,-1.2821194970342338,1,0,0,0,1,0,1,0,1,0.6839565821184885,-0.968995432662097,0.6800514077976726,1,0,0,0,0,1,0,0,0,0,0,1
1,0,1,1,1.613876060463074,1,0,1,0,1,1,1,1,1,0.5292323005597597,1.5110283171705765,0.48494879110765166,0,0,0,1,0,1,0,0,0,0,1,0
1,0,1,1,0.2270612864502788,1,1,0,0,1,1,1,0,1,0.998396251092679,0.5827168984873073,1.0020119715820754,1,0,0,1,0,0,0,0,1,0,0,0
0,0,0,0,-1.078176147914705,1,0,1,1,0,0,0,0,0,-0.32424680094161445,-0.8646411523201273,-0.3683518475360349,0,0,0,0,0,0,1,0,0,0,0,0
0,1,1,0,1.287566701871828,1,0,1,1,1,0,0,1,0,1.0682717330869433,1.8196963685421585,1.1782742601207887,1,0,1,0,0,0,0,0,0,0,1,0
1,0,0,0,-1.2413308272103278,0,0,0,1,1,1,0,0,1,-0.8150388768537107,-0.9726431080751874,-0.8734966194025654,0,0,0,0,1,0,0,0,0,0,0,1
1,1,1,0,-1.0373874780907992,0,0,1,0,0,0,0,0,0,-1.1677436907295222,-0.9096657723286967,-1.1082155327692758,0,0,0,0,0,0,0,0,0,0,0,0
1,0,0,0,-1.2821194970342338,0,0,0,0,0,0,1,1,1,-0.6519960855337601,-0.9866405131242154,-0.6506142624335715,0,0,0,0,0,0,1,0,0,0,0,1
1,0,0,0,-1.2413308272103278,1,0,0,0,0,0,0,0,1,-1.4971566772739122,-0.9917384691232337,-1.5935143450756357,0,1,0,0,1,0,0,0,0,0,0,0
0,0,0,0,-1.2821194970342338,1,0,0,0,0,0,0,0,0,-0.6569871913904932,-0.9867064349690303,-0.6555856161206122,0,0,0,0,0,0,1,0,0,0,0,0
1,1,1,1,-0.8742327987951762,1,1,0,0,0,0,0,0,1,0.3428976819083877,-0.6658208683584217,0.1839705686635748,1,0,0,0,1,0,0,0,0,0,0,0
1,0,1,1,-0.5479234402039304,1,0,1,0,0,0,0,0,1,-0.5305458430199191,-0.5865828108909249,-0.485076906328249,0,0,1,0,0,0,0,1,0,0,0,0
0,0,0,0,-1.078176147914705,1,0,0,0,0,0,0,0,0,-1.508802590939623,-0.9518557530102257,-1.4645353355285227,0,1,0,1,0,0,1,0,0,0,0,0
0,0,1,0,-0.9558101384429878,1,0,0,0,1,0,0,0,1,0.36119840338307596,-0.7182946568310734,0.26337831913940435,1,0,0,0,0,0,0,0,0,0,0,1
0,0,0,0,-1.2821194970342338,0,0,0,0,0,0,1,0,1,-0.9697631584124393,-0.9908375372440968,-0.9671237805084998,0,0,0,0,0,1,0,0,0,0,0,1
0,0,0,0,1.2059893622240165,1,1,1,1,1,1,1,1,1,1.6688681378471695,2.1284523157068285,1.6612522959963465,1,0,1,0,1,0,0,0,0,0,1,0
1,0,0,1,-1.0373874780907992,1,0,0,0,0,0,0,0,0,-1.5121299948441116,-0.9464501617354047,-1.5045034409648108,0,1,1,0,0,0,1,0,0,0,0,0
1,0,0,0,-0.7926554591473648,1,0,0,0,0,0,0,0,0,-1.4938292733694234,-0.888570781987932,-1.4675733850039365,0,1,0,1,1,0,0,1,0,0,0,0
1,0,0,1,-0.38476876090830736,1,0,0,1,0,1,0,0,1,-0.31925569508488133,-0.44217002284977436,-0.30146672667415775,0,0,0,0,0,0,0,1,0,0,0,0
0,0,0,0,-0.9965988082668935,1,1,0,0,1,0,1,1,1,1.1564479365558964,-0.6459564191208683,1.2472000075942393,1,0,0,0,0,1,0,0,0,0,0,1
1,0,0,0,-0.9965988082668935,1,1,0,1,0,0,1,1,0,1.1963767834097616,-0.6463739241380294,1.2432643525919986,1,0,0,0,0,1,0,0,0,0,0,1
0,0,1,1,-1.1597534875625164,1,0,0,0,0,0,0,0,0,-1.4821833597037126,-0.9729946912475335,-1.5193583192439444,0,1,0,0,0,0,1,0,0,0,0,1
1,0,1,0,-0.915021468619082,1,1,0,0,0,0,1,0,1,0.6889476879752213,-0.6488789542409952,0.5453277228788681,1,0,0,0,0,1,0,0,0,0,0,1
1,0,1,1,1.0428346829283937,1,0,0,1,0,0,1,1,1,0.9301844710506585,1.3249089753098726,0.8794484042451295,1,0,0,0,0,1,0,0,0,1,0,0
0,0,1,1,0.3086386260980903,0,0,0,1,0,0,1,1,1,-0.4673251688346322,-0.11152802320656202,-0.4645613506960708,0,0,0,0,0,1,0,0,1,0,0,0
0,0,0,0,-0.9965988082668935,1,1,0,0,0,0,1,0,1,0.7371950445903089,-0.6716219907021319,1.0052607948249224,1,0,0,0,0,1,0,0,0,0,0,1
1,0,1,0,1.0428346829283937,1,0,0,0,1,0,0,0,0,-0.4856258903093207,0.2585132656876825,-0.507102138468021,0,0,1,0,1,0,0,0,0,1,0,0
0,0,0,0,-1.2413308272103278,1,0,1,0,0,0,1,1,1,0.19482820815863655,-0.9419894502362639,0.2823431128344117,0,0,0,0,0,1,0,0,0,0,0,1
0,0,1,1,1.2059893622240165,1,0,0,0,0,0,0,0,0,-1.4838470616559571,-0.4369182492128548,-1.4591007015695714,0,1,0,1,0,0,0,0,0,0,1,0
0,0,1,0,-0.4255574307322131,1,0,0,1,1,0,0,0,1,-0.33922011851181383,-0.4885130797546414,-0.3762106036170639,0,0,0,0,0,0,1,1,0,0,0,0
1,0,1,0,1.450721381167451,1,0,0,1,0,1,1,1,1,1.1780760619350734,1.9618458399113317,1.140023470753037,1,0,1,0,0,1,0,0,0,0,1,0
0,1,1,1,1.3283553716957337,1,1,0,0,1,1,1,1,1,1.29786260249667,1.9674491967205971,1.2984623123440715,1,0,1,0,0,0,0,0,0,0,1,0
0,0,1,0,-1.2005421573864221,1,0,0,0,0,0,0,0,1,-1.4971566772739122,-0.9864427475897708,-1.646542117737404,0,1,0,0,0,0,1,0,0,0,0,0
0,1,1,0,0.18627261662637304,1,0,0,0,1,1,1,0,0,0.8353534597727282,0.475264291439038,0.868246256382765,1,0,0,0,0,1,0,0,1,0,0,0
1,1,1,0,0.349427295921996,1,1,1,0,1,0,0,0,1,0.627390715742179,0.4321074570335573,0.4942116984235797,1,0,0,0,0,0,0,0,1,0,0,1
1,0,0,1,-1.1597534875625164,1,0,1,0,0,0,0,0,1,-0.5155725254497198,-0.9255089890325416,-0.6241003761026872,0,0,0,0,0,1,0,0,0,0,0,1
0,0,0,0,-0.4255574307322131,1,1,1,0,0,1,0,0,1,-0.19447804866655174,-0.455662027088555,-0.26360191025151936,0,0,0,0,0,0,1,1,0,0,0,0
1,0,1,0,1.287566701871828,1,1,0,1,0,1,1,1,1,1.3427825552072685,1.992191862474452,1.3815301270128197,1,0,0,1,0,1,0,0,0,0,1,0
0,0,1,1,0.7573139941610534,0,0,0,0,1,1,1,1,1,-0.29097276189672655,0.2674786365825073,-0.26807996859350036,0,0,1,0,0,1,0,0,0,1,0,0
0,0,0,0,-1.2413308272103278,1,0,0,0,0,0,0,0,0,-1.5137936967963561,-0.9797187194186521,-1.1402926006070864,0,1,0,0,0,0,1,0,0,0,0,0
0,0,0,0,-0.38476876090830736,0,0,0,0,0,0,1,1,1,-0.6636419991994706,-0.5684543035668304,-0.7155300547817413,0,0,0,0,0,1,0,1,0,0,0,0
1,0,0,0,-0.9558101384429878,1,0,1,0,1,1,0,1,1,0.11164311054641685,-0.7529915211519768,-0.02735380944716477,0,0,0,0,0,0,0,0,0,0,0,0
0,0,1,1,0.5533706450415247,1,1,1,0,1,1,0,1,0,1.1564479365558964,1.0283265954876863,1.1840313938969496,1,0,0,1,0,0,1,0,1,0,0,0
0,0,0,0,-1.2005421573864221,1,0,0,0,0,0,0,0,0,-0.6752879128651815,-0.9526248411997328,-0.7964406372534337,0,0,0,0,0,1,0,0,0,0,0,0
0,0,0,1,-0.05845940231706142,1,0,0,0,0,0,0,0,0,-1.4905018694649346,-0.7475859298771558,-1.5219909984814364,0,1,1,0,1,0,0,0,1,0,0,0
0,0,1,0,-0.09924807214096716,1,1,0,1,0,1,1,0,1,0.9717770198567683,0.2259478743491271,0.9462397791071103,1,0,0,0,1,0,0,0,1,0,0,1
0,0,1,1,0.8388913338088649,1,0,0,0,0,0,0,0,0,-1.508802590939623,-0.5635980609988002,-1.5216954808043615,0,1,1,0,0,0,0,0,0,1,0,0
1,1,1,1,0.7165253243371477,1,1,1,1,1,0,0,1,1,0.3412339799561434,0.6733374611595082,0.3817370442173132,0,0,0,1,0,0,0,0,0,1,0,0
1,0,1,1,1.5730873906391682,1,1,1,1,1,1,1,1,1,1.6339303968500374,2.5865871632220356,1.6644961362751007,1,0,0,1,0,0,0,0,0,0,1,0
0,1,0,0,-0.26240275143659014,1,0,1,0,0,0,1,0,1,0.6956024957841991,-0.04248587773710139,0.644295902433187,1,0,0,0,1,0,0,0,1,0,0,0
1,0,0,0,-0.3439800910844016,1,1,0,1,0,0,1,0,1,0.8536541812474164,-0.0034161977101437153,1.0000823014009217,1,0,0,0,1,0,0,1,0,0,0,1
1,0,1,1,-0.4255574307322131,1,0,0,0,0,0,0,0,0,-1.4888381675126903,-0.8220116926731657,-1.5193959810143007,0,1,1,0,0,0,1,1,0,0,0,0
0,0,0,0,-0.18082541178877864,1,0,0,0,0,0,0,1,1,0.522577492750782,-0.019940606810409423,0.5052846525853943,1,0,0,0,0,1,0,0,1,0,0,0
1,1,1,0,0.023117937330750068,1,1,0,1,0,0,1,1,1,1.1880582736485397,0.43065717644762963,1.1323943776245733,1,0,0,0,0,0,0,0,1,0,0,0
0,0,1,1,-1.2005421573864221,1,0,0,0,0,0,0,0,0,-0.685270124578648,-0.947438989407628,-0.6660806961265869,0,0,0,0,0,0,1,0,0,0,0,1
0,1,1,0,0.3902159657459017,1,1,0,0,0,0,1,1,1,1.0033873569494118,0.7269758688905564,0.960656704799529,1,0,0,0,0,1,0,0,1,0,0,0
0,0,1,0,0.6757366545132419,1,0,0,0,0,0,0,0,0,-1.4705374460380018,-0.552984643983603,-1.4539106170477156,0,1,1,0,1,0,0,0,0,1,0,0
0,0,1,1,-0.8742327987951762,1,0,0,0,0,0,0,0,1,-1.4938292733694234,-0.9202572153956222,-1.560371987162031,0,1,1,0,0,0,1,0,0,0,0,0
0,1,0,0,-1.2005421573864221,1,0,0,0,0,0,0,0,1,0.1798548905884369,-0.9030516138989361,0.44971202029811724,1,0,0,0,0,1,0,0,0,0,0,1
0,0,0,0,-0.5887121100278361,1,1,0,0,0,0,1,0,1,0.6756380723572665,-0.32364254587260366,0.7091430330773927,1,0,0,0,0,1,0,1,0,0,0,1
0,0,0,0,-1.2413308272103278,1,0,0,0,0,0,0,0,0,0.13493493787783845,-0.9539213041477589,-0.16756439584277733,1,0,0,0,0,1,0,0,0,0,0,1
0,0,0,0,1.3283553716957337,1,1,0,1,1,0,1,0,1,1.0183606745196117,1.6979387211690589,0.9857769124899437,1,0,1,0,0,1,0,0,0,0,1,0
1,0,1,1,-1.2413308272103278,1,0,0,0,0,0,0,0,0,0.16820897692272632,-0.9433078871325616,0.23262957596400408,1,0,0,0,0,0,1,0,0,0,0,0
1,0,0,0,-1.2413308272103278,1,1,0,0,0,0,0,0,1,0.27801330577085626,-0.9489551918383705,0.019689926369091556,1,0,0,0,1,0,0,0,0,0,0,1
1,0,0,0,-1.2413308272103278,1,0,0,0,0,0,0,1,1,0.534223406416493,-0.9313320853245235,0.6841942025368732,1,0,0,0,0,1,0,0,0,0,0,1
0,1,1,1,1.613876060463074,1,1,1,1,1,1,1,1,1,0.7704690836351967,1.8173891039736376,0.8058312591850696,0,0,0,1,1,0,0,0,0,0,1,0
1,0,0,0,-1.0373874780907992,1,1,0,0,0,0,1,1,1,0.9717770198567683,-0.6983423118004336,1.1684277247674386,1,0,0,0,0,1,0,0,0,0,0,0
0,0,1,0,0.9204686734566764,1,1,0,1,1,0,1,1,1,1.289544092735448,1.4882193588646246,1.2687199431758687,1,0,0,0,1,0,0,0,0,1,0,0
0,0,0,0,-0.7926554591473648,1,1,0,1,1,1,0,0,0,0.8153890363457957,-0.5089049037507138,0.7348637689624807,1,0,0,0,0,1,0,1,0,0,0,1
0,0,1,1,-0.4255574307322131,1,0,0,0,0,0,0,1,1,0.5076041751805828,-0.21959590080643693,0.5455988876254337,1,0,0,0,0,1,0,1,0,0,0,0
1,0,0,1,-1.2821194970342338,1,0,0,0,0,0,0,0,0,-1.5021477831306453,-0.9978692006910183,-1.497401507126181,0,1,0,0,0,0,1,0,0,0,0,1
1,0,0,0,-1.2413308272103278,1,0,1,1,0,0,1,1,0,1.1747486580305848,-0.9193123356199421,1.1374159470054226,1,0,0,0,0,1,0,0,0,0,0,0
1,0,1,1,0.0639066071546558,1,0,0,0,0,0,0,1,1,0.46767532832671727,0.15683980703485165,0.4284619202240999,1,0,1,0,0,0,0,0,1,0,0,0
0,0,0,0,-0.9965988082668935,1,0,0,0,0,1,0,0,0,-0.5155725254497198,-0.8271316226204554,-0.46066712364122225,0,0,0,0,0,1,0,0,0,0,0,0
0,0,1,1,0.8796800036327707,1,1,0,0,0,0,0,0,1,-1.335777587906206,-0.4167022168029555,-1.3282220449246027,0,1,1,0,0,0,0,0,0,1,0,0
0,1,0,0,-1.2821194970342338,1,0,0,0,0,0,1,0,0,0.4510383088042733,-0.9720717854201251,0.4480549024024371,1,0,0,0,0,1,0,0,0,0,0,1
0,0,1,1,-1.2821194970342338,1,0,0,0,0,0,0,0,0,-1.492165571417179,-0.9977373570013884,-1.4874587997520996,0,1,0,0,0,0,1,0,0,0,0,0
0,0,0,0,1.0836233527522994,1,1,1,1,1,0,0,1,1,1.1497931287469187,1.4649489476449689,1.0070653681265738,1,0,0,0,0,0,0,0,0,1,0,0
1,0,1,1,-0.9558101384429878,1,0,0,0,0,0,0,0,0,-1.5071388889873785,-0.9197957624819179,-1.4250406923481431,0,1,0,1,0,0,1,0,0,0,0,0
0,0,1,1,-1.2821194970342338,1,0,0,0,0,0,0,0,1,-1.4771922538469795,-0.9975395914669438,-1.4725447386909774,0,1,0,0,0,0,1,0,0,0,0,1
0,0,1,0,0.9612573432805821,1,1,0,0,0,0,1,0,1,0.6889476879752213,1.1481285614646117,0.7496503594162431,1,0,0,0,0,0,0,0,0,1,0,0
0,0,0,1,-1.2821194970342338,1,1,0,0,0,0,0,0,0,-1.314149462527029,-0.9953861445363241,-1.3101471849143125,0,1,0,0,0,0,1,0,0,0,0,0
1,0,1,0,1.5730873906391682,1,1,1,1,1,0,1,0,1,1.1348198111767192,2.0674306613565125,1.1130726517209932,1,0,0,1,0,1,0,0,0,0,1,0
1,0,1,1,1.613876060463074,0,0,1,1,1,1,0,1,1,-0.31426458922814793,0.8301215820775862,-0.22823332324573772,0,0,0,1,1,0,0,0,0,0,1,0
1,0,0,1,-1.2821194970342338,1,0,0,0,0,0,1,1,1,0.8636363929608828,-0.9666222462487609,0.8590201405311397,1,0,0,0,0,1,0,0,0,0,0,1
0,0,0,0,-0.1400367419648729,1,1,1,0,0,0,0,1,1,0.040103926599907705,-0.1661992065063767,0.03331829251115138,0,0,0,0,0,1,0,0,1,0,0,0
0,0,1,0,1.450721381167451,1,0,0,1,0,1,1,0,0,-0.026444151489868055,0.8947469639444493,-0.043402400570852304,0,0,0,1,0,0,0,0,0,0,1,0
0,0,0,0,-0.8334441289712705,1,1,1,1,1,0,0,1,1,1.1581116385081407,-0.46227618551831556,1.268466353922136,1,0,0,0,0,0,0,0,0,0,0,1
1,1,0,0,-0.6702894496756475,1,1,0,0,0,0,1,0,1,0.7222217270201092,-0.4435763555391587,0.5014969545381252,1,0,0,0,0,1,0,1,0,0,0,1
0,1,0,0,-0.7518667893234591,1,1,0,0,1,0,0,0,1,0.51425898298956,-0.541536216934084,0.35288898896479937,1,0,0,0,0,0,0,1,0,0,0,0
1,0,0,1,0.8796800036327707,1,0,0,1,1,1,0,0,1,-0.1295936725290203,0.4362825072051669,-0.13699977687800813,0,0,1,0,0,1,0,0,0,1,0,0
1,0,0,0,-1.2821194970342338,1,0,0,0,1,0,0,0,1,-0.5072540156884978,-0.9847287796245837,-0.5064450055093893,0,0,0,0,0,0,1,0,0,0,0,1
0,1,1,0,-0.9965988082668935,1,1,0,0,0,0,0,1,1,0.6357092255034009,-0.7369725128619586,0.3892272171057879,1,0,0,0,0,1,0,0,0,0,0,1
0,0,0,0,1.1652006924001108,1,1,1,0,1,1,1,1,0,0.7172306211633763,1.2678865795449936,0.6598671685109445,0,0,0,1,1,0,0,0,0,0,1,0
0,0,1,1,1.2467780320479223,1,0,1,0,0,0,0,0,1,-0.4739799766436099,0.4091227071414325,-0.45736275164685986,0,0,0,1,0,0,0,0,0,0,1,0
0,0,0,1,0.3086386260980903,1,0,1,0,0,1,1,0,1,-0.026444151489868055,0.07472316234377144,-0.11341806860142506,0,0,0,0,1,0,0,0,1,0,0,0
0,1,1,0,0.7165253243371477,1,1,1,1,1,0,1,1,0,1.459241691864376,1.3806568820749971,1.4485564030983469,1,0,0,0,0,0,0,0,0,1,0,0
1,0,0,0,0.3086386260980903,1,0,1,1,0,1,0,0,1,-0.09964703738862125,0.15679585913830843,0.04131531490771851,0,0,0,0,0,0,1,0,1,0,0,0
1,0,1,0,-1.078176147914705,1,1,0,0,0,0,0,0,0,-1.3241316742404952,-0.9313980071693384,-1.2074058753821366,0,1,1,0,0,0,1,0,0,0,0,0
0,0,0,0,-1.2821194970342338,1,0,0,0,0,0,0,0,1,-1.4855107636082014,-0.997649461208302,-1.4808303281693784,0,1,0,0,0,0,1,0,0,0,0,0
0,0,1,1,0.023117937330750068,1,0,0,0,0,0,0,0,0,-1.4905018694649346,-0.7519147976866668,-1.5700636160670696,0,1,1,0,0,0,1,0,1,0,0,0
0,0,1,0,-0.8334441289712705,1,1,1,0,1,0,1,1,0,0.46434792442222816,-0.621235727315285,0.2695004491428896,0,0,1,0,0,1,0,0,0,0,0,0
0,0,0,0,-1.2821194970342338,1,1,0,0,0,0,1,1,0,1.023351780376345,-0.9645127472146844,1.0181034585164446,1,0,0,0,0,0,1,0,0,0,0,1
1,0,0,1,-0.5479234402039304,1,0,0,0,0,0,0,0,0,-1.4655463401812687,-0.8010924939185742,-1.336486637782493,0,1,0,1,1,0,0,1,0,0,0,0
0,0,0,0,0.512581975217619,1,1,0,0,1,1,0,0,1,0.7438498523992866,0.725745327787345,0.7510865282591661,1,0,0,0,0,1,0,0,1,0,0,1
1,0,0,0,1.124412022576205,0,0,1,1,1,0,0,0,0,-0.8416581080896209,0.05896784143301297,-0.8127356298942896,0,0,0,1,0,0,0,0,0,1,0,0
0,1,1,0,-1.2413308272103278,1,0,0,1,0,0,0,0,0,-0.49061699616605386,-0.9559648813370205,-0.24462037799190922,0,0,0,0,1,0,0,0,0,0,0,1
1,0,1,0,-1.2005421573864221,0,0,1,0,0,1,0,0,0,-0.9913912837916163,-0.9621175868530768,-1.0350656142313903,0,0,0,0,0,0,1,0,0,0,0,0
1,0,0,0,-1.2413308272103278,1,0,0,0,0,0,1,0,0,0.46933903027896157,-0.9434177568739198,0.22848678122480345,1,0,0,0,0,1,0,0,0,0,0,1
1,0,1,1,1.3283553716957337,1,0,0,0,0,0,0,0,0,-1.4971566772739122,-0.4384783995401406,-1.4928890476256365,0,1,0,1,0,0,1,0,0,0,1,0
0,0,1,0,-0.5071347703800245,0,0,0,0,0,0,0,0,1,-1.3457597996196722,-0.7943684657474555,-1.3519065558854548,0,0,0,0,0,1,0,1,0,0,0,1
0,0,1,0,-0.7518667893234591,1,0,0,0,0,0,0,0,0,-1.4805196577514683,-0.8780452607658215,-1.4597612577814438,0,1,0,1,0,0,1,1,0,0,0,0
1,0,1,1,0.5533706450415247,1,0,0,0,0,0,0,0,1,-1.4871744655604457,-0.6349254970885103,-1.542720079142828,0,1,1,0,0,0,0,0,1,0,0,0
1,0,1,1,-1.1189648177386107,1,0,0,0,0,0,0,0,0,-1.4905018694649346,-0.9691492502999983,-1.587880144230323,0,1,1,0,0,0,1,0,0,0,0,0
0,0,0,0,-1.1597534875625164,1,1,1,0,0,0,0,0,1,0.5076041751805828,-0.8659815631646968,0.49818271874676484,1,0,0,0,0,1,0,0,0,0,0,0
1,0,0,0,-0.26240275143659014,1,0,1,0,0,1,1,1,0,0.33624287409941,-0.16786922657502065,0.28062225963505105,0,0,1,0,0,0,0,0,1,0,0,0
0,0,1,0,1.5730873906391682,1,0,0,0,0,0,0,0,1,-1.4638826382290244,-0.35031891907436213,-1.4549466134326263,0,1,0,1,0,0,0,0,0,0,1,0
1,0,1,0,-1.2821194970342338,1,0,0,0,1,0,0,0,0,0.3478887877651206,-0.9734341702129661,0.3453135928702611,1,0,0,0,1,0,0,0,0,0,0,0
0,1,0,0,-1.0373874780907992,1,0,0,0,1,0,1,0,1,0.6473551391691115,-0.7386205589823308,0.7344995672271666,1,0,0,0,0,1,0,0,0,0,0,0
0,0,0,0,1.613876060463074,1,1,0,0,1,1,1,1,1,1.417649143058266,2.4449870405596545,1.463177706664566,1,0,0,1,1,0,0,0,0,0,1,0
1,0,0,0,-1.2413308272103278,1,0,0,0,0,0,0,0,1,-0.6569871913904932,-0.9632602321632014,-0.5197019486748313,0,0,0,0,0,1,0,0,0,0,0,1
0,1,0,0,0.2270612864502788,1,0,0,0,0,0,0,0,0,-1.4871744655604457,-0.6831363395964658,-1.5101351499035136,0,1,0,1,0,0,1,0,1,0,0,0
1,0,0,0,0.2678499562741845,1,0,0,0,0,1,0,0,1,-0.5022629098317647,-0.14026994754585365,-0.4768718246018646,0,0,0,1,0,0,0,0,1,0,0,0
0,1,1,0,0.7165253243371477,1,1,0,0,0,1,1,1,1,1.1897219756007844,1.2742370505954945,1.2880479637227578,1,0,1,0,0,1,0,0,0,1,0,0
0,0,0,0,-0.4255574307322131,0,0,0,1,0,0,1,1,1,-0.48396218835707616,-0.5236274490927058,-0.49657762167602054,0,0,0,0,0,1,0,1,0,0,0,0
0,1,0,0,1.2467780320479223,1,1,0,0,1,0,0,1,1,0.8220438441547729,1.4276371834797417,0.7618288607765602,1,0,0,0,0,0,0,0,0,0,1,0
0,0,0,0,-0.8334441289712705,1,1,0,0,0,0,1,1,1,0.9751044237612574,-0.5468099645192751,0.7372219751986412,1,0,0,0,0,1,0,0,0,0,0,1
1,1,1,0,-0.8742327987951762,1,0,0,0,0,0,0,0,1,0.1765274866839483,-0.6397158178117255,0.3629393013970424,1,0,0,0,0,1,0,0,0,0,0,0
1,1,1,1,1.5730873906391682,1,1,1,1,0,0,1,1,1,1.337791449350535,2.310682268723453,1.3714430053150832,1,0,0,0,1,0,0,0,0,0,1,1
0,0,1,1,-0.8334441289712705,1,0,0,0,0,0,0,0,0,-1.5137936967963561,-0.9194881272061152,-1.6048379840294509,0,1,0,0,0,0,0,0,0,0,0,0
1,0,0,0,-0.915021468619082,1,1,1,0,0,0,1,1,0,1.1198464936065196,-0.563312399671269,1.1906094314567583,1,0,0,0,0,1,0,0,0,0,0,1
0,1,1,0,0.7573139941610534,1,1,1,0,0,0,0,0,1,0.4194279717116297,0.666701328781476,0.3222439123617715,1,0,0,0,0,1,0,0,0,1,0,1
0,0,1,0,-1.078176147914705,1,1,0,0,0,0,0,0,0,-0.48396218835707616,-0.8683108016814896,-0.414474962299135,0,0,0,0,0,1,0,0,0,0,0,0
0,0,0,0,-0.8742327987951762,1,1,0,0,1,0,1,0,1,0.808734228536818,-0.5713328907904138,0.8317530187931281,1,0,0,0,0,1,0,0,0,0,0,0
0,0,1,1,1.4915100509913568,1,1,1,0,1,0,0,0,0,0.6506825430736006,1.5637877669707594,0.6572600326817224,1,0,1,0,0,0,0,0,0,0,1,0
0,0,0,0,0.3086386260980903,1,0,0,0,0,0,0,0,0,-1.4888381675126903,-0.6528342649298885,-1.485097406750755,0,1,0,1,0,0,1,0,1,0,0,0
0,0,1,1,-0.5479234402039304,1,1,0,0,0,0,0,0,0,-1.3074946547180513,-0.7930060809546144,-1.3043908806451074,0,1,0,1,0,0,1,1,0,0,0,0
0,0,0,0,0.512581975217619,1,1,1,1,1,1,1,1,1,1.6888325612741026,1.2460005270664503,1.6229514904397373,1,0,0,0,0,1,0,0,1,0,0,0
1,0,0,1,-0.30319142126049586,1,0,0,0,0,0,0,0,0,-1.4672100421335132,-0.8043006903662321,-1.541878551446239,0,1,0,0,0,0,1,0,1,0,0,0
1,0,1,1,-0.05845940231706142,1,1,1,0,1,1,0,0,0,0.8120616324413066,0.23410020915790183,0.8661297108577681,1,0,0,0,0,1,0,0,1,0,0,0
1,0,1,1,1.2467780320479223,1,1,0,0,0,0,0,0,0,-1.319140568383762,-0.3152265236845695,-1.3244299629675567,0,1,0,1,0,0,1,0,0,0,1,0
1,1,0,0,-0.8742327987951762,1,0,0,0,0,0,0,1,1,0.4743301361356949,-0.6427921705697537,0.3418487099974754,1,0,0,0,1,0,0,0,0,0,0,0
1,0,1,1,-0.30319142126049586,1,0,0,1,1,0,0,0,0,-0.37415785950894626,-0.410857146562702,-0.3550507145600411,0,0,1,0,0,0,1,0,1,0,0,0
0,0,1,1,0.349427295921996,1,0,0,0,1,0,1,1,1,0.998396251092679,0.684566148726311,0.9585684668009076,1,0,0,0,0,0,0,0,1,0,0,0
1,0,0,0,-0.6295007798517418,1,0,0,0,0,0,0,0,0,-1.4572278304200468,-0.8371077951357753,-1.4003138939439732,0,1,0,0,1,0,0,1,0,0,0,0
1,0,0,0,-0.26240275143659014,1,0,0,0,0,0,0,0,1,-1.4722011479902464,-0.7448391863432021,-1.392875609090965,0,1,1,0,1,0,0,0,1,0,0,0
0,0,1,0,-0.7110781194995532,1,0,0,0,0,0,1,1,0,0.7737964875396859,-0.39540946092774637,0.9205544517240666,1,0,0,0,0,1,0,1,0,0,0,1
0,0,1,0,-1.1597534875625164,1,1,0,1,0,0,1,0,1,0.8902556241967934,-0.845963296289242,0.8755913194879423,1,0,0,0,0,1,0,0,0,0,0,1
0,0,0,0,-1.2005421573864221,1,0,1,0,1,0,1,1,1,1.1348198111767192,-0.8802426555929844,1.023074812203485,1,0,0,0,1,0,0,0,0,0,0,1
1,0,1,1,1.5730873906391682,1,0,0,1,0,1,1,1,1,0.28134070967534486,1.2587454170639956,0.25412542923050424,0,0,0,1,1,0,0,0,0,0,1,0
0,0,1,1,1.0836233527522994,1,1,0,0,0,0,0,0,0,-1.3124857605747844,-0.3323662033364407,-1.2902336834221548,0,1,0,1,0,0,1,0,0,1,0,0
1,0,0,0,-0.7110781194995532,1,1,0,1,0,1,0,1,0,1.0250154823285893,-0.3688209835190744,1.0542286286422737,1,0,0,0,0,1,0,1,0,0,0,0
1,0,1,0,1.613876060463074,1,1,1,1,1,1,1,1,0,1.6721955417516585,2.662858737672863,1.6913766502155343,1,0,0,1,0,0,0,0,0,0,1,0
0,0,1,1,1.613876060463074,1,1,1,0,1,1,1,1,1,0.6124173981719794,1.6490906341612257,0.6295553430320823,0,0,0,1,0,0,0,0,0,0,1,0
1,1,0,0,-0.46634610055611886,1,0,0,0,1,0,1,0,1,-0.16120400962166387,-0.4632869871388105,-0.20106185044831365,0,0,0,0,0,0,0,1,0,0,0,1
1,0,0,1,-0.4255574307322131,1,0,0,0,0,0,0,0,0,-1.4888381675126903,-0.816474257708715,-1.5004144487546907,0,1,0,0,1,0,0,1,0,0,0,0
0,0,0,0,0.512581975217619,1,1,1,0,0,1,0,1,0,0.2879955174843225,0.46531009287198966,0.31463849937911353,0,0,0,1,0,0,1,0,1,0,0,0
1,0,0,0,0.7981026639849592,1,0,1,1,0,0,1,0,1,-0.054727084678022564,0.46238755775186285,-0.021642418067395225,0,0,0,1,1,0,0,0,0,1,0,0
0,0,1,0,1.613876060463074,1,1,1,0,1,1,1,1,1,0.6656558606438002,1.6590228587800027,0.6399583609327419,0,0,0,1,0,0,0,0,0,0,1,0
0,0,0,0,-1.1597534875625164,1,0,0,0,0,0,1,0,1,0.46933903027896157,-0.873320861887421,0.3598133744574633,1,0,0,0,0,1,0,0,0,0,0,1
0,0,1,0,1.5730873906391682,1,0,0,1,1,1,1,1,1,0.5259048966552711,1.5007005614829105,0.5111187411929732,0,0,0,1,1,0,0,0,0,0,1,0
1,0,1,0,-0.7518667893234591,1,0,0,1,1,1,1,1,0,0.5674974454613809,-0.4871946428583437,0.6456070286803189,0,0,0,1,0,0,1,1,0,0,0,0
1,0,1,0,0.9612573432805821,1,0,0,0,0,0,0,1,1,0.5325597044642487,0.9963764747007368,0.5452922132096747,1,0,1,0,0,1,0,0,0,1,0,0
0,0,1,0,-1.1597534875625164,1,0,0,0,0,0,0,0,0,-1.5071388889873785,-0.9654796009386362,-1.3776747391632829,0,1,0,0,0,0,1,0,0,0,0,0
1,0,1,1,0.0639066071546558,1,0,0,0,0,0,0,0,0,-1.5071388889873785,-0.708230588522667,-1.4902856479270834,0,1,1,0,1,0,0,0,1,0,0,0
1,0,0,0,1.3691440415196396,1,0,1,0,1,1,1,1,1,1.3560921708252238,2.0014648686450798,1.2850500868023906,1,0,0,1,0,0,0,0,0,0,1,0
0,0,1,1,-0.3439800910844016,1,1,0,1,1,0,0,0,0,0.6074262923152465,-0.11306619958557611,0.6555398722574018,1,0,1,0,0,0,0,1,0,0,0,0
1,0,0,0,0.8796800036327707,1,0,1,0,1,1,0,0,0,0.6490188411213563,0.9640967446897127,0.6001108130153197,1,0,1,0,0,1,0,0,0,1,0,0
0,0,0,0,-0.5887121100278361,1,0,1,0,0,0,1,1,1,1.0366613959942999,-0.24154787512979503,1.053087058536361,1,0,0,0,0,1,0,1,0,0,0,1
1,1,1,0,-0.017670732493155674,1,1,0,1,1,0,1,1,0,1.379383998156645,0.5407466572884946,1.4944730685902774,1,0,0,0,0,0,0,0,1,0,0,1
1,0,1,0,-0.7110781194995532,1,0,0,0,0,0,0,0,1,-1.5121299948441116,-0.8567525048906123,-1.3988582295963952,0,1,0,0,1,0,0,1,0,0,0,0
1,0,0,0,-1.2821194970342338,1,0,0,0,0,1,0,0,0,-0.45401555321667714,-0.9840256132798916,-0.45341723284762114,0,0,0,0,0,0,1,0,0,0,0,1
0,0,0,0,1.124412022576205,1,1,1,0,1,1,0,0,0,-0.0048160261106907415,0.7687263706066528,0.0793461706135806,0,0,1,0,0,1,0,0,0,1,0,0
1,1,0,0,-0.6702894496756475,1,0,0,0,0,0,0,1,1,0.46102052051773956,-0.471153660620054,0.3715167695957053,1,0,0,0,0,1,0,1,0,0,0,0
1,0,1,0,1.1652006924001108,1,1,1,0,1,1,0,1,0,0.3478887877651206,1.0718789609620565,0.4175476336016349,0,0,0,1,1,0,0,0,0,0,1,0
0,0,0,0,-1.1597534875625164,1,1,0,0,0,0,0,0,1,0.35787099947858736,-0.8736724450597672,0.35318490287474263,1,0,0,0,0,1,0,0,0,0,0,0
1,0,1,0,0.023117937330750068,1,0,0,0,0,0,0,0,1,-0.676951614817426,-0.3637669754165996,-0.6830536006338576,0,0,0,0,1,0,0,0,1,0,0,0
0,0,0,0,-0.9558101384429878,1,0,0,0,0,0,0,0,0,0.13826234178232705,-0.7202283642789769,0.2471753886038639,1,0,0,0,0,1,0,0,0,0,0,0
1,0,1,0,-0.09924807214096716,1,0,0,0,0,0,0,0,0,-1.4705374460380018,-0.7485308096528359,-1.50336713155063,0,1,1,0,1,0,0,0,1,0,0,0
0,0,1,0,-0.8334441289712705,0,0,0,0,1,0,1,1,1,-0.5005992078795201,-0.7353244667415864,-0.44747922705476684,0,0,0,0,0,0,0,0,0,0,0,0
0,0,0,0,-0.5071347703800245,1,1,1,0,0,0,1,0,1,0.8054068246323289,-0.1806580644691091,0.962175729537236,1,0,0,0,0,0,0,1,0,0,0,0
1,0,1,0,1.4099327113435454,0,0,1,1,0,1,0,1,1,-0.4639977649301434,0.5411641623056554,-0.4099117048102843,0,0,0,1,0,0,0,0,0,0,1,0
0,1,0,0,-1.2413308272103278,1,1,0,0,0,0,0,0,1,0.35121619166960966,-0.9369354421337891,0.4729116708376409,1,0,0,0,0,0,1,0,0,0,0,1
0,0,1,0,0.023117937330750068,1,0,0,0,0,1,0,0,1,-0.44736074540769943,-0.2335493579589218,-0.38547539912473056,0,0,1,0,0,0,1,0,1,0,0,0
0,1,1,0,1.124412022576205,1,0,1,1,1,1,1,1,1,1.5008342406704858,1.9240506488841285,1.5314509639665923,1,0,0,1,0,0,0,0,0,1,0,0
1,0,0,0,-0.6295007798517418,1,0,0,0,0,0,0,0,1,-1.5054751870351342,-0.8520500799604835,-1.4665986097711834,0,1,1,0,0,0,0,1,0,0,0,0
1,0,1,0,0.7165253243371477,1,0,0,0,0,0,0,0,0,-1.500484081178401,-0.5612688224820074,-1.4803663351585883,0,1,0,1,0,1,0,0,0,1,0,0
0,0,0,0,-0.9558101384429878,1,0,1,0,0,0,0,0,1,0.33125176824267666,-0.6953099069389487,0.45597224345957627,1,0,0,0,0,1,0,0,0,0,0,0
1,0,0,0,0.8796800036327707,1,0,1,1,0,0,1,0,1,0.013484695363997498,0.5372967474098487,0.004070055833883052,0,0,0,1,0,0,0,0,0,1,0,0
1,0,0,0,1.3691440415196396,1,0,0,0,0,0,0,0,0,-1.5154573987486004,-0.461243409949549,-1.5288867471441059,0,1,0,1,0,0,0,0,0,0,1,0
0,0,0,0,0.0639066071546558,1,0,0,1,0,0,0,0,1,0.30130513310227786,0.1028937640280007,0.30880826040365805,1,0,0,0,1,0,0,0,1,0,0,1
0,0,0,0,0.7573139941610534,0,0,0,1,1,0,1,1,1,-0.2826542521355046,0.2804652400110405,-0.24887689650826428,0,0,1,0,1,0,0,0,0,1,0,0
0,0,1,1,-1.2005421573864221,1,0,0,0,0,0,0,0,0,-1.5237759085098224,-0.9836960040558171,-1.5774955387507268,0,1,0,1,0,0,1,0,0,0,0,0
1,0,1,1,-0.3439800910844016,1,0,1,1,0,1,0,1,1,0.1798548905884369,-0.2566000296958614,0.20452761831642657,0,0,0,0,1,0,0,1,0,0,0,0
0,1,1,0,1.124412022576205,1,1,0,1,0,0,0,1,0,0.81705273829804,1.3203164201211022,0.7726290609030096,1,0,0,0,0,1,0,0,0,1,0,0
1,0,0,0,1.5730873906391682,1,1,1,0,0,1,0,1,0,1.0898998584661208,1.932620488710064,0.969883661721016,1,0,1,0,1,0,0,0,0,0,1,0
0,0,1,1,0.2678499562741845,1,0,1,0,0,0,0,0,0,-0.4606703610256548,-0.0985853676745721,-0.39626791054787913,0,0,0,0,1,0,0,0,1,0,0,0
1,0,0,0,-0.017670732493155674,1,0,1,1,1,0,0,1,1,0.9484851925253472,0.3027907714550164,0.9336940157052316,1,0,0,0,1,0,0,0,1,0,0,0
1,0,0,1,-0.46634610055611886,1,1,1,0,0,0,0,0,0,0.51425898298956,-0.23869126185448317,0.6054811024920612,1,0,0,0,0,1,0,1,0,0,0,0
1,1,1,0,1.5730873906391682,1,1,1,1,1,1,1,1,1,1.6688681378471695,2.516578164028624,1.5901358881675336,1,0,0,1,0,0,0,0,0,0,1,0
0,1,0,0,0.9204686734566764,1,1,0,0,1,0,1,1,1,1.168093850221607,1.4146725539994802,1.1678767868696542,1,0,1,0,0,1,0,0,0,1,0,1
0,0,0,0,-1.2821194970342338,1,0,0,0,0,0,0,0,0,-1.508802590939623,-0.9979570964841047,-1.5040299787089022,0,1,0,0,1,0,0,0,0,0,0,0
1,0,1,0,1.1652006924001108,1,1,0,1,1,0,1,1,1,0.49595826151487177,1.1534023090498027,0.518333000699565,0,0,1,0,0,1,0,0,0,0,1,0
0,0,0,0,1.3691440415196396,1,1,1,1,1,1,0,1,1,1.2712433712607594,1.8918148667696475,1.1597619307502016,1,0,0,0,0,0,0,0,0,0,1,0
1,0,0,0,-0.26240275143659014,1,0,0,0,0,0,0,0,1,-1.5071388889873785,-0.7991807604189425,-1.550493015091629,0,1,1,0,0,0,0,0,1,0,0,0
1,0,1,1,0.7981026639849592,1,1,0,0,0,0,0,0,0,-1.3341138859539616,-0.46638531384511034,-1.3685924583888813,0,1,0,1,0,0,1,0,0,1,0,0
1,0,1,0,1.5322987208152625,1,0,0,0,0,0,0,0,0,-1.4988203792261565,-0.3764239696210583,-1.4731128933980677,0,1,0,1,1,0,0,0,0,0,1,0
1,0,0,0,-0.2216140816126844,1,1,0,0,1,1,0,0,0,-0.18116843304859642,-0.2982626356188713,-0.17367118216204336,0,0,0,0,0,1,0,0,1,0,0,0
1,0,1,1,-0.5479234402039304,1,0,0,0,0,0,0,0,0,-1.4738648499424907,-0.824187113552057,-1.4281514224330167,0,1,0,0,0,0,1,1,0,0,0,0
0,1,1,0,-0.2216140816126844,1,0,1,0,0,0,0,0,1,0.3428976819083877,-0.15864016830093616,0.21630389595470945,1,0,0,0,0,0,0,0,1,0,0,1
1,0,1,0,1.613876060463074,1,1,1,1,1,1,1,1,1,1.6855051573696136,2.696193217200925,1.7262912036564637,1,0,0,1,0,1,0,0,0,0,1,0
1,0,0,0,1.3691440415196396,1,1,0,1,0,1,1,1,1,1.3095085161623805,2.008540479988545,1.293134813505558,1,0,1,0,0,1,0,0,0,0,1,0
1,1,0,0,1.4099327113435454,1,1,1,1,0,1,0,0,1,-0.011470833919668412,0.8612806407267574,-0.049599861462971684,0,0,0,1,0,0,0,0,0,0,1,0
0,1,0,0,-0.7110781194995532,1,1,0,0,0,1,0,0,0,-0.3292379067983476,-0.6738193855292949,-0.4791577974938543,0,0,0,0,1,0,0,1,0,0,0,1
0,1,0,0,-0.7926554591473648,1,0,0,0,1,0,1,1,1,1.06328062723021,-0.4635506745180701,0.9979631025535611,1,0,0,0,0,1,0,1,0,0,0,0
0,1,0,0,-1.2413308272103278,1,1,0,1,0,0,0,1,0,0.8187164402502843,-0.9355730573409481,0.5242823256037287,1,0,0,0,0,1,0,0,0,0,0,1
0,0,0,0,-0.38476876090830736,1,1,1,0,0,0,0,0,0,-0.34920233022528036,-0.45752981269164356,-0.3518287009820054,0,0,0,0,0,1,0,1,0,0,0,0
1,0,0,0,-0.7110781194995532,1,0,0,0,1,0,1,0,0,0.6789654762617551,-0.47045049427536184,0.5432839441408619,1,0,0,0,0,1,0,1,0,0,0,0
0,1,0,0,1.124412022576205,1,1,0,0,1,1,1,1,1,1.3677380844909344,1.8243108976792008,1.4060899951583807,1,0,1,0,0,1,0,0,0,1,0,1
1,0,0,0,0.10469527697856156,1,1,1,1,1,1,0,0,1,1.0599532233257214,0.4891738006949796,1.0707998075990768,1,0,0,0,0,0,1,0,1,0,0,0
0,0,1,0,1.613876060463074,1,1,1,0,1,0,1,1,1,1.3511010649684905,2.3088804049651794,1.3206195365834061,1,0,0,1,0,1,0,0,0,0,1,0
1,0,1,1,1.5730873906391682,1,0,0,0,0,0,0,0,1,-1.5071388889873785,-0.39679381966885896,-1.5043100549729609,0,1,0,1,0,0,0,0,0,0,1,0
1,0,0,0,0.2270612864502788,1,1,0,0,1,1,1,0,0,1.0017236549971675,0.5780364475054501,0.9927233896931308,1,0,1,0,0,0,0,0,1,0,0,0
1,1,1,0,0.512581975217619,1,1,1,0,1,1,0,1,0,0.3412339799561434,0.5229917070850176,0.41130370996046134,0,0,0,1,1,0,0,0,1,0,0,0
1,1,1,1,1.124412022576205,1,1,1,1,0,0,0,1,1,0.9434940866686139,1.5312443495804757,1.0377403055802557,1,0,0,0,0,1,0,0,0,1,0,0
0,1,1,1,0.6349479846893362,1,0,1,0,1,1,1,1,1,1.3178270259236025,1.2207524605023479,1.347352070414415,1,0,0,0,0,1,0,0,1,0,0,0
1,0,1,1,-1.078176147914705,1,0,0,1,1,0,0,0,1,-0.31925569508488133,-0.8640478557167933,-0.3608948170054737,0,0,0,0,0,0,1,0,0,0,0,1
0,1,1,0,0.8796800036327707,1,0,0,0,0,0,0,0,1,-1.5287670143665555,-0.553402149000764,-1.5191281639806555,0,1,0,1,0,0,1,0,0,1,0,0
0,0,0,0,-0.1400367419648729,1,1,0,0,0,0,0,0,1,0.3695169131442979,-0.0329931320837574,0.3797130747047273,1,0,0,0,1,0,0,0,1,0,0,0
0,0,0,0,1.613876060463074,1,0,0,0,0,0,0,0,1,-1.4555641284678025,-0.38275246672328755,-1.4985983144952835,0,1,0,1,0,0,0,0,0,0,1,0
1,0,0,0,1.0836233527522994,1,1,0,1,1,1,1,1,1,1.5457541933810843,1.8587440746208448,1.5104079072534529,1,0,0,0,0,1,0,0,0,1,0,0
1,0,1,0,1.4915100509913568,1,0,1,1,0,0,0,0,1,-0.37415785950894626,0.6654048658334499,-0.32461834481090807,0,0,1,0,1,0,0,0,0,0,1,0
0,0,0,0,-1.2821194970342338,1,1,0,0,0,0,0,0,1,0.3379065760516543,-0.9735660139025958,0.33537088549617966,1,0,0,0,0,0,1,0,0,0,0,1
0,0,0,0,0.7981026639849592,1,0,1,0,0,0,0,0,1,-0.503926611784009,0.10777198054430266,-0.5359225834613937,0,0,0,0,0,0,0,0,0,1,0,0
0,0,1,1,-0.7518667893234591,1,0,0,0,0,0,0,0,0,-1.508802590939623,-0.877122354938413,-1.4547899040944032,0,1,1,0,0,0,1,1,0,0,0,0
0,0,0,0,-0.7110781194995532,1,0,0,0,0,0,0,0,0,-1.4905018694649346,-0.8736284971632239,-1.4837026658552244,0,1,1,0,1,0,0,1,0,0,0,0
0,0,1,1,1.3283553716957337,1,1,1,1,0,1,1,1,1,0.5857981669360691,1.285377842369211,0.5071247818530703,0,0,0,1,0,0,0,0,0,0,1,0
0,0,0,0,-0.6702894496756475,1,0,0,1,0,0,0,0,0,0.3395702780038986,-0.47352684703339004,0.3603312237998634,1,0,0,0,0,0,0,1,0,0,0,0
0,0,0,0,-1.078176147914705,1,0,0,0,0,0,0,0,0,-1.4705374460380018,-0.956997656905787,-1.5291629334600525,0,1,0,0,0,0,1,0,0,0,0,0
0,0,1,1,-0.4255574307322131,1,0,0,0,0,0,0,0,0,-1.4688737440857575,-0.807750600244878,-1.4705110030917332,0,1,1,0,0,0,0,1,0,0,0,0
1,0,0,0,-0.5887121100278361,1,0,0,0,0,0,0,0,0,-1.492165571417179,-0.848995701150727,-1.4918777808072468,0,1,0,0,0,0,1,1,0,0,0,0
1,1,0,0,-0.5071347703800245,1,1,0,0,0,0,1,0,1,0.6473551391691115,-0.23957021978534834,0.7400390756212979,1,0,0,0,0,1,0,1,0,0,0,0
1,0,0,0,0.10469527697856156,1,1,0,0,1,1,1,0,0,1.0183606745196117,0.4956780893833819,1.084814290373972,1,0,0,0,0,1,0,0,1,0,0,0
1,0,1,0,-0.3439800910844016,1,0,1,0,0,1,1,1,0,0.3162784506724775,-0.2537653903688211,0.21343462700570784,0,0,1,0,0,0,0,1,0,0,0,0
0,0,1,1,-0.915021468619082,1,0,0,1,1,0,0,1,1,0.03344911879093051,-0.7164708191245281,0.03559825816762165,0,0,1,0,0,0,1,0,0,0,0,0
1,0,0,0,1.3691440415196396,0,0,0,0,0,1,0,0,0,-1.1793896043952328,-0.1349961999606625,-1.1561105441567616,0,0,1,0,1,0,0,0,0,0,1,0
1,0,1,0,0.6757366545132419,1,0,0,1,0,0,1,0,1,0.6789654762617551,0.8823097092227068,0.7550613566266278,1,0,0,0,1,0,0,0,0,1,0,0
1,0,1,1,0.9204686734566764,1,0,0,0,1,1,0,0,1,-0.32091939703712563,0.3645815139948391,-0.27194775856249076,0,0,0,1,1,0,0,0,0,1,0,0
1,0,0,0,-1.2821194970342338,1,0,0,0,0,0,0,0,1,-0.69358863433987,-0.9871898618310062,-0.6920422098255777,0,0,0,0,0,0,0,0,0,0,0,0
0,1,1,0,1.613876060463074,1,1,1,0,0,0,0,0,0,0.4527020107565176,1.4555221238364398,0.4268115716008691,1,0,0,1,0,0,0,0,0,0,1,0
1,0,0,0,-1.2005421573864221,1,0,0,0,0,0,0,0,0,-1.4539004265155577,-0.9836740301075454,-1.5769431661188333,0,1,1,0,0,0,1,0,0,0,0,0
0,0,0,0,-1.2821194970342338,1,0,0,1,0,0,1,0,0,0.6456914372168673,-0.9695008334723443,0.6419376961970266,1,0,0,0,0,1,0,0,0,0,0,1
0,1,0,0,0.9612573432805821,1,1,0,1,1,0,1,1,0,1.3261455356848244,1.5606015444713732,1.3051103597700657,1,0,0,0,0,1,0,0,0,1,0,0
1,0,0,0,-0.5071347703800245,1,0,0,1,0,0,0,0,1,-0.4357148317419889,-0.5565883715001504,-0.4553229184276533,0,0,0,0,0,0,1,1,0,0,0,0
1,0,1,1,-0.18082541178877864,0,0,0,1,1,1,1,1,1,-0.16286771157390817,-0.26732331645241675,-0.16099510704204487,0,0,1,0,1,0,0,0,1,0,0,0
0,0,0,0,-0.4255574307322131,1,1,0,0,0,0,0,0,0,-1.2858665293388742,-0.7402686051027031,-1.2391924095629125,0,1,0,1,0,0,1,1,0,0,0,0
0,0,0,0,-0.9558101384429878,1,0,0,0,0,0,0,0,0,-0.6569871913904932,-0.8235278951039081,-0.6183925255731221,0,0,0,0,0,1,0,0,0,0,0,1
0,0,0,0,0.6757366545132419,1,0,0,0,1,1,1,1,1,0.3179421526247218,0.629147851185261,0.3654357387463786,0,0,0,1,0,0,0,0,0,1,0,0
0,0,1,1,-1.3229081668581395,1,0,0,0,0,0,0,0,0,-1.4938292733694234,-1.006548910258312,-1.4891159176477797,0,1,0,1,0,0,1,0,0,0,0,0
0,0,0,0,-1.2413308272103278,1,0,1,1,0,0,1,0,1,0.8736186046743495,-0.9324967045829199,0.6402805783013464,1,0,0,0,0,1,0,0,0,0,0,0
1,1,0,0,-1.2821194970342338,1,1,0,0,0,0,0,0,1,0.38449023071449756,-0.9729507433509903,0.38177018657522693,1,0,0,0,0,1,0,0,0,0,0,1
1,0,0,0,0.9612573432805821,1,0,1,0,1,0,0,0,0,-0.4057681966015896,0.32054572165849304,-0.36482060821071627,0,0,1,0,0,0,1,0,0,1,0,0
1,0,0,0,-0.7518667893234591,1,0,0,0,0,0,0,0,0,-1.4971566772739122,-0.8818467538168134,-1.480238500349493,0,1,0,0,0,0,1,1,0,0,0,0
0,0,0,0,-0.8334441289712705,1,1,0,0,1,0,1,1,1,1.1730849560783405,-0.49486355080514244,1.063674200647651,1,0,0,0,0,0,0,0,0,0,0,1
1,1,0,0,-0.5887121100278361,1,1,0,0,1,1,1,0,0,0.9651222120477911,-0.2401415424404107,1.0589790332765574,1,0,0,0,0,0,0,1,0,0,0,0
1,0,1,0,-0.9558101384429878,1,1,0,1,1,0,0,1,1,0.13826234178232705,-0.7191516408136669,0.25619747492478984,0,0,0,0,1,0,0,0,0,0,0,0
1,1,1,0,1.124412022576205,1,1,0,0,0,1,1,1,1,1.1348198111767192,1.6381915558184974,1.1721601855515185,1,0,0,0,0,1,0,0,0,1,0,0
0,1,0,0,-0.09924807214096716,1,1,1,1,1,0,0,0,0,0.8919193261490377,0.20559999824959813,0.8950900733937801,1,0,0,0,1,0,0,0,1,0,0,1
0,1,0,0,-1.1597534875625164,1,1,0,0,0,0,0,0,0,-0.5372006508288968,-0.92750861832526,-0.6617998082294131,0,0,0,0,0,0,1,0,0,0,0,0
0,0,0,0,0.349427295921996,1,1,0,1,1,0,1,1,1,0.5209137907985377,0.4278664850171327,0.48641111906098733,0,0,1,0,0,1,0,0,1,0,0,0
1,1,0,0,-0.3439800910844016,1,0,0,0,0,0,0,0,0,0.16987267887497062,-0.2451076547497991,0.24063897912645843,1,0,0,0,1,0,0,1,0,0,0,0
1,0,1,1,-1.2413308272103278,1,0,0,0,0,0,0,0,0,-1.4871744655604457,-0.9912770162095293,-1.576114607170993,0,1,1,0,0,0,1,0,0,0,0,0
0,1,1,0,1.450721381167451,1,1,0,1,0,0,1,1,1,1.1747486580305848,2.004607143247923,1.1874462858264747,1,0,0,0,0,1,0,0,0,0,1,1
1,1,1,0,-0.7110781194995532,1,1,1,0,1,0,1,0,1,1.0516347135644994,-0.39468432063478254,0.9242001110945631,1,0,0,0,0,1,0,1,0,0,0,0
0,0,0,0,-0.8742327987951762,1,0,0,0,1,1,0,1,0,0.00017507974604262936,-0.7001222016104356,-0.05118952544159596,0,0,1,0,1,0,0,0,0,0,0,0
1,0,0,0,-1.2821194970342338,1,0,0,0,0,0,0,0,0,-1.4871744655604457,-0.9976714351565737,-1.4824874460650588,0,1,0,0,0,0,1,0,0,0,0,0
0,0,1,0,0.18627261662637304,1,1,0,0,1,0,1,1,1,1.151456830699163,0.646770957699108,1.2178085584309917,1,0,0,0,0,1,0,0,1,0,0,1
1,0,0,0,0.3086386260980903,1,1,0,0,0,0,1,0,1,0.6656558606438002,0.47407769823237006,0.6394934473008985,1,0,0,0,0,1,0,0,1,0,0,0
1,1,0,0,0.9612573432805821,1,1,0,0,1,0,1,1,1,1.2030315912187393,1.4518964223716209,1.1587217485213115,1,0,0,0,0,1,0,0,0,1,0,0
1,0,1,1,-0.9558101384429878,1,1,0,0,1,0,0,0,1,0.4809849439446721,-0.715943444366009,0.28307960967693635,1,0,0,0,0,0,0,0,0,0,0,1
1,0,0,0,-1.2821194970342338,1,0,0,0,0,0,0,0,1,0.14824455349579332,-0.9760710440055617,0.1464594453886306,1,0,0,0,0,1,0,0,0,0,0,1
1,0,1,0,0.18627261662637304,1,0,0,0,0,0,0,0,0,-1.4821833597037126,-0.6999464100242625,-1.5270504813678116,0,1,0,0,0,0,0,0,1,0,0,0
1,1,0,0,1.287566701871828,1,1,0,0,1,1,1,1,0,1.2379693322158714,1.9327303584514222,1.3114651109860895,1,0,1,0,0,1,0,0,0,0,1,0
1,0,0,0,-1.1597534875625164,1,0,0,0,0,1,0,0,1,-0.4689888707868768,-0.9176423155512982,-0.47578832443930447,0,0,0,0,0,0,1,0,0,0,0,0
0,0,1,1,-0.6295007798517418,1,1,0,0,0,0,0,1,1,0.6839565821184885,-0.36860124403635813,0.6780043798088906,1,0,0,0,0,1,0,1,0,0,0,1
0,0,1,0,1.4099327113435454,1,0,0,0,0,0,0,0,0,-1.5054751870351342,-0.41975659561271206,-1.4914902955281575,0,1,0,1,0,0,1,0,0,0,1,0
0,0,1,1,-0.9965988082668935,1,0,0,1,0,0,1,0,1,0.6207359079332013,-0.7076812398158763,0.6653444864735101,1,0,0,0,0,1,0,0,0,0,0,1
1,0,1,1,0.4717933053937132,0,0,1,1,1,1,0,1,1,-0.3608482438909912,0.03730152843718599,-0.3628783369109092,0,0,0,1,1,0,0,0,1,0,0,0
1,0,1,1,-0.6295007798517418,1,1,1,0,1,0,1,0,1,0.1815185925406812,-0.478449011446235,0.19071424095562117,0,0,1,0,0,0,0,1,0,0,0,0
1,0,1,0,0.5941593148654305,1,1,0,1,0,0,0,0,1,0.46601162637447296,0.5977031312085587,0.42210514131263566,1,0,1,0,0,1,0,0,1,0,0,0
0,0,0,1,-0.6295007798517418,1,1,0,0,1,0,0,0,1,-0.30095497361019286,-0.5945373801652548,-0.3242595145078366,0,0,1,0,0,0,1,1,0,0,0,1
1,0,1,1,1.124412022576205,1,1,0,0,0,0,0,0,0,0.3146147487202327,0.9505827665026605,0.30791796569107677,1,0,0,0,0,0,0,0,0,1,0,0
1,1,1,0,-1.2413308272103278,1,0,0,0,1,0,1,1,1,1.0183606745196117,-0.9267175561874812,0.8581915815832999,1,0,0,0,1,0,0,0,0,0,0,0
0,0,1,1,1.5730873906391682,0,0,1,1,0,1,1,1,0,-0.20778766428450687,0.8152012712011497,-0.21698618660479055,0,0,0,1,0,0,1,0,0,0,1,0
0,0,1,0,0.349427295921996,1,0,0,0,0,0,0,0,0,-1.4722011479902464,-0.621763102073804,-1.4442120644258098,0,1,0,1,1,0,0,0,1,0,0,0
1,0,1,0,1.002046013104488,0,0,0,1,1,1,1,1,1,-0.24605280918612787,0.4287674168962694,-0.252993184201662,0,0,0,1,0,0,0,0,0,1,0,0
1,0,1,0,1.5730873906391682,1,1,0,1,1,1,1,1,0,0.6423640333123787,1.6113613649788379,0.6286574133429135,0,0,0,1,1,0,0,0,0,0,1,0
1,0,1,1,0.5941593148654305,1,1,1,1,1,1,1,1,1,1.6156296753753492,1.3305123321191383,1.597918432866695,1,0,1,0,0,0,0,0,1,0,0,0
1,0,0,0,-0.05845940231706142,1,1,0,1,0,0,0,0,1,0.5175863868940491,0.060989444674002864,0.445007943691025,1,0,0,0,0,1,0,0,1,0,0,0
1,0,0,0,-0.9558101384429878,1,1,0,0,0,0,0,1,0,-0.16619511547839702,-0.7681755194076728,-0.15458363899328204,0,0,0,0,0,0,1,0,0,0,0,0
1,0,1,0,-0.4255574307322131,1,0,0,0,1,0,1,1,1,0.9917414432837014,-0.16499063935143707,0.7327778862965899,1,0,0,0,1,0,0,1,0,0,0,1
1,0,1,1,0.7573139941610534,1,0,1,1,0,1,0,0,0,-0.14623069205146424,0.3652627063912595,-0.12348830906845847,0,0,0,1,1,0,0,0,0,1,0,0
0,1,0,0,-0.18082541178877864,1,1,0,1,1,1,0,0,0,-0.01479823782415701,-0.18577799441639886,0.05863219691757743,0,0,0,0,0,0,0,0,1,0,0,0
1,1,1,0,1.5322987208152625,1,1,1,1,1,1,1,1,0,0.8370171617249725,1.776847169412481,0.8466627756519242,0,0,0,1,1,0,0,0,0,0,1,0
0,0,0,0,-0.9965988082668935,1,1,0,0,0,0,0,0,1,0.3229332584814547,-0.765318906132361,0.12201695642734695,1,0,0,0,1,0,0,0,0,0,0,0
0,0,1,1,0.2270612864502788,1,0,0,0,0,0,0,0,1,-1.4871744655604457,-0.6786756280973251,-1.501282651671327,0,1,0,1,0,0,1,0,1,0,0,0
0,0,0,0,0.023117937330750068,1,1,0,0,0,0,0,1,1,0.6140811001242237,0.20546815455996825,0.6177839474751415,1,0,0,0,0,1,0,0,1,0,0,1
1,0,1,1,-1.1189648177386107,1,0,0,0,0,0,0,0,0,-1.5121299948441116,-0.9687317452828372,-1.5815830962267379,0,1,0,0,0,0,1,0,0,0,0,0
1,0,0,1,0.9612573432805821,1,0,0,0,0,0,0,0,1,-1.4539004265155577,-0.462188289725229,-1.4188955468183289,0,1,1,0,0,0,1,0,0,1,0,0
0,0,0,0,0.3902159657459017,1,0,1,0,1,0,0,0,0,-0.34421122436854723,0.07239392382697882,-0.21467389030568715,0,0,0,0,1,0,0,0,1,0,0,0
1,0,1,1,1.5730873906391682,1,1,1,1,1,1,1,1,1,1.7021421768920575,2.6400278054186392,1.7212582591243177,1,0,0,1,0,0,0,0,0,0,1,0
0,0,1,1,-0.7926554591473648,1,0,0,0,0,0,0,0,0,-1.508802590939623,-0.8899551407290448,-1.4756040332676177,0,1,0,1,0,0,1,1,0,0,0,0
1,0,0,0,-0.5479234402039304,1,0,0,0,1,1,1,0,0,0.8336897578204839,-0.26716949881451524,0.782705500598497,1,0,0,0,0,0,1,1,0,0,0,0
1,1,1,0,-1.1597534875625164,1,1,0,0,0,0,0,0,1,0.3162784506724775,-0.8718046594566786,0.38839865815794805,1,0,0,0,0,0,1,0,0,0,0,1
1,1,1,0,-0.7518667893234591,1,0,0,0,0,0,0,0,0,-1.5054751870351342,-0.9060620448121492,-1.610677351852324,0,1,1,0,0,0,1,1,0,0,0,0
0,0,0,0,0.2270612864502788,1,0,0,1,1,1,0,0,1,0.644027735264623,0.42813017239639223,0.6952271190528497,1,0,0,0,1,0,0,0,1,0,0,1
1,0,1,1,1.613876060463074,0,0,1,1,1,1,1,1,1,0.006829887555019827,1.0828659350978713,0.036491260589182964,0,0,0,1,1,0,0,0,0,0,1,0
0,0,1,0,-1.078176147914705,1,1,0,1,1,0,1,1,1,1.3444462571595126,-0.7669449783044616,0.8595725131630336,1,0,0,0,0,1,0,0,0,0,0,1
1,0,1,0,1.613876060463074,1,1,1,1,1,1,0,0,1,0.0966697929762172,1.1049937010074022,0.05966789560237712,0,0,0,1,0,0,0,0,0,0,1,0
1,0,1,0,0.8388913338088649,1,1,0,1,0,1,0,1,0,1.0932272623706094,1.2098314082113477,1.0016886114365926,1,0,1,0,0,0,0,0,0,1,0,0
0,0,1,0,0.6757366545132419,1,0,0,1,1,0,1,1,0,1.1481294267946744,1.2018328910404745,1.2468195468528844,1,0,0,0,0,1,0,0,0,1,0,0
1,0,0,0,-1.2821194970342338,1,0,0,0,0,0,1,1,1,-0.0697004022482222,-0.978949631229145,-0.07062299894548256,0,0,0,0,0,0,1,0,0,0,0,0
0,0,0,0,-0.915021468619082,1,0,0,1,0,1,0,1,0,0.00017507974604262936,-0.705264105505997,0.1201112708473145,0,0,1,0,0,0,1,0,0,0,0,0
0,0,0,0,-1.2413308272103278,1,1,0,0,0,0,1,1,1,1.0349976940420555,-0.9297279871006945,0.7446790057292026,1,0,0,0,0,1,0,0,0,0,0,1
1,0,0,0,-1.078176147914705,1,0,0,1,0,0,1,0,1,0.6639921586915555,-0.7764816718543489,0.7397076520421617,1,0,0,0,0,1,0,0,0,0,0,1
0,1,0,0,-0.7110781194995532,1,0,1,0,1,1,0,1,1,1.0449799057555218,-0.37952229632735807,1.0004275342958548,1,0,0,0,0,0,1,1,0,0,0,1
1,0,1,1,0.7981026639849592,1,1,0,0,0,0,0,0,0,-1.3424323957151836,-0.4215804333192573,-1.3036143162871114,0,1,0,1,0,0,1,0,0,1,0,0
0,0,1,1,0.2678499562741845,1,0,0,0,0,0,0,0,0,-1.5021477831306453,-0.6734458284086772,-1.5078540969297027,0,1,0,1,0,0,1,0,1,0,0,0
0,0,0,0,-0.7926554591473648,0,0,0,1,0,0,0,0,1,-1.1261511419234125,-0.8539398395118436,-1.2666797078045458,0,0,0,0,0,1,0,1,0,0,0,1
1,0,1,0,-0.6295007798517418,0,0,1,0,1,0,0,0,0,-1.0146831111230379,-0.7460477534981418,-0.9963670374910926,0,0,0,0,0,0,1,1,0,0,0,0
1,0,0,0,1.0428346829283937,1,1,0,1,1,0,1,1,1,1.2762344771174927,1.6380816860771392,1.2866422706112497,1,0,1,0,0,0,0,0,0,1,0,1
1,0,1,1,1.5730873906391682,1,0,1,1,1,1,1,0,0,1.1747486580305848,2.1616549515452603,1.2131532367446116,1,0,0,1,1,0,0,0,0,0,1,0
1,0,1,0,1.613876060463074,1,1,0,1,1,1,1,1,0,0.7005936016409324,1.697081737186465,0.6798212525343833,0,0,0,1,0,0,0,0,0,0,1,0
0,0,1,0,1.5730873906391682,1,1,1,1,1,1,1,1,0,0.6939387938319548,1.7286802748010688,0.753268011160334,0,0,0,1,1,0,0,0,0,0,1,0
1,0,1,1,1.450721381167451,1,1,0,1,0,1,0,1,0,0.19649191011088085,1.1292968877958247,0.21671637028930976,0,0,0,1,1,0,0,0,0,0,1,0
0,0,1,0,1.5730873906391682,1,0,0,0,0,0,0,0,0,-1.5071388889873785,-0.38402695572304213,-1.4907496958547886,0,1,0,1,0,0,1,0,0,0,1,0
1,0,0,0,-0.9965988082668935,1,1,0,0,0,0,0,0,1,0.33125176824267666,-0.7549691764964234,0.2195797725355222,1,0,0,0,0,1,0,0,0,0,0,0
0,0,0,0,1.3691440415196396,1,1,1,1,1,1,1,1,1,0.8370171617249725,1.6153606235642741,0.8438801088478793,0,0,0,1,1,0,0,0,0,0,1,0
0,0,1,0,-0.8742327987951762,1,1,0,0,1,0,1,1,1,1.151456830699163,-0.5420416177443315,1.0325655783332903,1,0,0,0,0,1,0,0,0,0,0,1
0,1,1,0,-1.2821194970342338,1,0,0,0,0,0,0,0,1,0.154899361304771,-0.975983148212475,0.1530879169713517,1,0,0,0,0,1,0,0,0,0,0,1
1,1,0,0,0.2270612864502788,1,0,0,1,1,1,1,0,1,0.174863784731704,0.09098388406477743,0.026143964489109193,0,0,1,0,1,0,0,0,1,0,0,1
0,0,1,1,-0.5071347703800245,1,1,0,0,0,0,0,0,1,-1.3091583566702958,-0.7835572831978136,-1.3111414556517207,0,1,0,0,0,0,0,1,0,0,0,0
0,0,1,1,1.613876060463074,1,1,1,1,0,0,1,1,1,1.306181112257892,2.2029879482441963,1.209707715204474,1,0,1,0,0,1,0,0,0,0,1,0
0,0,0,0,0.10469527697856156,1,0,0,0,1,0,0,1,1,-0.09299222957964358,-0.08535705081505106,-0.16711460669966424,0,0,0,0,0,1,0,0,1,0,0,0
0,1,1,0,0.3902159657459017,1,1,0,1,1,0,1,0,1,1.020024376471856,0.7208671112710433,0.9496881625376454,1,0,0,0,0,1,0,0,1,0,0,0
0,1,1,0,-1.1189648177386107,1,1,0,1,0,0,0,0,1,0.5358871083687373,-0.8432165527552883,0.311508387798384,1,0,0,0,0,1,0,0,0,0,0,1
0,1,0,0,0.512581975217619,1,1,1,1,0,1,1,0,1,1.0699354350391876,0.9205883271118859,1.0776124033924286,1,0,0,0,0,1,0,0,1,0,0,0
0,0,1,1,-1.2821194970342338,1,0,0,0,0,0,0,0,1,-1.4605552343245356,-0.9973198519842276,-1.4559735597341747,0,1,0,0,0,1,0,0,0,0,0,1
1,0,0,0,0.2678499562741845,1,1,0,0,0,0,0,0,1,0.27468590186636765,0.1936022224932882,0.1687243114741807,1,0,0,0,1,0,0,0,1,0,0,0
0,0,1,1,-1.078176147914705,1,0,1,1,0,0,0,0,0,-0.29929127165794855,-0.8459852702375137,-0.13386966529727862,0,0,0,0,1,0,0,0,0,0,0,1
1,1,1,0,0.7573139941610534,0,0,0,1,0,0,0,0,1,-1.1793896043952328,-0.3651952820542555,-1.2036042519743997,0,0,0,0,1,0,0,0,0,1,0,0
1,1,1,0,-0.46634610055611886,1,0,0,0,1,0,1,0,0,0.7205580250678649,-0.19032660170862617,0.7791628400345486,1,0,0,0,0,0,0,1,0,0,0,0
1,0,1,0,0.9612573432805821,1,1,0,1,1,0,0,0,0,-0.17950473109635212,0.48295517333410837,-0.14611063737191682,0,0,0,1,1,0,0,0,0,1,0,0
0,0,0,0,-0.8334441289712705,1,1,0,0,0,1,1,1,0,0.30463253700676646,-0.6230375910735585,0.2581768101890745,0,0,1,0,0,0,1,0,0,0,0,1
1,0,1,0,-0.7518667893234591,1,1,0,1,1,0,0,0,1,0.5907892727928025,-0.4857663362206877,0.653300790338834,1,0,0,0,0,1,0,1,0,0,0,0
0,0,0,1,0.5533706450415247,1,0,0,1,1,0,1,1,1,1.1614390424126293,0.9233130966975679,1.0118712542566033,1,0,0,0,0,1,0,0,1,0,0,0
1,0,0,0,0.6349479846893362,1,0,0,1,1,1,1,1,0,0.46601162637447296,0.6509460078707175,0.4521286505626511,0,0,0,1,1,0,0,0,1,0,0,0
0,0,0,0,-0.7110781194995532,1,1,0,0,0,0,0,0,1,-1.314149462527029,-0.8309331156714473,-1.269050661101442,0,1,0,0,1,0,0,1,0,0,0,1
1,1,0,0,0.5533706450415247,1,0,1,0,0,0,0,1,0,0.6689832645482888,0.737918895129828,0.7079342176075968,1,0,0,0,0,1,0,0,1,0,0,1
1,0,1,0,0.3902159657459017,1,1,1,0,1,0,0,1,1,0.9817592315702351,0.7577833443673813,1.0159728783648556,1,0,0,0,0,1,0,0,1,0,0,0
0,1,1,0,0.10469527697856156,1,1,0,0,1,0,1,1,0,1.236305630263627,0.5107741918459917,1.1173411473548962,1,0,0,0,0,0,0,0,1,0,0,0
1,0,1,1,-0.3439800910844016,1,1,1,0,0,1,1,1,0,0.5358871083687373,-0.16105730261081544,0.5047421437504989,0,0,0,0,0,0,0,1,0,0,0,0
1,0,0,0,1.613876060463074,1,1,1,1,0,1,1,1,0,0.703921005545421,1.7664095439834568,0.752435238102039,0,0,0,1,1,0,0,0,0,0,1,0
0,0,0,0,0.023117937330750068,1,1,1,0,0,1,0,0,0,-0.18283213500084095,-0.1483343865615418,-0.19073893853539675,0,0,1,0,0,1,0,0,1,0,0,0
1,0,1,1,0.9612573432805821,1,0,1,1,1,0,0,0,1,-0.16952251938288584,0.5129276387766112,-0.1057479800557052,0,0,0,1,0,0,0,0,0,1,0,0
1,1,0,0,-0.8334441289712705,0,0,0,1,0,0,0,0,1,-1.1827170082997216,-0.8390195286354071,-1.0991408395310267,0,0,0,0,1,0,0,0,0,0,0,0
0,1,1,0,1.2059893622240165,1,0,1,0,1,1,1,1,1,0.5009493673716051,1.1116298333854346,0.42445433624299067,0,0,0,1,1,0,0,0,0,0,1,0
1,0,1,1,1.613876060463074,1,1,1,1,1,1,1,0,1,1.371065488395423,2.3109020082061695,1.3227369650056644,1,0,0,1,1,0,0,0,0,0,1,0
1,0,0,0,-1.2005421573864221,1,0,0,0,0,0,0,0,1,-0.6503323835815156,-0.9443626366496,-0.5887485276615086,0,0,0,0,0,1,0,0,0,0,0,1
0,0,0,0,0.9612573432805821,1,1,0,1,0,1,1,1,1,1.3494373630162462,1.593826154258077,1.349852542953432,1,0,0,0,0,0,0,0,0,1,0,0
1,0,0,0,1.0836233527522994,1,0,0,0,1,1,1,0,1,-0.00814343001517934,0.6351027911668725,-0.053630518828761235,0,0,0,0,0,1,0,0,0,1,0,0
0,0,1,0,-0.017670732493155674,1,0,1,0,0,0,0,0,1,0.35287989362185396,0.015107840682839976,0.2557256566350473,1,0,0,0,0,0,0,0,1,0,0,0
1,0,1,0,-0.38476876090830736,1,1,1,1,1,0,1,0,1,1.143138320937941,-0.045672100236487705,0.9985782867890817,1,0,0,0,0,1,0,1,0,0,0,1
1,1,1,0,1.002046013104488,1,0,0,1,1,0,1,0,1,0.8569815851519056,1.278653814198092,0.87143398862685,1,0,1,0,0,1,0,0,0,1,0,0
1,0,0,1,0.4310046355698075,0,0,1,1,1,0,0,0,1,-0.8133751749014662,-0.16589157123057396,-0.6776291378957078,0,0,0,0,0,1,0,0,1,0,0,0
1,0,0,0,-1.2413308272103278,1,0,0,0,0,0,0,0,0,-0.6653057011517152,-0.9577447711470224,-0.31173365276695947,0,0,0,0,0,0,0,0,0,0,0,0
0,0,1,1,-0.7518667893234591,1,0,0,1,0,1,0,1,1,0.8237075461070177,-0.4755045023778367,0.7085775087161683,1,0,0,0,1,0,0,1,0,0,0,1
0,1,1,0,1.613876060463074,1,1,0,1,1,1,1,1,1,1.5274534719063961,2.4575341650227545,1.4763195721983633,1,0,0,1,1,0,0,0,0,0,1,0
1,0,0,0,1.1652006924001108,1,1,1,1,1,0,1,1,1,1.425967652819488,1.8596889543965247,1.3914983023873473,1,0,1,0,0,1,0,0,0,0,1,0
0,0,1,1,-0.5479234402039304,1,0,0,0,0,0,0,0,0,-1.4871744655604457,-0.8385800496699745,-1.4852783814683097,0,1,0,0,0,0,1,1,0,0,0,0
0,0,1,0,0.8388913338088649,1,1,0,0,0,1,0,1,1,0.8736186046743495,1.130417559157678,0.8886919307764335,1,0,1,0,0,1,0,0,0,1,0,0
1,0,1,1,1.4915100509913568,1,1,0,0,0,1,1,1,1,1.1464657248424297,2.0067166422819995,1.1413546040328364,1,0,0,1,0,1,0,0,0,0,1,0
0,0,1,0,-1.078176147914705,1,0,0,0,0,0,0,0,0,-1.5104662928918673,-0.9422531376155234,-1.3438419154598107,0,1,0,0,0,0,0,0,0,0,0,1
0,0,0,0,-1.2821194970342338,1,0,0,0,0,0,0,0,0,-1.4888381675126903,-0.9976934091048453,-1.4841445639607391,0,1,0,0,0,0,1,0,0,0,0,0
1,0,0,0,-0.46634610055611886,1,0,0,0,1,0,0,1,0,-0.10796554714984322,-0.3940910240314486,0.04742692352773915,0,0,0,0,0,0,1,1,0,0,0,0
1,1,1,0,-0.017670732493155674,1,1,0,0,0,0,0,1,1,0.6689832645482888,0.15457649036287396,0.5844046342563781,1,0,0,0,0,1,0,0,1,0,0,1
1,0,1,0,1.5730873906391682,1,1,0,1,1,1,1,1,1,1.4542505860076427,2.3734398649872275,1.4381011561610382,1,0,0,1,1,0,0,0,0,0,1,1
1,0,0,1,1.3691440415196396,1,1,1,1,0,1,0,0,0,0.02679431098195284,0.9178855314744753,0.04693194026019847,0,0,0,1,0,0,0,0,0,0,1,0
1,0,1,1,1.5322987208152625,1,0,1,1,1,0,1,1,1,0.5076041751805828,1.454599218009031,0.49949657650691115,0,0,0,1,1,0,0,0,0,0,1,0
0,0,1,1,1.613876060463074,0,0,1,1,1,1,1,1,0,0.02679431098195284,1.0042211742337086,-0.045881308141922955,0,0,0,1,0,0,0,0,0,0,1,0
0,0,0,1,1.2059893622240165,1,1,0,0,1,0,1,1,1,1.1730849560783405,1.8121153563884465,1.2764802117025895,1,0,1,0,0,1,0,0,0,0,1,1
0,0,0,0,-1.078176147914705,1,0,1,0,0,0,0,0,1,-0.5139088234974752,-0.8682888277332179,-0.4141987759831883,0,0,0,0,0,1,0,0,0,0,0,0
0,0,0,0,0.3086386260980903,0,0,1,0,0,1,1,1,1,-0.34421122436854723,-0.023786047757944625,-0.2991395567597897,0,0,1,0,0,0,0,0,1,0,0,0
0,1,0,0,-0.9965988082668935,1,1,0,0,0,0,0,0,1,0.36119840338307596,-0.7401147874648017,0.35960623472050346,1,0,0,0,0,1,0,0,0,0,0,1
0,1,1,0,0.5941593148654305,1,1,1,0,0,0,0,0,0,0.51425898298956,0.674831689641979,0.5458601160751396,1,0,0,0,0,1,0,0,1,0,0,1
1,1,0,0,-1.078176147914705,1,0,0,0,0,0,0,0,0,-0.6719605089606927,-0.8850329763161997,-0.6246527487345807,0,0,0,0,1,0,0,0,0,0,0,0
0,0,1,0,-1.2821194970342338,1,0,0,0,0,0,0,0,1,0.1499082554480381,-0.9760490700572899,0.14811656328431122,1,0,0,0,0,0,1,0,0,0,0,1
0,0,0,0,-0.7110781194995532,1,1,0,1,0,0,1,1,1,1.1730849560783405,-0.38468617417119105,0.9744660205968642,1,0,0,0,0,1,0,1,0,0,0,0
0,0,1,0,-1.2821194970342338,1,0,0,0,0,0,0,0,1,-0.6619782972472263,-0.9867723568138453,-0.6605569698076529,0,0,0,0,0,1,0,0,0,0,0,0
0,0,1,1,0.9204686734566764,1,0,1,1,0,0,0,0,0,-0.305946079466926,0.369811313683487,-0.26477695748663793,0,0,0,0,0,1,0,0,0,1,0,0
0,0,1,1,0.8796800036327707,1,1,1,1,1,1,1,1,0,0.8786097105310824,1.175464153114519,0.8952926100254743,0,0,0,1,1,0,0,0,0,1,0,0
1,0,1,1,-0.05845940231706142,0,0,1,0,1,1,1,1,0,-0.16453141352615247,-0.19404019896653163,-0.1753956142852662,0,0,1,0,0,1,0,0,1,0,0,0
1,1,0,0,-0.915021468619082,1,0,0,0,0,0,0,1,1,0.4776575400401835,-0.6578003772392768,0.47804873631424927,1,0,0,0,0,1,0,0,0,0,0,1
1,0,0,0,0.512581975217619,1,0,0,0,0,0,0,0,1,-1.4805196577514683,-0.5976357068715547,-1.466689588792907,0,1,1,0,0,1,0,0,1,0,0,1
1,0,1,0,1.613876060463074,1,1,0,1,1,1,1,1,1,0.6839565821184885,1.7303063469731692,0.714620728343669,0,0,0,1,1,0,0,0,0,0,1,0
0,0,1,0,1.2467780320479223,1,0,0,1,0,0,1,1,1,1.0349976940420555,1.6785576987934814,1.0621880552332716,1,0,1,0,0,1,0,0,0,0,1,0
1,1,0,0,0.18627261662637304,1,1,0,0,1,0,1,1,1,1.2046952931709836,0.638882310269593,1.2017300361458778,1,0,0,0,0,1,0,0,1,0,0,1
0,0,1,0,-0.18082541178877864,1,1,0,0,0,0,0,0,0,-1.3091583566702958,-0.7111311496945221,-1.356309754865405,0,1,1,0,0,0,1,0,1,0,0,0
1,0,1,1,1.613876060463074,1,1,0,0,0,0,0,0,0,-1.3507509054764055,-0.2843751003112014,-1.395557803120832,0,1,0,1,0,0,0,0,0,0,1,0
0,0,0,0,-0.7926554591473648,1,0,0,0,0,0,0,0,1,-1.517121100700845,-0.8838024352129884,-1.4399122632068124,0,1,0,0,0,0,1,1,0,0,0,0
0,1,0,0,0.4310046355698075,1,0,1,1,0,1,1,1,1,1.4392772684374435,1.0153619660074247,1.3940379950829762,1,0,0,0,1,0,0,0,1,0,0,1
0,0,1,1,0.9204686734566764,1,1,1,0,1,1,1,1,1,0.6723106684527774,1.0405221367784407,0.6548632157833326,0,0,0,1,0,0,0,0,0,1,0,0
0,0,1,1,-0.2216140816126844,1,0,1,1,1,1,0,0,0,0.04176762855215248,-0.18276756350318554,0.14891443486371253,0,0,1,0,0,0,1,0,1,0,0,0
0,1,0,0,-1.2821194970342338,0,0,0,0,0,0,0,0,1,-1.3041672508135624,-0.9952543008466944,-1.3002044775402308,0,0,0,0,0,0,1,0,0,0,0,1
1,0,0,0,-0.09924807214096716,1,0,1,0,1,0,0,0,1,-0.3076097814191705,-0.27971662327761593,-0.32488012140602285,0,0,0,1,0,0,1,0,1,0,0,0
0,0,0,0,-0.4255574307322131,1,0,1,0,0,0,0,0,1,-0.5355369488766525,-0.543074393313098,-0.5632389552067945,0,0,0,0,1,0,0,1,0,0,0,1
1,0,1,1,-0.017670732493155674,1,0,1,1,0,0,0,1,1,0.8619726910086385,0.32236955936503836,0.9798343921130783,1,0,1,0,0,1,0,0,1,0,0,0
1,0,0,0,-1.2413308272103278,1,0,0,0,0,0,0,0,1,-0.6287042582023386,-0.9694129376792578,-0.7516984540700669,0,0,0,0,1,0,0,0,0,0,0,1
0,0,0,0,-1.2821194970342338,1,0,0,0,0,1,1,1,1,1.0300065881853222,-0.964424851421598,1.024731930099165,1,0,0,0,0,1,0,0,0,0,0,0
0,0,1,1,-0.30319142126049586,1,0,0,0,0,0,0,0,0,-1.492165571417179,-0.7779759003368197,-1.4624694618852412,0,1,1,0,0,0,1,0,1,0,0,0
1,1,0,0,-0.5479234402039304,1,1,1,0,0,0,1,0,1,0.8553178831996607,-0.27701382764020543,0.7436324049529832,1,0,0,0,0,1,0,1,0,0,0,1
1,1,1,0,0.7981026639849592,1,0,1,0,1,1,1,1,1,1.3161633239713582,1.4023451690190958,1.3415282570406537,1,0,1,0,0,0,0,0,0,1,0,0
0,1,1,0,-1.2005421573864221,0,0,0,1,0,0,0,0,1,-1.1361333536368787,-0.9701380779722216,-1.2366816248724881,0,0,0,0,0,1,0,0,0,0,0,0
1,0,1,1,0.5533706450415247,1,1,0,0,0,0,0,0,0,-1.3307864820494728,-0.4902490216681002,-1.3055360742480717,0,1,1,0,0,1,0,0,1,0,0,0
0,0,0,0,0.3902159657459017,1,0,0,0,0,0,0,0,1,-1.4722011479902464,-0.5854841134773434,-1.3959227636097618,0,1,1,0,0,0,1,0,1,0,0,0
0,0,0,0,1.5322987208152625,1,1,1,1,1,1,1,1,1,1.6222844831843268,2.4825844660524123,1.6069721393028202,1,0,0,1,0,0,0,0,0,0,1,0
1,0,0,1,-0.9965988082668935,0,0,0,0,0,0,0,0,0,-1.31082205862254,-0.9119730368972179,-1.260433648043905,0,0,0,0,0,0,1,0,0,0,0,1
0,0,1,1,1.450721381167451,1,0,1,1,1,1,1,1,1,0.6689832645482888,1.4579392581463189,0.5811848298156904,0,0,0,1,1,0,0,0,0,0,1,0
0,0,0,1,-1.2821194970342338,1,0,0,0,0,0,0,1,0,0.45769311661325096,-0.9719838896270384,0.4546833739851582,1,0,0,0,0,1,0,0,0,0,0,1
1,0,1,1,-1.0373874780907992,1,0,0,0,0,0,0,0,0,-0.6702968070084484,-0.8599167534417269,-0.5722562590806909,0,0,0,0,0,1,0,0,0,0,0,0
1,1,1,0,-1.0373874780907992,1,0,0,0,0,0,1,1,1,0.8020794207278403,-0.7404663706371478,0.7146141524790037,1,0,0,0,0,1,0,0,0,0,0,0
1,0,1,1,0.3086386260980903,0,0,0,1,1,1,1,1,0,-0.1528854998604419,0.06951533660339523,-0.12323649213333057,0,0,1,0,0,0,1,0,1,0,0,0
1,1,1,0,1.2059893622240165,1,1,0,1,0,0,0,1,1,0.8286986519637506,1.4675198995927496,0.8573362949274648,1,0,0,0,0,0,0,0,0,0,1,0
1,0,0,0,-0.5479234402039304,1,1,1,0,1,0,0,0,1,0.6606647547870669,-0.2805516333119378,0.7295905112053772,1,0,0,0,0,1,0,1,0,0,0,0
0,0,1,1,1.613876060463074,1,1,1,1,0,1,0,0,1,0.8469993734384388,1.8779273314619773,0.8692390342211681,1,0,0,1,0,0,0,0,0,0,1,0
1,0,0,0,1.450721381167451,1,0,0,1,1,0,0,0,0,0.4893034537058941,1.3936434855035302,0.5098800215398017,1,0,1,0,1,0,0,0,0,0,1,0
0,0,1,1,0.6349479846893362,1,0,1,0,1,1,1,0,0,0.15989046716150437,0.3222816635719519,-0.06423619038921484,0,0,1,0,0,0,0,0,1,0,0,0
0,0,1,1,-0.7926554591473648,1,0,0,0,0,0,0,0,1,-1.5021477831306453,-0.898129449486091,-1.5230230992055451,0,1,0,1,0,0,0,1,0,0,0,0
1,0,1,1,1.3283553716957337,1,1,0,0,1,1,1,1,1,1.3045174103056472,1.9379821320883421,1.2642746954501143,1,0,0,1,0,0,0,0,0,0,1,0
1,0,0,1,0.7981026639849592,1,1,1,1,0,1,1,1,1,0.6739743704050222,0.9543403116571092,0.6918105713266347,0,0,0,1,0,0,1,0,0,1,0,0
1,1,0,0,-1.2821194970342338,1,1,0,0,0,0,0,0,1,0.3478887877651206,-0.9734341702129661,0.3453135928702611,1,0,0,0,0,1,0,0,0,0,0,1
0,0,1,0,-0.7110781194995532,1,0,1,0,1,0,1,1,0,1.2263234185501608,-0.27288272536513897,1.5365604108116064,1,0,0,0,0,1,0,1,0,0,0,0
1,0,1,0,-1.2821194970342338,0,0,0,0,0,0,0,0,1,-1.3790338386645602,-0.9962431285189178,-1.374774782845842,0,0,0,0,0,1,0,0,0,0,0,1
0,0,1,1,-0.09924807214096716,1,0,0,1,1,1,1,1,0,0.5292323005597597,0.034708602541133844,0.46550987757026924,0,0,0,1,0,0,0,0,1,0,0,0
0,0,0,0,-0.6295007798517418,1,0,1,1,0,1,1,1,0,0.49762196346711607,-0.3968377675654023,0.552745762400119,0,0,1,0,1,0,0,1,0,0,0,0
1,1,1,0,0.4717933053937132,1,1,0,1,0,0,0,1,0,0.7821149973009078,0.7130883335828865,0.7953717486288759,1,0,1,0,0,0,1,0,1,0,0,1
0,0,0,0,-1.1597534875625164,1,1,0,0,0,0,1,0,1,0.6906113899274662,-0.8651905010269181,0.5130967798078868,1,0,0,0,0,1,0,0,0,0,0,1
1,0,1,0,-1.2005421573864221,0,0,0,1,0,0,0,0,0,-1.1677436907295222,-0.9650620959214751,-1.1090835469051081,0,0,0,0,1,0,0,0,0,0,0,0
1,0,1,1,0.3086386260980903,1,0,0,0,1,0,1,0,1,0.6706469665005331,0.46818868009557324,0.6283907573998406,1,0,1,0,0,1,0,0,1,0,0,0
1,0,0,1,-0.38476876090830736,0,0,1,1,0,1,0,0,0,-0.8067203670924887,-0.5901865384074721,-0.7867861242959923,0,0,1,0,0,0,0,1,0,0,0,0
0,0,0,1,-1.2005421573864221,1,0,1,0,0,1,0,0,1,-0.32591050289385876,-0.9385834882541613,-0.44347452547353944,0,0,0,0,0,0,1,0,0,0,0,1
1,0,1,0,1.124412022576205,1,0,0,0,0,0,0,0,1,-1.4771922538469795,-0.47970152649771797,-1.4897787648060519,0,1,0,1,0,0,0,0,0,1,0,0
0,0,1,1,-0.38476876090830736,1,1,0,0,0,0,0,0,0,-1.365724223046605,-0.7315888955354093,-1.2504188920656631,0,1,0,1,0,0,1,1,0,0,0,0
0,1,0,0,-0.6702894496756475,1,0,0,0,0,1,1,0,0,-0.18283213500084095,-0.5565663975518786,-0.031059309186116456,0,0,0,0,0,1,0,1,0,0,0,1
1,0,0,0,0.7573139941610534,1,0,0,0,0,0,0,0,0,-1.4788559557992238,-0.5483261669500175,-1.474396811633208,0,1,0,1,0,0,1,0,0,1,0,0
0,0,0,0,-0.1400367419648729,0,0,0,0,0,0,0,0,1,-1.3241316742404952,-0.6932663297496872,-1.3372896332056268,0,0,0,0,1,0,0,0,1,0,0,1
0,0,1,1,0.0639066071546558,1,1,0,0,0,0,0,0,1,-1.3074946547180513,-0.6034807771118081,-1.2579479712003845,0,1,1,0,1,0,0,0,1,0,0,0
0,0,0,0,0.3086386260980903,1,0,0,0,0,0,0,0,1,-1.4738648499424907,-0.6429679621559268,-1.4664962583717445,0,1,0,1,0,0,0,0,1,0,0,0
1,0,1,0,0.7981026639849592,1,0,1,1,1,1,1,1,1,1.3777202962044006,1.404872173070333,1.3451930370022547,1,0,0,1,0,1,0,0,0,1,0,0
0,0,1,0,-0.6295007798517418,1,1,0,1,0,0,1,1,1,0.34955248971736536,-0.4253160045254344,0.42641489223531837,0,0,0,0,0,0,0,1,0,0,0,0
0,0,0,0,-0.7926554591473648,1,0,0,0,0,0,0,0,0,-1.5121299948441116,-0.9045458423814069,-1.5602445165546708,0,1,0,0,1,0,0,1,0,0,0,0
1,0,1,1,0.4717933053937132,1,0,0,0,0,0,0,0,1,-1.4771922538469795,-0.6263776312108463,-1.5003767869843343,0,1,1,0,0,0,0,0,1,0,0,0
0,0,1,0,-0.2216140816126844,1,0,1,0,0,1,1,1,1,1.2313145244068942,0.17176011791128837,1.13913443963798,1,0,1,0,1,0,0,0,1,0,0,0
1,1,0,0,-0.7518667893234591,1,1,0,0,0,0,0,0,1,0.33457917214716576,-0.5509190928460699,0.3023468931465519,1,0,0,0,0,1,0,1,0,0,0,1
0,0,0,0,1.2467780320479223,1,1,0,1,0,0,1,1,0,1.083245050657143,1.7415130605917004,1.1375474642987304,1,0,0,1,0,0,0,0,0,0,1,0
0,0,1,1,1.613876060463074,0,0,1,1,1,1,1,1,1,-0.036426363203334325,1.0521024075175898,0.0042695237287333765,0,0,0,1,0,0,0,0,0,0,1,0
1,0,0,1,-1.078176147914705,1,0,0,0,0,0,0,0,0,-1.5054751870351342,-0.9622054826461632,-1.5946190903394228,0,1,0,0,0,0,1,0,0,0,0,0
0,0,0,0,-0.26240275143659014,1,1,1,1,0,0,1,0,1,0.1532356593525267,-0.2154647985313706,0.14257159186415005,0,0,0,0,0,0,0,0,1,0,0,0
1,0,0,1,-0.18082541178877864,1,0,0,1,0,1,0,0,1,-0.34920233022528036,-0.3400351112832395,-0.35683093264225785,0,0,1,0,1,0,0,0,1,0,0,0
0,0,0,0,-1.2413308272103278,1,0,0,1,0,1,0,0,1,-0.3275742048461033,-0.961392446560113,-0.4492744381084205,0,0,0,0,1,0,0,0,0,0,0,1
0,0,1,0,-1.0373874780907992,1,0,0,0,0,0,1,0,1,0.5392145122732259,-0.7531233648416065,0.5782570227773138,1,0,0,0,0,1,0,0,0,0,0,1
0,0,1,0,1.2059893622240165,1,0,1,0,1,1,1,1,0,0.5358871083687373,1.18464926349206,0.5132705099098531,0,0,0,1,0,0,1,0,0,0,1,0
0,0,1,1,0.10469527697856156,1,1,1,1,0,0,0,0,1,-0.18116843304859642,-0.06742630902540113,-0.1284800866175186,0,0,0,0,1,0,0,0,1,0,0,0
1,0,0,0,-1.2005421573864221,1,0,1,0,0,1,1,0,1,-0.01646193977640131,-0.9205648506714249,0.009471032679063199,0,0,0,0,1,0,0,0,0,0,0,0
0,0,1,1,-0.9558101384429878,1,0,0,0,0,0,0,0,0,-1.4821833597037126,-0.9225644799641433,-1.448240342887667,0,1,0,1,0,0,1,0,0,0,0,0
1,0,0,0,-0.3439800910844016,1,1,0,0,0,0,0,0,0,-1.340768693762939,-0.746091701394685,-1.333553975190796,0,1,1,0,0,1,0,1,0,0,0,0
1,0,1,1,1.450721381167451,1,0,1,1,1,1,0,0,0,-0.07469150810495534,0.9165231466816344,-0.019252344179394316,0,0,0,1,1,0,0,0,0,0,1,0
1,1,1,1,1.613876060463074,0,0,1,1,1,1,1,1,1,-0.0031523241584464423,1.073219371806626,0.02638744453079928,0,0,0,1,0,0,0,0,0,0,1,0
1,1,1,0,0.6349479846893362,1,1,0,0,1,0,0,1,1,0.8702912007698604,0.9143037779061998,0.8658902751403145,1,0,0,0,1,0,0,0,1,0,0,0
1,1,1,0,-1.2413308272103278,1,1,0,0,0,0,1,0,1,0.7305402367813312,-0.937836374012926,0.43894075397619553,1,0,0,0,0,0,1,0,0,0,0,1
1,0,0,0,0.9612573432805821,1,0,0,1,1,1,1,1,1,0.5625063396046476,0.9862464845475154,0.5316505819613067,0,0,0,1,1,0,0,0,0,1,0,0
0,0,1,0,0.7573139941610534,1,0,1,1,0,1,0,0,1,-0.14623069205146424,0.37567835787201215,-0.10808686039095951,0,0,1,0,0,0,0,0,0,1,0,0
1,0,1,1,1.613876060463074,1,1,1,1,1,1,0,0,0,0.23974816086923498,1.1981632416791124,0.15725372723688139,0,0,0,1,1,0,0,0,0,0,1,0
0,1,1,0,-0.6295007798517418,1,1,1,0,1,0,0,0,1,0.6806291782139994,-0.3633934182959818,0.7011065528251396,1,0,0,0,0,0,0,1,0,0,0,1
0,0,1,1,-0.915021468619082,1,1,0,1,1,0,1,1,1,1.2379693322158714,-0.5368118180556836,1.390457849675797,1,0,0,0,1,0,0,0,0,0,0,1
0,0,0,0,0.8388913338088649,1,1,0,1,1,0,1,1,0,1.3527647669207348,1.4906804410710472,1.4013041552986556,1,0,0,1,0,1,0,0,0,1,0,0
0,0,1,0,0.18627261662637304,1,1,1,0,1,1,0,0,0,0.10665200468968347,0.08302931479044752,0.0687988391424265,0,0,1,0,1,0,0,0,1,0,0,0
1,0,0,0,-1.078176147914705,1,0,0,0,0,0,0,0,0,-1.5287670143665555,-0.9581403022159117,-1.5435246218892815,0,1,0,0,0,0,1,0,0,0,0,0
1,0,0,1,0.6757366545132419,1,1,0,0,0,1,1,1,1,1.1880582736485397,1.2214556268470398,1.2770196750333427,1,0,1,0,0,0,0,0,0,1,0,1
1,1,1,0,-0.6702894496756475,1,0,0,1,0,0,0,0,1,0.3129510467679884,-0.48873281923735773,0.28866087481169256,1,0,0,0,1,0,0,1,0,0,0,1
1,1,1,0,-0.8742327987951762,1,0,0,0,0,0,0,0,0,-1.4954929753216677,-0.9121708024316624,-1.504933861197455,0,1,0,0,0,0,1,0,0,0,0,1
0,0,1,0,-1.2005421573864221,1,1,0,0,0,0,0,0,1,0.3412339799561434,-0.9112918445007973,0.2425722833380855,1,0,0,0,1,0,0,0,0,0,0,1
1,0,0,0,1.5730873906391682,1,1,1,1,1,1,1,1,1,1.7104606866532794,2.645323526952102,1.7268831240941618,1,0,1,0,0,0,0,0,0,0,1,0
1,0,1,1,-0.18082541178877864,1,0,0,1,1,0,1,1,0,1.1797397638873177,0.22355271398751955,1.1610890598008545,1,0,1,0,0,0,0,0,1,0,0,0
0,1,1,0,1.4099327113435454,1,0,0,0,0,0,0,0,1,-1.492165571417179,-0.45146500296867376,-1.5271801630425845,0,1,0,1,0,0,0,0,0,0,1,0
0,0,1,0,-0.5479234402039304,1,0,0,0,0,0,0,0,0,-0.6653057011517152,-0.6375403969328342,-0.6873325063325918,0,0,0,0,0,0,1,1,0,0,0,0
0,0,1,1,1.2467780320479223,1,1,1,0,0,0,1,1,1,1.1564479365558964,1.7670907363798773,1.168164690180823,1,0,1,0,1,0,0,0,0,0,1,0
0,1,1,1,-0.18082541178877864,0,0,0,1,0,0,0,1,1,-0.8582951276120648,-0.5246162767649291,-0.853966301346334,0,0,1,0,0,1,0,0,1,0,0,0
1,0,1,0,-0.915021468619082,1,0,0,0,0,0,0,0,1,0.17320008277945922,-0.7166466107107011,0.034272563851077714,1,0,0,0,0,1,0,0,0,0,0,1
0,0,1,0,0.18627261662637304,1,1,0,1,0,1,0,1,0,0.23974816086923498,0.16176197144769683,0.22927055320248996,0,0,1,0,0,0,1,0,1,0,0,0
0,1,0,0,-1.2821194970342338,1,1,0,0,0,0,1,0,1,0.6922750918797105,-0.9688855629207388,0.6883369972760739,1,0,0,0,0,1,0,0,0,0,0,1
0,0,1,1,-0.7518667893234591,1,0,0,0,0,0,0,0,0,-1.5337581202232888,-0.8942400606420126,-1.5469966784326115,0,1,0,1,0,0,1,1,0,0,0,0
1,1,1,0,0.7981026639849592,1,1,0,1,1,0,1,1,1,1.337791449350535,1.3562657994934881,1.2747017911321632,1,0,1,0,0,0,0,0,0,1,0,0
0,0,0,0,0.8796800036327707,1,1,0,1,0,0,1,1,1,1.074926540895921,1.247736468979909,0.996223364819777,1,0,0,1,0,0,0,0,0,1,0,0
0,0,0,0,-1.2821194970342338,1,0,0,1,0,0,0,0,1,0.32626066238594376,-0.9737198315404973,0.32377106022641805,1,0,0,0,0,1,0,0,0,0,0,1
1,0,1,1,1.4099327113435454,1,0,1,0,1,1,0,0,1,-0.14955809595595307,0.7310190753725362,-0.19621769557629337,0,0,0,1,0,0,0,0,0,0,1,0
1,1,1,0,1.1652006924001108,1,1,0,0,0,0,0,0,0,-1.327459078144984,-0.3465613739199135,-1.3360362563009236,0,1,0,1,0,0,0,0,0,0,1,0
1,1,0,0,1.3691440415196396,1,1,0,1,1,1,1,1,0,1.5307808758108852,2.259680734785001,1.5800923957741886,1,0,1,0,1,0,0,0,0,0,1,1
1,1,0,0,-1.2821194970342338,1,1,0,0,0,0,0,0,1,0.32626066238594376,-0.9737198315404973,0.32377106022641805,1,0,0,0,0,1,0,0,0,0,0,1
1,0,0,0,-1.2005421573864221,0,0,0,0,1,0,1,0,1,-0.8233573866149326,-0.9490870355280003,-0.7075086435185933,0,0,0,0,0,0,1,0,0,0,0,1
1,0,0,0,-1.2413308272103278,1,0,0,0,0,0,0,0,1,0.21312892963332478,-0.9372211034613203,0.46214040451571914,1,0,0,0,1,0,0,0,0,0,0,0
0,1,1,0,1.3283553716957337,1,1,0,1,1,0,1,1,1,1.4609053938166203,2.106038888469766,1.4592537364679998,1,0,0,0,0,0,0,0,0,0,1,0
1,0,0,0,-1.2821194970342338,0,0,0,0,0,0,0,1,1,-0.9797453701259056,-0.9909693809337267,-0.9770664878825812,0,0,0,0,0,1,0,0,0,0,0,1
1,0,0,0,-1.2821194970342338,1,0,0,0,0,0,0,0,0,-1.5121299948441116,-0.9980010443806482,-1.5073442145002625,0,1,0,0,0,1,0,0,0,0,0,0
0,0,1,0,0.8388913338088649,1,0,0,0,0,0,0,0,0,-1.4672100421335132,-0.5574893033792871,-1.5130034284458878,0,1,1,0,0,0,0,0,0,1,0,1
0,0,0,0,-1.2821194970342338,1,0,0,0,0,0,0,0,0,-0.6569871913904932,-0.9867064349690303,-0.6555856161206122,0,0,0,0,0,1,0,0,0,0,0,1
1,0,0,0,-0.8334441289712705,1,0,0,0,0,1,1,0,1,-0.16952251938288584,-0.6866961192164699,-0.14187906845973344,0,0,1,0,0,1,0,0,0,0,0,1
0,0,1,1,-0.7926554591473648,1,0,1,0,1,0,0,1,1,-0.058054488582511395,-0.647582491292969,-0.0696032340866024,0,0,0,0,0,0,1,1,0,0,0,0
1,0,1,1,-0.3439800910844016,1,0,0,0,0,0,0,0,1,-1.4672100421335132,-0.800147614142894,-1.5034085594980222,0,1,1,0,1,0,0,1,0,0,0,0
1,0,1,1,1.5730873906391682,1,1,0,1,0,0,1,1,0,1.1863945716962954,2.119794580087806,1.1686911298253035,1,0,1,0,0,0,0,0,0,0,1,0
0,0,1,0,0.9612573432805821,1,0,0,0,1,1,1,1,1,1.124837599463253,1.4850770842617818,1.20340474892269,1,0,0,0,0,1,0,0,0,1,0,0
1,1,1,0,-1.1597534875625164,1,1,0,0,0,0,0,0,0,0.33457917214716576,-0.8708817536292701,0.40579839606259044,1,0,0,0,0,1,0,0,0,0,0,1
1,0,1,1,0.8388913338088649,1,1,1,0,0,1,0,1,0,0.23142965110801303,0.6757326215211159,0.2417280912025503,0,0,0,0,0,1,0,0,0,1,0,0
1,0,0,1,0.10469527697856156,1,0,0,0,1,0,1,0,1,0.6739743704050222,0.3253360423817084,0.7177863495935914,1,0,1,0,0,1,0,0,1,0,0,1
0,0,0,0,-1.2413308272103278,1,0,0,0,0,0,1,0,1,0.5242411947030268,-0.9431980173912036,0.23677237070320473,1,0,0,0,0,1,0,0,0,0,0,1
0,0,0,0,-0.3439800910844016,1,0,1,0,0,0,1,1,1,0.9884140393792124,-0.003152510330884199,1.000910860348762,1,0,0,0,0,1,0,1,0,0,0,0
1,0,1,0,-0.3439800910844016,1,0,1,0,0,1,0,1,1,0.8103979304890623,-0.03521250085919208,0.9001719016071992,1,0,0,0,0,1,0,1,0,0,0,0
1,0,1,0,1.287566701871828,1,1,0,1,1,1,1,0,1,0.3728443170487865,1.1112123283682738,0.34344933523762106,0,0,0,1,0,0,0,0,0,0,1,0
0,0,0,0,-1.2821194970342338,1,0,0,0,0,0,0,1,1,-0.31592829118039245,-0.9822017755733463,-0.3158764475061601,0,0,0,0,0,1,0,0,0,0,0,1
1,0,1,0,0.512581975217619,1,1,0,1,0,0,0,0,0,0.5491967239866926,0.6528577413703494,0.6289385269264683,1,0,0,0,0,0,0,0,1,0,0,0
0,1,0,0,1.3691440415196396,1,1,1,1,0,1,0,0,1,-0.03476266125108979,0.8279901090952384,-0.055784261425072854,0,0,1,0,1,0,0,0,0,0,1,0
1,0,0,0,-0.2216140816126844,1,1,0,0,0,0,0,0,0,-0.5288821410676748,-0.43902774824693136,-0.566837746596403,0,0,0,0,0,0,1,0,1,0,0,0
1,0,0,0,-1.2821194970342338,1,0,1,0,0,0,0,1,1,0.6556736489303335,-0.9693689897827146,0.651880403571108,1,0,0,0,0,0,1,0,0,0,0,1
1,1,1,1,-0.26240275143659014,1,1,0,1,1,0,1,1,0,1.3594195747297124,0.1845489558053768,1.302809060055048,1,0,0,0,0,1,0,0,1,0,0,1
1,0,1,1,0.5941593148654305,1,1,0,0,0,0,0,0,0,-1.3424323957151836,-0.4965555448220579,-1.3336641559019449,0,1,0,1,0,0,1,0,1,0,0,0
1,1,1,1,0.2270612864502788,1,1,0,1,0,0,1,1,0,1.2063589951232283,0.6379154565456411,1.1115561861596754,1,0,0,0,0,1,0,0,1,0,0,0
1,0,0,0,-0.9558101384429878,1,0,0,0,0,1,1,0,0,0.7105758133543987,-0.6679303673924981,0.6853910099059757,1,0,0,0,0,1,0,0,0,0,0,0
0,1,0,0,-0.7110781194995532,1,1,0,0,0,0,0,0,1,0.3179421526247218,-0.5030378595621887,0.37945022152127483,1,0,0,0,0,0,1,1,0,0,0,1
1,0,0,0,-1.2005421573864221,1,1,0,0,0,0,0,0,1,0.3162784506724775,-0.9056665137432599,0.3839796771028005,1,0,0,0,0,1,0,0,0,0,0,1
1,0,0,0,1.1652006924001108,1,1,1,0,1,0,1,1,0,1.3011900064011586,1.7900535123237304,1.3054096694134008,1,0,1,0,0,1,0,0,0,0,1,0
0,0,0,0,-1.2821194970342338,1,0,0,0,0,0,0,0,0,-1.5054751870351342,-0.9979131485875615,-1.5007157429175417,0,1,0,0,0,0,1,0,0,0,0,0
0,0,1,0,1.0836233527522994,1,1,1,1,1,0,1,1,1,1.4725513074823313,1.8754442753072833,1.5317538326893336,1,0,1,0,1,0,0,0,0,1,0,0
0,0,0,1,-0.9965988082668935,1,0,0,0,0,0,0,0,0,-1.4954929753216677,-0.9314419550658817,-1.443959454990493,0,1,0,0,0,0,1,0,0,0,0,0
0,0,1,1,1.3283553716957337,1,1,1,1,1,1,1,1,1,0.8503267773429278,1.6118228178925418,0.8858654504411599,0,0,0,1,0,0,1,0,0,0,1,0
1,0,1,1,1.450721381167451,1,1,0,0,0,0,0,0,1,-1.3607331171898718,-0.27512406808884526,-1.3408038659843973,0,1,0,1,0,0,0,0,0,0,1,0
0,0,1,0,1.1652006924001108,1,1,0,0,0,1,1,1,0,1.2063589951232283,1.7990408571668268,1.3165205090746015,1,0,1,0,0,0,0,0,0,0,1,0
1,0,1,0,0.2270612864502788,1,1,1,0,0,0,1,0,0,0.8919193261490377,0.5224203844299554,0.8823506161676913,1,0,0,0,0,0,0,0,1,0,0,0
0,0,1,0,1.613876060463074,1,1,1,0,0,0,0,0,0,0.5175863868940491,1.5150056018077416,0.48911460137318136,1,0,0,1,0,0,0,0,0,0,1,0
1,0,0,0,-0.915021468619082,1,0,0,0,0,0,0,0,1,-0.6353590660113162,-0.8148481855366143,-0.706293423728428,0,0,0,0,1,0,0,0,0,0,0,0
1,0,0,0,0.8796800036327707,1,1,1,0,1,1,1,1,0,0.7388587465425532,1.0744718868581087,0.7542534646820215,0,0,0,1,0,0,0,0,0,1,0,0
1,0,1,1,-0.3439800910844016,1,1,0,0,0,0,0,0,1,-1.357405713285383,-0.7483989659632061,-1.3408038659843973,0,1,0,1,0,0,0,1,0,0,0,0
1,0,1,1,-0.30319142126049586,1,0,0,0,0,0,0,0,1,-1.522112206557578,-0.796653756367705,-1.51881147033837,0,1,0,0,0,0,1,0,1,0,0,0
0,0,1,1,-1.2005421573864221,1,0,0,0,0,0,0,1,1,0.5125952810373157,-0.8966571949518919,0.6104524561791022,1,0,0,0,0,1,0,0,0,0,0,1
1,0,0,0,-1.2821194970342338,1,0,0,1,0,0,0,0,0,-0.4739799766436099,-0.9842893006591511,-0.4733026475957842,0,0,0,0,0,0,1,0,0,0,0,1
0,0,1,1,1.613876060463074,1,1,1,1,0,1,1,0,0,0.3212695565292104,1.3801075333682062,0.34782228524011055,0,0,0,1,0,0,1,0,0,0,1,0
0,0,0,0,-0.30319142126049586,1,0,0,1,1,0,1,1,1,1.151456830699163,0.0345987327997757,0.9886730446891631,1,0,0,0,0,1,0,0,1,0,0,1
0,0,0,0,-1.2821194970342338,1,0,0,0,1,0,0,0,0,0.38116282681000846,-0.9729946912475335,0.3784559507838661,1,0,0,0,0,1,0,0,0,0,0,1
0,0,1,0,-0.2216140816126844,1,1,0,0,1,0,0,1,0,0.8403445656294616,0.05848441457103716,0.8227476710368057,1,0,0,0,0,0,0,0,1,0,0,0
1,1,1,0,0.9612573432805821,1,0,1,1,1,1,1,1,1,0.6906113899274662,1.1136953845229678,0.7032806497281902,0,0,0,1,0,0,0,0,0,1,0,0
0,0,0,0,-0.8334441289712705,1,1,0,1,0,0,1,0,1,0.8270349500115063,-0.5440412470370497,0.7546217131032841,1,0,0,0,0,0,0,0,0,0,0,1
0,0,0,1,-1.2821194970342338,1,0,1,1,0,1,0,0,1,-0.16286771157390817,-0.9801801723323563,-0.16342160110357667,0,0,0,0,0,1,0,0,0,0,0,1
0,0,0,0,-0.26240275143659014,1,0,0,1,1,0,0,0,1,-0.2943001658012154,-0.32395018114840646,-0.17208960240405788,0,0,1,0,0,0,1,0,1,0,0,0
1,0,0,1,-0.8742327987951762,1,1,0,0,1,0,0,0,1,0.43606499123407366,-0.6322007275028282,0.4144606032445555,1,0,0,0,0,0,1,0,0,0,0,0
0,0,1,0,1.0428346829283937,1,1,1,0,0,1,0,0,1,-0.127929970576776,0.5222885407403256,-0.1641358760586112,0,0,1,0,0,0,0,0,0,1,0,0
0,0,1,1,0.8796800036327707,1,1,0,1,1,0,0,0,1,-0.16952251938288584,0.42019757707033384,-0.15946293057500735,0,0,0,1,0,0,0,0,0,1,0,0
0,1,1,1,1.3691440415196396,1,1,0,1,1,0,1,1,1,1.3311366415415578,2.0220984060721405,1.3086263550454778,1,0,1,0,0,1,0,0,0,0,1,0
0,0,0,1,-0.8334441289712705,1,1,0,0,0,0,0,0,1,0.38948133657123046,-0.6140941941270053,0.31438072548423,1,0,0,0,0,1,0,0,0,0,0,0
0,0,1,1,1.5322987208152625,1,1,0,1,1,0,1,1,1,1.3843751040133783,2.244276997046588,1.3502372310363584,1,0,1,0,0,1,0,0,0,0,1,0
0,0,0,0,-1.2005421573864221,1,0,0,0,0,0,0,0,0,-1.4855107636082014,-0.9752580079195114,-1.3653844481036541,0,1,1,0,0,0,1,0,0,0,0,0
1,0,0,0,-0.6295007798517418,1,0,0,0,0,0,0,0,0,-1.4954929753216677,-0.8700467435949483,-1.5464327013336614,0,1,1,0,0,0,1,1,0,0,0,0
1,0,0,0,-1.2005421573864221,1,1,0,0,0,0,0,0,1,0.4011272502369415,-0.9061719145535074,0.3712751065692521,1,0,0,0,0,1,0,0,0,0,0,1
1,0,1,0,1.1652006924001108,1,1,1,1,1,1,0,1,1,0.5292323005597597,1.1296924188647144,0.4890210300530243,0,0,0,1,0,0,0,0,0,0,1,0
1,1,1,0,-0.915021468619082,1,1,0,0,0,0,0,1,1,0.7238854289723541,-0.63006925452048,0.6871770147490973,1,0,0,0,0,1,0,0,0,0,0,1
1,0,0,0,-1.0373874780907992,1,0,0,0,0,0,0,0,0,-0.6985797401966031,-0.8841979662818777,-0.8338441554702167,0,0,0,0,0,0,1,0,0,0,0,0
0,0,1,1,0.8796800036327707,1,0,0,0,0,0,0,0,1,-1.4821833597037126,-0.5264840623680176,-1.4815361376434646,0,1,0,1,0,0,0,0,0,1,0,0
0,0,0,0,-1.2413308272103278,1,1,0,0,0,0,0,0,1,0.3661895092398093,-0.9435496005635496,0.2235154275377625,1,0,0,0,0,1,0,0,0,0,0,1
0,0,1,1,-0.38476876090830736,1,0,0,0,0,0,0,0,0,-1.492165571417179,-0.8241211917072422,-1.5538155641834699,0,1,1,0,0,0,1,1,0,0,0,0
0,1,1,1,-1.1597534875625164,1,0,0,0,0,0,0,0,0,-0.6287042582023386,-0.9267395301357529,-0.6473000266422109,0,0,0,0,0,1,0,0,0,0,0,1
1,0,1,0,1.5322987208152625,1,0,1,1,0,1,0,1,0,0.10166089883295057,1.0432469063641228,0.056335904976420104,0,0,0,1,0,0,1,0,0,0,1,0
0,0,0,0,-1.2821194970342338,1,0,0,0,0,0,0,0,1,-0.6952523362921142,-0.9872118357792778,-0.693699327721258,0,0,0,0,0,0,1,0,0,0,0,0
0,0,0,0,-1.2005421573864221,1,1,0,0,0,1,1,0,1,-0.04308117101231176,-0.9381440092887287,-0.4324270728356712,0,0,0,0,0,1,0,0,0,0,0,1
1,0,1,1,-0.7110781194995532,1,0,0,1,1,1,0,1,1,0.1532356593525267,-0.5356911466938304,0.215285075322551,0,0,0,0,0,0,1,1,0,0,0,0
1,0,1,1,0.7981026639849592,1,1,0,0,1,1,0,1,1,1.0433162038032775,1.186560996991692,1.028587915971806,1,0,0,1,0,0,0,0,0,1,0,1
0,0,1,1,-0.26240275143659014,1,0,1,1,0,0,0,0,0,0.5674974454613809,-0.09680547786457001,0.48674223173620335,1,0,0,0,0,1,0,0,1,0,0,0
0,0,0,0,1.1652006924001108,1,1,1,1,1,1,1,1,0,0.8237075461070177,1.3265130735337016,0.7323457020465983,0,0,0,1,0,1,0,0,0,0,1,0
0,0,0,1,-0.5887121100278361,0,0,0,0,0,0,0,1,1,-0.9947186876961052,-0.7635170423740874,-1.133756191129681,0,0,0,0,0,1,0,1,0,0,0,1
1,0,0,0,-1.2821194970342338,1,0,0,0,0,1,0,0,1,-0.5188999293542086,-0.9848825972624851,-0.5180448307791511,0,0,0,0,0,1,0,0,0,0,0,0
1,1,0,0,-0.8742327987951762,1,1,1,1,0,0,0,0,0,-0.1545492018126862,-0.7151963301247736,-0.15453342329947334,0,0,0,0,0,0,0,0,0,0,0,0
0,0,1,1,1.5730873906391682,1,0,1,1,1,1,1,1,0,0.7438498523992866,1.7747816182749478,0.8022346779932519,0,0,0,1,1,0,0,0,0,0,1,0
1,0,0,0,-0.5887121100278361,1,1,0,1,0,0,0,0,1,0.5242411947030268,-0.36846940034672826,0.5213363382336305,1,0,0,0,0,1,0,1,0,0,0,1
1,0,0,0,-1.2413308272103278,1,0,0,0,0,0,0,0,0,-0.6503323835815156,-0.9672155428520949,-0.6688425592860541,0,0,0,0,0,1,0,0,0,0,0,1
0,1,0,0,-0.6295007798517418,1,1,0,0,1,0,0,0,1,0.5907892727928025,-0.3604928571241267,0.71397358589748,1,0,0,0,1,0,0,1,0,0,0,0
1,0,0,0,0.10469527697856156,1,0,1,1,1,0,0,0,0,-0.12293886472004262,-0.11827402532595231,-0.2380392526347789,0,0,1,0,0,0,1,0,1,0,0,0
0,0,1,0,-0.5479234402039304,1,1,0,1,0,0,0,1,1,0.8054068246323289,-0.2942414030851631,0.6752544875733347,1,0,0,0,0,1,0,1,0,0,0,0
0,0,0,0,-0.1400367419648729,1,1,0,0,1,0,1,1,0,1.1863945716962954,0.25860116148076895,1.1379873669694505,1,0,0,0,0,0,0,0,1,0,0,0
1,0,0,0,0.2270612864502788,1,1,0,1,1,0,0,1,1,1.0050510589016561,0.6156558469464801,1.0673809117300939,1,0,0,0,1,0,0,0,1,0,0,0
0,0,1,1,1.0836233527522994,1,1,0,1,1,0,1,1,1,1.3727291903476677,1.7429193932810847,1.3623626796580182,1,0,1,0,0,1,0,0,0,1,0,0
0,0,0,0,-1.1597534875625164,1,0,0,1,0,0,0,0,1,0.3911450385234752,-0.8599387273899987,0.6121095740747823,1,0,0,0,0,0,0,0,0,0,0,1
0,0,0,0,-1.2821194970342338,1,0,0,1,0,0,0,0,0,0.3146147487202327,-0.9738736491783987,0.312171234956656,1,0,0,0,0,1,0,0,0,0,0,0
1,1,1,1,-0.1400367419648729,1,1,0,0,1,0,1,1,1,1.2995263044489143,0.2964183264562438,1.2363287427786134,1,0,0,0,0,1,0,0,1,0,0,0
0,1,0,0,-0.6295007798517418,1,1,0,0,0,0,1,1,1,0.9751044237612574,-0.2998008119978854,0.9832065051838841,1,0,0,0,0,1,0,1,0,0,0,0
1,0,0,0,0.4310046355698075,1,0,1,0,0,0,0,0,1,0.3428976819083877,0.39916850857438424,0.3133659013465653,1,0,0,0,0,1,0,0,1,0,0,1
0,0,0,1,-1.1597534875625164,1,0,0,0,0,0,0,0,1,-1.492165571417179,-0.9689734587138252,-1.443545175516573,0,1,0,0,0,0,0,0,0,0,0,0
1,0,0,0,-1.078176147914705,1,0,1,1,0,0,0,0,1,-0.305946079466926,-0.8590377955108617,-0.29792433696962406,0,0,0,0,0,0,0,0,0,0,0,0
1,0,1,0,1.613876060463074,1,1,1,1,1,1,1,1,0,1.648903714420237,2.674109399187937,1.7031605996959267,1,0,0,1,1,0,0,0,0,0,1,0
1,0,1,0,1.1652006924001108,1,1,0,0,0,0,1,1,1,1.0516347135644994,1.4869228959165985,0.9306565321853831,1,0,1,0,0,0,0,0,0,0,1,0
1,0,1,1,1.2467780320479223,1,0,0,0,0,0,0,0,0,-1.5038114850828896,-0.4458396722111366,-1.4807777212520554,0,1,0,1,0,0,1,0,0,0,1,0
0,0,0,0,-1.1189648177386107,1,0,0,1,0,0,1,1,1,1.0433162038032775,-0.781337914422379,1.2447971866455034,1,0,0,0,0,1,0,0,0,0,0,1
0,0,0,0,1.613876060463074,1,1,1,1,1,1,1,1,1,1.6638770319904366,2.7275720153328127,1.7591573752541227,1,0,0,1,0,1,0,0,0,0,1,0
1,0,0,0,-1.2413308272103278,1,1,0,1,0,0,0,0,1,0.4843123478491612,-0.942758538425771,0.2533435496600073,1,0,0,0,0,1,0,0,0,0,0,0
0,0,1,1,0.8796800036327707,1,1,0,1,1,1,1,1,1,0.7089121114021544,0.9816759033070165,0.6246607077661385,0,0,0,0,0,1,0,0,0,1,0,0
0,0,0,0,-0.7518667893234591,1,0,1,0,0,1,0,0,0,-0.305946079466926,-0.6570972108945846,-0.2695955119910901,0,0,1,0,0,0,1,1,0,0,0,0
0,0,0,0,-1.1597534875625164,1,0,0,0,0,0,0,0,1,-1.4888381675126903,-0.976466575074451,-1.5848144761233145,0,1,0,0,1,0,0,0,0,0,0,0
0,0,1,1,0.349427295921996,1,0,1,1,0,1,1,1,0,0.4510383088042733,0.3674601012184225,0.3753033850311086,0,0,0,1,0,1,0,0,1,0,0,0
0,0,1,0,1.613876060463074,1,1,0,0,0,0,0,0,0,-1.2792117215298964,-0.16516643093761016,-1.2706985727865907,0,1,0,1,1,0,0,0,0,0,1,0
0,0,0,0,-0.8742327987951762,1,1,0,0,1,0,1,1,1,1.096554666275098,-0.5207488618691222,1.1785426002345782,1,0,0,0,0,0,0,0,0,0,0,1
1,0,1,1,-1.2821194970342338,1,0,0,0,0,0,0,0,0,-1.4971566772739122,-0.9978032788462033,-1.4924301534391404,0,1,0,0,0,0,1,0,0,0,0,1
0,0,0,0,-1.2005421573864221,1,1,0,0,0,0,0,0,1,-0.4739799766436099,-0.9400557427883605,-0.48048349181039846,0,0,0,0,0,0,1,0,0,0,0,1
0,1,1,0,0.7165253243371477,1,1,0,0,0,0,0,0,0,-1.3208042703360063,-0.43245753771371404,-1.2860858330690352,0,1,1,0,0,1,0,0,0,1,0,0
0,0,0,0,1.0428346829283937,1,1,0,0,0,0,0,0,0,-1.349087203524161,-0.3807967853271126,-1.3383467601390782,0,1,0,1,1,0,0,0,0,1,0,0
0,0,1,0,0.5941593148654305,1,0,0,0,1,0,0,1,1,0.6789654762617551,0.7714291662440633,0.7008535260625949,1,0,0,0,0,1,0,0,1,0,0,1
0,0,0,1,-0.26240275143659014,0,0,1,0,0,1,0,1,0,-0.6353590660113162,-0.5024665369071263,-0.6898752095004574,0,0,0,0,0,0,1,0,1,0,0,0
0,0,1,1,-0.915021468619082,1,0,0,0,0,0,0,0,1,-1.500484081178401,-0.9200814238094491,-1.4998871839697014,0,1,0,0,0,0,0,0,0,0,0,0
0,1,0,0,1.0836233527522994,1,1,1,1,1,0,0,0,1,0.8270349500115063,1.4092230148281157,0.9358373853563178,1,0,0,0,0,1,0,0,0,1,0,0
1,0,1,1,1.002046013104488,1,0,0,1,1,0,1,1,1,1.0865724545616315,1.453654338233351,1.1029653381215438,1,0,1,0,1,0,0,0,0,1,0,0
0,0,1,1,-0.6702894496756475,1,0,0,1,1,0,1,0,1,0.81705273829804,-0.37798411994834397,0.8106530119509725,1,0,0,0,1,0,0,1,0,0,0,1
0,0,1,1,-0.4255574307322131,1,1,0,0,0,0,0,0,1,0.36286210533532026,-0.29674643318812893,0.2811379361830076,1,0,0,0,0,0,0,1,0,0,0,0
0,0,0,0,1.124412022576205,1,1,0,0,0,0,0,0,0,-1.327459078144984,-0.34511109333398593,-1.3206146462886927,0,1,0,1,0,0,1,0,0,1,0,0
0,0,0,0,-0.7110781194995532,1,1,0,1,0,0,0,0,1,0.49429455956262747,-0.5179142225420821,0.30465896716290525,1,0,0,0,0,1,0,1,0,0,0,1
0,0,1,1,1.2467780320479223,1,1,1,1,1,0,1,0,1,1.1863945716962954,1.7249666775431634,1.1177409599265526,1,0,0,0,0,1,0,0,0,0,1,1
0,0,1,1,1.4099327113435454,1,0,0,0,0,0,0,0,1,-1.5187848026530892,-0.4031882386159032,-1.4728415359260243,0,1,0,1,0,0,0,0,0,0,1,0
1,0,1,1,1.613876060463074,1,1,1,1,1,1,1,1,1,1.7204428983667457,2.657584990087672,1.6858529238966005,1,0,0,1,0,0,0,0,0,0,1,0
0,0,0,0,0.9204686734566764,1,0,0,1,1,0,0,0,1,0.5541878298434255,0.9752814843599722,0.5654089788328839,1,0,0,0,0,1,0,0,0,1,0,0
1,1,0,0,-0.38476876090830736,0,0,0,0,0,0,0,1,1,-1.006364601361816,-0.6688312992716349,-1.0446480785846715,0,0,0,0,0,0,0,1,0,0,0,0
1,0,0,0,-0.915021468619082,0,0,0,0,1,0,0,0,0,-1.1777259024429885,-0.8943719043316424,-1.3060043901751117,0,0,0,0,0,0,1,0,0,0,0,1
0,0,0,0,-0.05845940231706142,0,0,1,1,0,1,0,1,1,-0.5005992078795201,-0.3384969349042254,-0.5268115190014596,0,0,0,1,0,0,0,0,1,0,0,0
0,0,0,0,-0.9965988082668935,1,0,1,0,0,0,1,0,0,0.6673195625960445,-0.712801169763166,0.6170809277618228,1,0,0,0,0,1,0,0,0,0,0,1
1,0,0,0,1.0836233527522994,1,0,0,0,0,0,0,0,0,-1.5154573987486004,-0.5232978398686313,-1.5342794019910653,0,1,0,1,0,0,1,0,0,1,0,1
0,0,1,0,0.3086386260980903,1,0,0,0,0,0,0,0,0,-1.5237759085098224,-0.6637113693243453,-1.5056042407097985,0,1,0,1,0,0,1,0,1,0,0,0
1,0,0,0,-1.0373874780907992,1,1,0,0,1,0,1,1,1,1.1032094740840757,-0.6932004079048723,1.2238228087087504,1,0,0,0,0,0,0,0,0,0,0,1
0,0,1,1,-1.0373874780907992,1,0,0,0,0,0,0,0,0,-1.4988203792261565,-0.9431980173912036,-1.4694672340275712,0,1,0,1,0,0,1,0,0,0,0,0
0,0,0,0,-0.7926554591473648,1,1,0,0,0,0,0,1,1,0.6556736489303335,-0.5164419680078828,0.6911413506379945,1,0,0,0,0,1,0,1,0,0,0,1
0,0,1,0,0.2270612864502788,1,0,0,0,0,0,0,0,1,-1.4855107636082014,-0.6484834231721058,-1.4413647572327832,0,1,1,0,1,0,0,0,1,0,0,0
1,0,0,0,1.3691440415196396,1,0,0,1,1,0,1,1,0,1.151456830699163,1.9425746872771121,1.2177610570990105,1,0,0,0,0,1,0,0,0,0,1,1
0,0,1,1,1.3283553716957337,1,1,1,1,0,1,1,0,1,1.1364835131289635,1.8134557672330163,1.119799509068268,1,0,0,1,1,0,0,0,0,0,1,0
1,0,0,0,-1.2821194970342338,1,0,0,0,0,0,0,0,0,-1.5237759085098224,-0.9981548620185495,-1.5189440397700242,0,1,0,0,0,0,1,0,0,0,0,0
0,0,1,1,0.3086386260980903,1,1,0,0,0,0,0,0,1,-1.3341138859539616,-0.5562148143795326,-1.3029387220681032,0,1,0,1,0,0,1,0,1,0,0,0
1,0,0,0,1.4915100509913568,1,1,1,1,1,1,0,1,1,0.4560294146610062,1.347498194133108,0.4208685624327259,0,0,1,0,1,0,0,0,0,0,1,1
0,0,0,0,-1.2821194970342338,1,0,0,0,0,0,0,0,0,-1.4971566772739122,-0.9978032788462033,-1.4924301534391404,0,1,0,0,0,0,1,0,0,0,0,1
0,0,0,0,-1.2413308272103278,1,0,0,0,0,0,0,0,1,0.19316450620639225,-0.9399019251504591,0.36105621287922374,1,0,0,0,0,1,0,0,0,0,0,1
0,0,1,0,-0.30319142126049586,1,1,0,0,1,1,1,1,1,1.332800343493802,0.12137385452444137,1.2504313874908157,1,0,0,0,0,0,0,0,1,0,0,1
0,0,1,1,1.3283553716957337,1,1,0,0,0,0,0,0,0,-1.2941850391000962,-0.2792771443121833,-1.308184137560968,0,1,0,1,1,0,0,0,0,0,1,0
0,0,1,0,1.5322987208152625,0,0,1,1,1,1,1,1,0,-0.011470833919668412,0.9732598811189821,-0.019062959277031166,0,0,0,1,0,0,0,0,0,0,1,0
0,0,0,0,1.3691440415196396,1,0,1,1,1,0,0,0,1,-0.12460256667228715,0.7590358594188641,-0.13457268501059783,0,0,0,1,0,0,0,0,0,0,1,0
0,0,0,1,-1.2413308272103278,1,0,1,0,0,0,0,1,1,-0.12293886472004262,-0.9511965345620769,-0.06482308631060153,0,0,0,0,1,0,0,0,0,0,0,0
0,0,0,0,-0.18082541178877864,1,0,0,1,0,1,0,0,0,-0.3408838204640584,-0.3396395802143501,-0.35576564256646337,0,0,0,0,0,0,0,0,1,0,0,0
1,1,0,0,-0.7926554591473648,1,1,0,1,1,0,1,1,1,1.3976847196313336,-0.4069677577186236,1.3261999165056115,1,0,0,0,0,1,0,1,0,0,0,1
0,0,1,0,1.287566701871828,1,0,1,0,0,1,1,1,1,1.0649443291824547,1.7684750951209902,1.1179189192640597,1,0,1,0,0,0,1,0,0,0,1,0
0,0,1,0,-0.46634610055611886,1,1,0,0,0,0,1,1,1,0.978431827665746,-0.15029006795771688,0.9229375450788068,1,0,0,0,0,1,0,1,0,0,0,0
0,0,0,0,-1.2413308272103278,1,1,0,0,1,0,0,0,0,0.522577492750782,-0.9380780874439137,0.4298266055499544,1,0,0,0,0,0,1,0,0,0,0,1
1,0,0,0,1.0836233527522994,1,0,0,0,0,0,0,0,1,-1.4871744655604457,-0.4825581397730298,-1.482206578625113,0,1,0,1,0,0,0,0,0,1,0,0
1,0,1,1,1.2467780320479223,1,0,0,1,1,0,0,0,1,0.5125952810373157,1.1452939221375715,0.4238557204337734,1,0,0,0,1,0,0,0,0,0,1,0
0,0,1,1,0.18627261662637304,1,0,0,0,0,0,0,0,0,-1.5154573987486004,-0.7060551676437756,-1.5395012590704904,0,1,0,0,0,1,0,0,1,0,0,0
0,0,0,0,-1.2821194970342338,1,0,0,0,0,0,0,1,1,-0.3375564165595695,-0.9824874369008775,-0.3374189801500033,0,0,0,0,0,0,1,0,0,0,0,1
0,1,0,0,-0.38476876090830736,1,1,0,0,1,0,0,0,1,0.4809849439446721,-0.19997316499987164,0.4926529883774837,1,0,0,0,0,0,1,1,0,0,0,0
1,1,1,0,1.1652006924001108,1,1,0,1,1,1,1,0,1,1.1115279838452976,1.6595722074867933,1.1440987503224285,1,0,1,0,0,0,1,0,0,0,1,0
1,1,0,0,-1.0373874780907992,1,1,0,0,0,0,1,0,1,0.6623284567393112,-0.7661758901149546,0.43763873277244686,1,0,0,0,0,1,0,0,0,0,0,1
0,0,1,1,-0.7518667893234591,1,0,0,0,0,0,0,1,1,0.5325597044642487,-0.4999175589076173,0.5770733671375424,1,0,0,0,0,0,0,1,0,0,0,0
0,0,0,0,-0.2216140816126844,1,0,0,0,0,0,0,0,1,-1.5071388889873785,-0.7599352888058116,-1.4631544039487892,0,1,0,1,0,0,1,0,1,0,0,0
0,0,0,0,-1.1597534875625164,0,0,1,1,0,0,0,0,1,-1.039638640406704,-0.945966734873429,-1.0097945663222665,0,0,0,0,0,1,0,0,0,0,0,1
0,0,0,0,0.0639066071546558,1,0,0,0,0,0,0,0,0,-1.4821833597037126,-0.7106916707290895,-1.495744389230501,0,1,0,0,0,0,1,0,1,0,0,0
1,0,1,1,1.613876060463074,1,1,0,0,0,0,0,0,1,-1.3208042703360063,-0.215970199341618,-1.32391046965899,0,1,0,1,0,0,0,0,0,0,1,0
1,0,0,0,-0.915021468619082,1,0,0,0,0,1,1,1,1,1.0050510589016561,-0.6263556572625747,0.7151823071860941,1,0,0,0,1,0,0,0,0,0,0,0
0,0,1,1,0.4310046355698075,1,0,0,1,0,0,0,0,0,-0.4889532942138093,-0.05314324264884181,-0.47989258155302406,0,0,0,0,0,0,1,0,1,0,0,0
1,0,0,0,-0.4255574307322131,1,1,0,0,0,0,0,0,0,-1.319140568383762,-0.7575840763407473,-1.2985473596445507,0,1,0,1,0,0,1,1,0,0,0,0
1,0,1,1,0.6757366545132419,1,1,0,0,0,1,1,1,1,1.099882070179587,1.1547646938426437,1.1743798216988615,1,0,1,0,0,1,0,0,0,1,0,0
1,1,0,0,0.10469527697856156,1,1,0,0,1,0,1,1,1,1.2146775048844503,0.5300013965836676,1.1587690947469025,1,0,0,0,0,1,0,0,1,0,0,1
1,0,1,0,1.4099327113435454,1,1,0,1,0,0,1,0,1,0.7821149973009078,1.5416819750094999,0.7162359373705115,1,0,1,0,0,0,0,0,0,0,1,0
0,0,0,0,-1.2005421573864221,0,0,1,0,0,1,0,0,0,-1.019674216979771,-0.9453075164252801,-0.6125005508329256,0,0,0,0,0,0,1,0,0,0,0,1
0,0,0,0,1.0836233527522994,1,1,1,0,0,1,0,1,0,0.12661642811661647,0.7825479840695079,0.1348315333748745,0,0,1,0,0,0,0,0,0,1,0,0
0,0,0,0,1.5730873906391682,1,1,1,1,1,1,1,1,1,1.7886546784087662,2.71917796709305,1.8053278177192513,1,0,0,1,0,1,0,0,0,0,1,0
0,0,1,1,1.287566701871828,1,1,1,1,0,1,1,1,0,1.510816452383952,2.068617254563181,1.4715841276561938,1,0,0,1,0,0,0,0,0,0,1,0
1,0,1,0,-0.5071347703800245,1,0,0,0,0,0,0,0,0,-1.4722011479902464,-0.8230664421902039,-1.4601163544733753,0,1,1,0,0,0,1,1,0,0,0,0
1,0,1,1,0.7165253243371477,1,1,0,0,1,1,1,0,1,0.15822676520926007,0.5062036106054927,0.12965626992643314,0,0,1,0,0,1,0,0,0,1,0,0
1,1,1,0,0.023117937330750068,1,1,0,0,0,0,1,1,1,0.9850866354747237,0.35827499084088144,0.966983882219399,1,0,0,0,0,1,0,0,1,0,0,1
1,0,1,0,1.613876060463074,1,1,1,1,1,1,1,1,1,0.8436719695339502,1.792690386116326,0.7799618075913947,0,0,0,1,1,0,0,0,0,0,1,0
0,0,0,0,1.0428346829283937,1,1,1,1,1,0,1,1,1,1.425967652819488,1.77656150808495,1.4666967012763696,1,0,1,0,0,1,0,0,0,1,0,0
0,0,1,1,0.023117937330750068,1,1,0,0,1,1,1,1,1,0.4743301361356949,0.10594814283775734,0.39035707021647936,0,0,1,0,0,1,0,0,1,0,0,0
1,0,1,1,0.2678499562741845,1,0,1,1,1,0,0,0,0,-0.16952251938288584,0.0235238628708742,-0.16014985551466956,0,0,1,0,0,1,0,0,1,0,0,0
1,0,0,0,-0.7926554591473648,1,1,1,0,0,0,1,1,0,1.1065368779885647,-0.4658799130348628,0.9844512181733992,1,0,0,0,0,0,1,1,0,0,0,1
1,1,0,0,-0.26240275143659014,1,0,0,0,0,0,0,0,0,-1.517121100700845,-0.784963615887198,-1.5092562736106627,0,1,1,0,1,0,0,0,1,0,0,0
1,0,0,0,1.4099327113435454,1,0,0,0,0,0,0,0,0,-1.4771922538469795,-0.3776764846725411,-1.444126403435207,0,1,0,1,0,0,0,0,0,0,1,0
1,0,0,0,-0.5071347703800245,1,0,0,0,0,1,0,0,0,-0.495608102022787,-0.5657295339811483,-0.4897909706578028,0,0,0,0,0,0,1,1,0,0,0,0
0,0,1,0,1.4099327113435454,1,1,1,1,1,0,0,1,0,0.3395702780038986,1.2191703362267903,0.3532281858048535,0,0,1,0,0,0,1,0,0,0,1,0
0,0,1,0,-0.9965988082668935,1,1,0,0,0,1,0,1,1,0.8436719695339502,-0.67968642971782,0.9292405113605907,1,0,0,0,0,1,0,0,0,0,0,0
0,0,0,0,-0.5479234402039304,1,1,0,0,0,0,0,0,0,-1.3374412898584502,-0.801817634211538,-1.3393647899170957,0,1,0,0,0,0,0,1,0,0,0,0
1,0,0,0,-1.2821194970342338,1,0,0,0,0,0,0,0,0,-1.4738648499424907,-0.9974956435704007,-1.4692305028996167,0,1,0,0,0,0,1,0,0,0,0,1
1,0,0,0,-1.078176147914705,1,0,0,1,0,0,1,0,1,0.6806291782139994,-0.7914459306273287,0.551624770882453,1,0,0,0,0,1,0,0,0,0,0,1
0,0,1,1,-0.09924807214096716,1,1,0,0,1,0,1,1,1,1.1697575521738512,0.3321699402941853,1.2132567093643891,1,0,0,0,0,1,0,0,1,0,0,1
0,1,0,0,0.023117937330750068,1,1,0,1,1,1,1,1,1,1.5158075582406856,0.5999444739322649,1.5192560827251997,1,0,0,0,0,1,0,0,1,0,0,1
1,0,0,0,-1.2005421573864221,0,0,1,0,1,1,0,0,0,-0.7834285397610671,-0.9594147912156663,-0.9671237805084998,0,0,0,0,0,0,1,0,0,0,0,0
0,0,1,1,-0.017670732493155674,0,0,1,1,0,0,0,0,1,-0.989727581839372,-0.5446345436403838,-1.0633919732606747,0,0,0,0,0,1,0,0,1,0,0,0
1,0,1,0,1.613876060463074,1,1,1,1,0,1,0,1,1,1.1863945716962954,2.212678459431985,1.2198575623155157,1,0,0,1,0,0,0,0,0,0,1,0
1,1,0,0,-1.2005421573864221,1,1,0,0,0,0,1,1,1,0.9967325491404343,-0.8589938476143185,1.5572191472444203,1,0,0,0,0,1,0,0,0,0,0,0
1,0,1,0,0.5941593148654305,1,1,0,1,1,0,0,0,1,0.6140811001242237,0.779933084225184,0.714498305331281,1,0,0,0,0,0,0,0,1,0,0,1
0,0,0,1,-1.0373874780907992,1,0,0,0,0,0,0,0,0,-1.492165571417179,-0.9640073464044369,-1.693651612200314,0,1,1,0,0,0,1,0,0,0,0,0
0,0,1,1,0.18627261662637304,1,1,0,1,0,0,1,0,1,0.7954246129188627,0.4615525477175411,0.8402991870069685,1,0,0,0,0,1,0,0,1,0,0,0
1,0,1,1,1.4915100509913568,1,1,1,1,1,1,1,1,1,1.645576310515748,2.36240894295487,1.5301048558788697,1,0,0,1,0,0,0,0,0,0,1,0
0,1,0,0,-1.2821194970342338,1,1,0,0,0,0,0,0,0,-0.47730738054809874,-0.9843332485556943,-0.47661688338714475,0,0,0,0,0,0,1,0,0,0,0,1
0,0,1,1,-0.8334441289712705,1,1,0,1,1,0,0,0,1,0.6523462450258449,-0.6035906468531662,0.38038925499549325,1,0,0,0,0,1,0,0,0,0,0,1
0,0,1,1,0.349427295921996,1,1,0,1,1,1,1,1,1,1.4708876055300866,0.9510002715198214,1.4486307713161044,1,0,1,0,0,0,0,0,1,0,0,0
1,0,1,0,-0.05845940231706142,1,0,1,1,1,1,0,1,1,0.35287989362185396,0.05894586748474127,0.440036590003984,0,0,1,0,1,0,0,0,1,0,0,0
0,0,0,0,0.5941593148654305,1,0,1,1,0,1,0,0,1,-0.1994691545232849,0.2297273934518476,-0.16832243913548203,0,0,1,0,0,0,1,0,1,0,0,0
0,0,1,0,1.4099327113435454,1,1,1,0,1,1,1,1,1,1.5424267894765957,2.294663260433435,1.5637651751507389,1,0,1,0,0,1,0,0,0,0,1,0
1,0,1,1,-0.7926554591473648,1,1,0,1,1,1,1,0,1,0.2630399882006566,-0.5978114984577276,0.21911769158384178,0,0,0,0,0,1,0,1,0,0,0,0
1,0,0,0,-1.1189648177386107,1,0,0,0,1,1,1,0,1,-0.03143525734660095,-0.8667506513542038,-0.043446265456326155,0,0,0,0,1,0,0,0,0,0,0,0
0,1,1,0,-0.26240275143659014,1,1,0,0,1,0,1,1,1,1.10487317603632,0.09685092825330252,1.0484414630681285,1,0,0,0,0,0,0,0,1,0,0,0
0,0,0,0,1.613876060463074,1,1,1,1,1,0,1,0,1,1.2113501009799612,2.1846177274891136,1.1904667351935196,1,0,0,1,0,0,0,0,0,0,1,0
0,0,0,0,1.613876060463074,1,1,1,1,1,1,1,1,1,1.7154517925100128,2.5152377531840546,1.536758344338035,1,0,0,1,0,0,0,0,0,0,1,0
1,0,0,0,0.5941593148654305,1,0,1,1,1,1,1,1,1,0.7338676406858203,0.8124105797706526,0.76660937447629,0,0,1,0,0,0,0,0,1,0,0,0
1,0,0,0,-1.0373874780907992,1,0,0,0,0,0,0,0,1,-1.5287670143665555,-0.9491749313210868,-1.5338581008311465,0,1,0,0,0,0,1,0,0,0,0,0
1,0,1,1,1.287566701871828,1,0,1,0,1,1,1,0,0,0.14491714959130472,0.9481436582445095,0.15130133674007154,0,0,0,1,0,0,1,0,0,0,1,0
1,0,0,0,-1.0373874780907992,1,0,1,0,0,0,0,0,1,-0.4623340629778991,-0.8509513825469021,-0.47566995887532737,0,0,0,0,0,0,1,0,0,0,0,1
0,0,1,1,1.5322987208152625,1,1,0,0,0,0,0,0,0,-1.3590694152376275,-0.23097840601114114,-1.3164205598051018,0,1,0,1,0,0,1,0,0,0,1,0
1,0,0,0,-1.1189648177386107,1,0,0,0,0,0,0,0,0,-1.4855107636082014,-0.9582941198538131,-1.4241568961371138,0,1,0,0,0,0,1,0,0,0,0,0
0,0,1,0,1.450721381167451,1,0,1,0,0,1,0,0,0,-0.29929127165794855,0.6849177318986572,-0.2761056180098339,0,0,1,0,0,0,0,0,0,0,1,0
0,0,0,0,-1.0373874780907992,1,0,0,0,0,0,1,1,1,0.06505945588357362,-0.8052235961936406,0.01696751839761691,0,0,0,0,0,1,0,0,0,0,0,0
0,0,1,1,-0.9965988082668935,1,0,0,0,0,0,0,0,0,-1.4588915323722913,-0.945131724839107,-1.5730075111165926,0,1,0,0,1,0,0,0,0,0,0,0
0,0,0,0,1.5322987208152625,1,1,1,1,1,1,1,1,1,1.5657186168080173,2.419607130305922,1.5391249980311117,1,0,0,1,1,0,0,0,0,0,1,0
1,0,1,1,-1.0373874780907992,1,0,1,0,0,0,0,0,1,-0.503926611784009,-0.8609495290104936,-0.5833826220945438,0,0,1,0,0,1,0,0,0,0,0,1
1,0,1,1,1.2467780320479223,1,0,0,0,0,0,0,0,1,-1.522112206557578,-0.4892601939958769,-1.5327533555673596,0,1,0,1,0,0,1,0,0,0,1,0
0,0,0,0,0.9204686734566764,1,0,1,0,0,0,0,0,1,-0.47730738054809874,0.23838512907086962,-0.44498099628779425,0,0,0,0,1,0,0,0,0,1,0,0
1,0,0,0,-0.8742327987951762,1,0,1,0,1,0,0,0,1,0.4859760498014055,-0.6568774714118683,0.245283930803744,1,0,0,0,0,0,0,0,0,0,0,0
1,0,1,0,-0.30319142126049586,1,1,0,0,1,0,0,0,0,-0.3109371853236593,-0.3889491201358872,-0.2889648528803129,0,0,0,0,1,0,0,0,1,0,0,0
0,0,0,0,-0.6295007798517418,1,0,0,0,0,0,0,0,0,0.18650969839741458,-0.4942922281500801,0.1204329466741232,1,0,0,0,0,0,0,1,0,0,0,0
1,0,1,0,1.002046013104488,1,0,1,1,0,1,0,0,1,-0.17118622133513015,0.5097194423289534,-0.14589103810190646,0,0,0,1,0,1,0,0,0,1,0,0
0,0,0,0,-1.1597534875625164,1,0,1,0,1,1,0,1,1,0.9817592315702351,-0.8363826548428115,1.0562171701170902,1,0,0,0,0,0,0,0,0,0,0,1
0,0,0,0,0.3086386260980903,1,1,0,0,0,0,0,1,0,0.6307181196466676,0.5458006653909694,0.7747142675884072,1,0,0,0,0,0,0,0,1,0,0,0
0,0,0,0,-1.2821194970342338,1,0,0,0,0,0,0,0,0,-1.4771922538469795,-0.9975395914669438,-1.4725447386909774,0,1,0,0,0,0,1,0,0,0,0,1
1,0,1,0,0.3086386260980903,1,1,0,1,0,0,1,1,1,1.2113501009799612,0.801072022462492,1.2559827324413453,1,0,0,0,0,1,0,0,1,0,0,1
1,0,0,0,-0.9965988082668935,1,0,0,0,0,0,0,0,1,0.17320008277945922,-0.7642421826670511,0.1321668035383887,1,0,0,0,0,0,1,0,0,0,0,1
0,0,1,0,1.613876060463074,1,1,0,0,0,0,0,0,0,-1.3391049918106948,-0.20228042956839276,-1.3095717967560903,0,1,0,1,0,0,0,0,0,0,1,0
0,0,0,0,-1.0373874780907992,1,0,1,1,0,1,1,1,1,0.4527020107565176,-0.7555844470480291,0.5517431364464298,0,0,0,0,0,1,0,0,0,0,0,0
0,0,1,1,-0.5479234402039304,1,1,0,0,0,1,0,1,1,0.8137253343935509,-0.26521381741834027,0.7904677896887883,1,0,1,0,0,0,0,1,0,0,0,0
0,0,0,0,-0.915021468619082,1,1,0,0,0,0,0,0,1,0.36119840338307596,-0.6649419104275565,0.424192404704641,1,0,0,0,0,0,1,0,0,0,0,0
1,0,0,0,-1.2821194970342338,1,0,1,0,0,0,0,0,1,-0.5022629098317647,-0.9846628577797688,-0.5014736518223486,0,0,0,0,1,0,0,0,0,0,0,0
1,1,0,0,-0.9965988082668935,1,0,0,0,0,0,0,0,1,0.15989046716150437,-0.7600671324954416,0.17152335356079473,1,0,0,0,0,1,0,0,0,0,0,1
0,1,0,0,-1.2413308272103278,1,0,0,0,0,0,1,0,0,0.5525241278911812,-0.9351116044272437,0.5416820635083716,1,0,0,0,0,0,1,0,0,0,0,0
1,0,1,1,-1.2821194970342338,1,0,0,0,0,0,0,1,1,0.5375508103209816,-0.9709291401100002,0.5342250329778101,1,0,0,0,0,1,0,0,0,0,0,0
1,1,0,0,1.2059893622240165,1,1,0,1,1,1,1,1,1,1.5257897699541518,2.0932500505756773,1.6184345077886086,1,0,1,0,0,0,0,0,0,0,1,0
1,0,0,0,1.287566701871828,1,0,1,1,0,0,1,1,1,1.1780760619350734,1.8956822816654548,1.2678104114217628,1,0,1,0,1,0,0,0,0,0,1,0
1,0,1,0,-0.46634610055611886,1,1,0,1,1,1,1,1,1,1.5407630875243514,0.0117678005455523,1.504901567966515,1,0,0,0,0,1,0,1,0,0,0,1
1,0,1,1,-0.6295007798517418,1,0,0,0,0,0,1,0,0,0.530896002512004,-0.39090480153206225,0.579064693684452,1,0,0,0,0,1,0,1,0,0,0,1
0,0,0,0,0.5533706450415247,1,0,0,0,0,0,0,1,0,-0.3076097814191705,0.17514410594511926,-0.21468418296342467,0,0,1,0,1,0,0,0,1,0,0,0
0,0,1,1,0.5533706450415247,1,0,0,0,0,0,0,0,0,-1.5137936967963561,-0.5854621395290717,-1.4616293751607354,0,1,0,1,1,0,0,0,1,0,0,0
1,0,0,0,-0.1400367419648729,1,0,0,0,1,1,1,1,1,1.1281650033677415,0.22711249360752353,1.0561028861242845,1,0,0,0,1,0,0,0,1,0,0,0
0,0,0,0,-0.915021468619082,1,0,0,0,0,0,0,0,0,-0.6536597874860044,-0.8181442777773589,-0.7311501921636318,0,0,0,0,0,0,1,0,0,0,0,0
1,1,0,0,0.7981026639849592,0,0,1,0,0,0,1,1,1,-0.5355369488766525,0.11634182037023824,-0.5234941992437918,0,0,0,0,1,0,0,0,0,1,0,0
1,0,1,0,0.2678499562741845,1,0,0,0,0,0,0,0,1,-1.4788559557992238,-0.6593605275665625,-1.480617877157112,0,1,0,1,0,0,0,0,1,0,0,0
1,0,0,0,-1.2821194970342338,1,0,0,0,0,1,0,0,1,0.3661895092398093,-0.9731924567819781,0.36354188972274426,1,0,0,0,0,1,0,0,0,0,0,1
0,1,1,0,1.5730873906391682,1,1,1,1,1,1,0,0,1,1.046643607707766,1.9673832748757825,1.0068070491994126,1,0,0,1,1,0,0,0,0,0,1,0
0,0,1,0,1.5322987208152625,1,1,0,1,1,1,1,1,1,1.4841972211480419,2.366254383902405,1.481646680163802,1,0,1,0,0,1,0,0,0,0,1,1
1,0,1,1,-0.38476876090830736,1,0,1,0,0,1,0,0,0,-0.2560350208995941,-0.3810165248098289,-0.10095546129684714,0,0,1,0,1,0,0,1,0,0,0,0
1,0,0,0,-1.2821194970342338,1,0,0,0,0,0,0,0,0,-1.46221893627678,-0.9973418259324993,-1.4576306776298549,0,1,0,0,0,0,0,0,0,0,0,0
1,1,1,0,0.9204686734566764,1,1,1,1,0,0,0,0,0,-0.16286771157390817,0.45080728701271405,-0.15371992905977605,0,0,1,0,1,0,0,0,0,1,0,0
0,0,0,0,-1.1597534875625164,1,0,0,0,0,0,0,0,0,-1.4888381675126903,-0.9694129376792578,-1.451830764994974,0,1,0,0,0,0,1,0,0,0,0,0
0,1,1,1,1.002046013104488,1,0,0,1,1,1,1,0,1,1.011705866710634,1.4402282558393853,1.0852021971696029,1,0,0,0,1,0,0,0,0,1,0,0
1,0,1,1,-0.05845940231706142,0,0,1,0,0,1,0,0,0,-0.9814090720781501,-0.5330103250046916,-0.9999988613421564,0,0,0,0,0,0,0,0,1,0,0,1
1,0,1,1,1.613876060463074,1,0,0,0,0,0,0,0,0,-1.4838470616559571,-0.39077295784243243,-1.506998981605329,0,1,0,1,0,0,0,0,0,0,1,0
0,0,0,0,-0.1400367419648729,1,0,0,0,0,0,0,0,0,-1.5137936967963561,-0.7629676936672967,-1.518544045795205,0,1,0,1,0,0,1,0,1,0,0,0
1,0,0,0,1.2467780320479223,1,1,0,1,0,0,0,1,0,0.8503267773429278,1.5536358028692663,0.9126528927421245,1,0,1,0,1,0,0,0,0,0,1,0
1,0,0,0,-1.2413308272103278,1,0,0,0,0,0,0,1,1,0.5092678771328271,-0.9269592696184692,0.8490774331570583,1,0,0,0,0,1,0,0,0,0,0,1
1,0,1,1,-0.017670732493155674,1,0,0,0,0,0,0,0,1,-1.5121299948441116,-0.7100983741257555,-1.4533325280879343,0,1,0,0,1,0,0,0,1,0,0,0
0,1,1,1,0.9204686734566764,1,1,1,0,1,1,1,0,0,0.37783542290551986,0.819288425579673,0.3515202526249912,0,0,1,0,0,1,0,0,0,1,0,0
0,0,0,0,0.8796800036327707,1,1,0,0,0,1,1,1,1,1.1714212541260955,1.3846121927638904,1.1873749828233382,1,0,0,0,0,1,0,0,0,1,0,1
1,0,1,1,1.613876060463074,1,1,0,1,1,1,1,1,0,1.5307808758108852,2.4753330631227746,1.4949621485247662,1,0,0,1,1,0,0,0,0,0,1,0
0,0,1,1,-0.915021468619082,1,0,0,0,0,0,0,0,0,-1.4888381675126903,-0.9095119546907952,-1.4201798131874812,0,1,0,1,0,0,1,0,0,0,0,0
1,0,1,0,0.8388913338088649,1,0,0,1,0,0,1,1,1,0.9767681257135017,1.1328127195192856,0.8920999656939648,1,0,1,0,0,0,0,0,0,1,0,1
1,0,0,0,-1.2821194970342338,1,1,0,0,0,0,0,0,1,0.33457917214716576,-0.9736099617991392,0.3320566497048193,1,0,0,0,0,1,0,0,0,0,0,1
1,0,1,0,1.3691440415196396,1,1,0,0,0,1,0,1,0,-0.03476266125108979,0.86765308572553,-0.010464597762908107,0,0,0,0,0,1,0,0,0,0,1,0
0,1,1,1,-0.017670732493155674,1,1,0,1,0,0,1,1,1,1.1814034658395625,0.40754058286587524,1.1805527972273493,1,0,0,0,0,1,0,0,1,0,0,0
1,0,1,1,1.5322987208152625,1,1,0,1,1,1,1,1,1,0.7005936016409324,1.6003304429464795,0.6564966605662175,0,0,0,1,1,0,0,0,0,0,1,0
0,0,0,0,0.4310046355698075,1,1,0,1,1,0,1,1,1,1.321154429828091,1.0853050433560223,1.5167032569887962,1,0,0,1,0,1,0,0,1,0,0,1
0,0,1,0,1.0428346829283937,1,1,1,1,1,0,1,1,1,1.5224623660496632,1.8617764794823295,1.5774950323013353,1,0,1,0,1,0,0,0,0,1,0,0
1,0,1,1,1.3691440415196396,1,0,0,0,0,0,0,0,1,-1.5021477831306453,-0.4156694412341889,-1.476813072664699,0,1,0,1,0,0,1,0,0,0,1,0
0,0,1,0,1.002046013104488,1,1,0,1,1,1,1,1,1,1.4808698172435533,1.7413812169020706,1.4836372982274602,1,0,1,0,0,0,0,0,0,1,0,0
0,0,1,1,0.512581975217619,1,0,0,0,0,0,0,0,1,-1.4938292733694234,-0.6169947552988604,-1.499132274706114,0,1,0,1,0,0,0,0,1,0,0,0
0,0,1,1,0.3902159657459017,1,1,0,0,0,0,0,0,0,-1.395670858187004,-0.5608073695683032,-1.351614587494311,0,1,0,1,0,1,0,0,1,0,0,0
1,0,0,0,0.4310046355698075,1,1,0,1,0,0,1,1,1,1.2146775048844503,0.9834118452204752,1.3380042876336953,1,0,0,0,0,1,0,0,1,0,0,1
0,0,0,0,-0.6702894496756475,1,0,0,1,0,0,0,1,1,0.7105758133543987,-0.41760314868209236,0.6239165390815038,1,0,0,0,0,1,0,1,0,0,0,0
1,1,0,0,-1.1189648177386107,1,0,0,0,0,0,0,0,1,0.1781911886361926,-0.860685841631234,0.048026642385223556,1,0,0,0,0,0,1,0,0,0,0,1
0,0,1,0,-0.6702894496756475,1,0,0,1,0,0,1,1,1,0.9900777413314571,-0.36440421991647676,0.8746591906716226,1,0,0,0,0,0,0,1,0,0,0,0
0,0,0,0,-1.078176147914705,1,0,0,0,0,0,1,1,0,0.8120616324413066,-0.7527058598244456,1.0385412458965009,1,0,0,0,0,1,0,0,0,0,0,1
1,0,1,1,-1.1597534875625164,1,0,0,0,0,0,0,0,1,0.154899361304771,-0.8813413530065659,0.20860136647664013,1,0,0,0,0,0,1,0,0,0,0,0
0,0,0,0,-1.0373874780907992,1,0,0,0,0,1,1,0,1,-0.17950473109635212,-0.8237476345866244,-0.18259682246787678,0,0,0,0,0,0,1,0,0,0,0,1
0,1,0,0,-1.1189648177386107,0,0,0,0,0,0,1,1,0,-0.6386864699158048,-0.9195320751026583,-0.8395257025411202,0,0,0,0,0,1,0,0,0,0,0,1
1,0,1,0,-1.2821194970342338,0,0,0,0,1,0,1,1,1,-0.48396218835707616,-0.9844211443487809,-0.48324535496986565,0,0,0,0,0,1,0,0,0,0,0,1
1,0,0,1,-1.2821194970342338,1,0,0,0,0,0,0,0,0,-1.4988203792261565,-0.9978252527944751,-1.4940872713348206,0,1,0,0,0,0,1,0,0,0,0,0
1,0,1,1,1.3283553716957337,1,0,0,0,0,0,0,0,1,-1.4988203792261565,-0.4497070871069434,-1.5059165436978301,0,1,0,1,1,0,0,0,0,0,1,0
1,0,0,0,-0.5887121100278361,0,0,0,0,0,0,0,0,0,-1.3224679722882509,-0.797005339540051,-1.274058839630609,0,0,0,0,0,0,1,1,0,0,0,0
0,0,1,1,-0.915021468619082,1,1,1,1,0,0,1,0,0,0.1798548905884369,-0.7093952077810634,0.08895745440852582,0,0,1,0,0,1,0,0,0,0,0,0
1,0,0,1,-0.8334441289712705,1,0,0,0,0,0,0,0,0,-1.5154573987486004,-0.9132475258969722,-1.5656195271650184,0,1,0,1,0,0,0,0,0,0,0,0
0,0,1,1,-0.26240275143659014,0,0,1,1,0,1,0,0,0,-0.8666136373732868,-0.5560170488450878,-0.845198144568641,0,0,0,0,1,0,0,0,1,0,0,0
0,0,0,0,-1.078176147914705,1,0,0,0,0,0,1,1,1,0.8187164402502843,-0.7545956193758058,1.0147892227250837,1,0,0,0,0,1,0,0,0,0,0,1
1,0,0,0,-0.30319142126049586,1,1,0,0,0,0,0,1,1,0.6623284567393112,-0.10849561834507708,0.5570269752223704,1,0,0,0,0,1,0,0,1,0,0,1
1,0,0,0,-0.7926554591473648,1,0,0,0,0,0,0,0,1,0.174863784731704,-0.5970643842164922,0.22345169223408248,1,0,0,0,0,1,0,1,0,0,0,0
0,0,0,0,-0.6295007798517418,1,0,0,0,0,0,0,0,0,-1.5137936967963561,-0.8491934666851717,-1.453926531745393,0,1,0,1,0,0,1,1,0,0,0,0
0,0,0,0,-0.46634610055611886,1,0,0,0,0,0,0,0,1,-1.4655463401812687,-0.8152656905537754,-1.4650482529724238,0,1,0,1,1,0,0,1,0,0,0,0
1,0,0,0,-0.05845940231706142,1,1,0,1,0,0,0,0,1,0.5408782142254707,0.15391727191472507,0.6710708979114056,1,0,0,0,0,1,0,0,1,0,0,0
1,0,1,1,1.613876060463074,1,1,0,1,0,0,1,0,1,0.825371248059262,1.8891560190287806,0.880999968175232,1,0,1,0,0,1,0,0,0,0,1,0
0,0,0,0,-1.2005421573864221,1,0,0,0,0,0,0,0,0,-1.4988203792261565,-0.9785321262119842,-1.4476879702557734,0,1,0,0,0,0,1,0,0,0,0,1
0,0,0,0,1.287566701871828,1,1,0,0,0,0,0,0,0,-1.3374412898584502,-0.28459483979391764,-1.3012660686921511,0,1,1,0,0,0,1,0,0,0,1,0
0,0,0,1,-1.2821194970342338,1,0,1,0,0,0,0,0,0,-0.45567925516892144,-0.9840475872281633,-0.45507435074330127,0,0,0,0,0,0,1,0,0,0,0,0
1,0,0,0,-1.2821194970342338,1,0,0,0,0,0,0,0,0,-1.4855107636082014,-0.997649461208302,-1.4808303281693784,0,1,0,0,0,0,1,0,0,0,0,0
1,0,1,1,-0.9965988082668935,1,0,0,0,1,0,0,0,1,-0.4606703610256548,-0.8241431656555138,-0.4324961194146579,0,0,0,0,0,1,0,0,0,0,0,1
1,0,1,1,0.2270612864502788,1,1,1,0,1,1,1,1,1,0.6822928801662442,0.4424132387729515,0.7235725567421168,0,0,0,1,0,0,0,0,1,0,0,0
1,0,0,0,-0.3439800910844016,1,1,0,0,0,0,1,1,1,0.9717770198567683,0.014294804596789718,1.0557338440641832,1,0,0,0,0,1,0,1,0,0,0,0
0,0,0,1,-0.5479234402039304,1,1,1,1,0,1,1,0,1,0.3661895092398093,-0.4020016454092353,0.247543637025126,0,0,0,0,0,0,1,1,0,0,0,0
0,0,0,0,-1.2413308272103278,0,0,0,0,0,0,0,0,0,-1.3440960976674279,-0.9861570862622396,-1.3830603723242434,0,0,0,0,0,1,0,0,0,0,0,0
1,0,1,1,1.450721381167451,0,0,1,1,1,1,0,1,1,-0.2826542521355046,0.728711810804015,-0.2275374420379113,0,0,0,1,0,0,1,0,0,0,1,0
0,0,1,1,0.9612573432805821,1,1,1,0,1,1,1,1,1,1.4875246250525305,1.609669370961922,1.3711879358603156,1,0,0,0,0,0,1,0,0,1,0,0
0,0,0,1,-0.05845940231706142,1,1,0,0,0,0,1,0,1,0.7205580250678649,0.17890165109956802,0.731849705891678,1,0,0,0,1,0,0,0,1,0,0,1
0,0,1,1,-0.5071347703800245,1,1,1,0,0,0,1,1,0,0.3695169131442979,-0.30832670392727773,0.480782980842122,0,0,1,0,0,0,0,1,0,0,0,0
0,1,1,0,-0.26240275143659014,1,0,0,0,1,0,0,1,0,-0.13957588424248657,-0.30452521087628576,-0.11574759395092937,0,0,1,0,0,0,1,0,1,0,0,0
1,1,1,0,-0.5479234402039304,1,0,1,0,1,0,1,0,0,0.05008613831337445,-0.4413569867637241,0.0913384711744243,0,0,0,0,0,0,0,1,0,0,0,0
0,0,0,0,-0.8742327987951762,1,0,0,1,1,1,0,1,1,0.9751044237612574,-0.5671138927222609,0.86067725842682,1,0,0,0,0,1,0,0,0,0,0,0
0,0,0,1,-1.1597534875625164,0,0,1,1,1,0,1,1,1,-0.2560350208995941,-0.908215491742769,-0.2980624301275973,0,0,0,0,0,0,1,0,0,0,0,0
1,0,0,0,-0.5887121100278361,1,0,0,0,0,0,0,0,0,-1.5054751870351342,-0.8258131857241576,-1.394752259699321,0,1,1,0,0,0,1,1,0,0,0,0
1,0,0,0,-0.4255574307322131,1,1,0,1,0,0,0,0,1,0.46434792442222816,-0.30327269582480293,0.2587668445913242,1,0,0,0,0,0,1,1,0,0,0,0
1,0,0,1,0.18627261662637304,1,0,1,1,0,1,0,0,0,-0.11462035495882066,0.005285485805421533,-0.08965746126072867,0,0,0,1,1,0,0,0,1,0,0,0
0,0,1,1,-0.6295007798517418,1,0,1,0,0,1,1,0,0,0.8969104320057706,-0.31461125313296384,0.9175066544963257,1,0,0,0,0,1,0,1,0,0,0,1
0,0,1,0,1.1652006924001108,1,0,0,0,0,0,0,0,0,-1.4855107636082014,-0.4445432092631104,-1.4571688578884359,0,1,0,1,1,0,0,0,0,0,1,0
0,0,1,1,-0.6702894496756475,1,0,1,0,1,0,1,1,0,1.1913856775530287,-0.3373542895941006,1.002153698770522,1,0,0,0,0,0,0,1,0,0,0,0
0,0,1,1,0.10469527697856156,1,0,0,0,0,0,0,0,1,-1.4988203792261565,-0.6816201371657234,-1.4518544381077694,0,1,0,1,0,0,1,0,1,0,0,0
1,1,1,0,1.0428346829283937,1,1,1,1,1,0,1,1,1,1.4625690957688646,1.7565652151577669,1.4406970929131107,1,0,1,0,0,1,0,0,0,1,0,1
1,0,1,1,-1.1597534875625164,1,1,0,1,1,0,0,0,1,0.6623284567393112,-0.8431066830139302,0.9294476510975506,1,0,0,0,0,0,0,0,0,0,0,1
0,0,0,0,-1.2413308272103278,1,0,0,0,0,0,0,0,0,-1.4971566772739122,-0.9813228176424811,-1.2007774037994154,0,1,0,0,0,1,0,0,0,0,0,0
0,0,0,0,-1.1189648177386107,1,0,0,0,0,0,0,0,0,-1.4888381675126903,-0.9547123662855376,-1.3701348527379376,0,1,0,0,0,0,1,0,0,0,0,0
1,0,1,0,-0.8742327987951762,1,0,0,0,0,0,1,0,1,-0.3275742048461033,-0.7392797774304798,-0.31964262454179715,0,0,0,0,0,0,0,0,0,0,0,0
1,0,0,1,-0.7110781194995532,1,1,0,0,0,0,0,0,1,-1.3341138859539616,-0.8640918036133366,-1.4357567214068756,0,1,0,0,0,1,0,1,0,0,0,0
1,0,0,0,-1.2413308272103278,0,0,0,0,0,1,0,0,0,-1.1660799887772777,-0.9733243004716079,-0.8991819467856095,0,0,0,0,0,0,0,0,0,0,0,1
1,0,1,1,-0.7518667893234591,1,1,1,1,0,0,0,1,0,0.14325344763906042,-0.5913951055624117,0.08431752430062107,0,0,0,0,0,0,1,1,0,0,0,0
0,0,0,0,-0.9558101384429878,1,0,1,1,0,0,1,1,1,0.32459696043369946,-0.6973534841282103,0.4388486918708799,0,0,0,0,0,1,0,0,0,0,0,1
1,0,0,0,-0.7926554591473648,1,0,0,1,0,1,1,1,0,0.28134070967534486,-0.5971522800095788,0.2229418098046423,0,0,0,0,0,0,1,1,0,0,0,0
1,0,1,1,-0.5887121100278361,0,0,0,1,1,0,1,0,0,-0.6153946425843834,-0.6495161987408723,-0.6561379887525055,0,0,1,0,1,0,0,1,0,0,0,0
0,0,1,1,-0.7110781194995532,1,0,0,0,0,0,0,0,0,-1.492165571417179,-0.8816050403858254,-1.5238049189306864,0,1,0,0,0,0,1,1,0,0,0,0
1,0,0,0,-1.2821194970342338,1,0,0,0,0,0,0,0,1,-1.5021477831306453,-0.9978692006910183,-1.497401507126181,0,1,0,0,1,0,0,0,0,0,0,0
1,1,1,0,-0.6295007798517418,1,0,0,0,0,0,0,1,0,0.5525241278911812,-0.4223934694053076,0.43937940283093446,1,0,0,0,0,0,0,1,0,0,0,1
1,0,1,0,0.6349479846893362,1,1,1,1,1,0,1,1,1,1.5490815972855734,1.3293257389124704,1.517931643801001,1,0,0,0,0,0,0,0,1,0,0,0
1,1,1,0,-0.3439800910844016,0,0,1,0,0,0,0,1,0,-0.8582951276120648,-0.5796829911336332,-0.8106642325246892,0,0,0,0,0,0,0,1,0,0,0,1
0,1,0,0,-1.2821194970342338,1,0,0,0,0,0,0,0,1,0.16820897692272632,-0.9758073566263021,0.16634486013679392,1,0,0,0,0,1,0,0,0,0,0,1
0,0,1,1,1.3691440415196396,1,0,0,0,0,1,0,0,1,-0.5155725254497198,0.4225707634836699,-0.5190240368084168,0,0,1,0,1,0,0,0,0,0,1,0
0,0,1,0,-1.2821194970342338,0,0,0,1,0,0,0,0,1,-1.1660799887772777,-0.9934304631401492,-1.1626636921987696,0,0,0,0,0,1,0,0,0,0,0,0
0,0,1,0,-1.0373874780907992,1,0,0,0,1,0,1,0,1,0.7105758133543987,-0.7485308096528359,0.6277338285197677,1,0,0,0,0,1,0,0,0,0,0,1
1,0,1,0,0.9204686734566764,1,1,0,0,0,0,0,0,0,-1.3041672508135624,-0.37209510181154715,-1.282036439520318,0,1,0,1,0,0,0,0,0,1,0,0
0,0,0,0,0.1454839468024673,1,0,0,1,0,0,1,1,1,0.99506884718819,0.560479262836418,1.1306493822647283,1,0,0,0,1,0,0,0,1,0,0,0
0,0,0,1,-0.5887121100278361,1,1,1,0,0,0,0,0,0,-0.24106170332939475,-0.5702781412733756,-0.32416203698456114,0,0,0,0,0,0,1,1,0,0,0,0
1,0,1,1,0.7573139941610534,0,0,1,1,1,0,1,1,0,-0.1861595389053298,0.31832635288305855,-0.1928923056404785,0,0,1,0,0,1,0,0,0,1,0,1
0,0,1,1,1.613876060463074,1,0,0,0,0,0,0,0,0,-1.4905018694649346,-0.36453606360610663,-1.4795184431686317,0,1,0,1,0,0,0,0,0,0,1,0
0,0,0,0,-1.2821194970342338,1,0,0,0,0,0,0,0,0,-1.500484081178401,-0.9978472267427466,-1.495744389230501,0,1,0,0,1,0,0,0,0,0,0,0
0,0,0,0,-0.8742327987951762,1,1,0,0,0,0,0,0,0,-1.3208042703360063,-0.8988106418825115,-1.4133404356907646,0,1,1,0,0,1,0,0,0,0,0,0
0,0,0,1,-0.9965988082668935,1,0,0,0,0,0,0,0,0,-1.492165571417179,-0.9346501515135397,-1.4742018565866575,0,1,0,0,0,0,1,0,0,0,0,0
0,0,0,0,-1.2821194970342338,1,1,0,1,0,0,0,0,1,0.4743301361356949,-0.9717641501443222,0.4712545529419607,1,0,0,0,0,0,1,0,0,0,0,0
0,0,0,0,1.450721381167451,1,0,1,1,1,1,1,1,1,0.5841344649838248,1.4750130159533754,0.6001198387119194,0,0,0,1,1,0,0,0,0,0,1,0
1,1,1,0,0.8796800036327707,1,1,0,0,1,0,1,1,1,1.1364835131289635,1.3207998469830777,1.0982588648778668,1,0,0,0,1,0,0,0,0,1,0,0
1,0,0,0,-0.4255574307322131,1,1,0,0,0,0,1,1,1,0.9900777413314571,-0.08164345355714551,1.0184800762200084,1,0,0,0,1,0,0,1,0,0,0,1
0,1,1,0,-0.5479234402039304,1,1,0,0,0,0,1,1,1,1.0000599530449232,-0.23295606135558783,0.9185019513129258,1,0,0,0,0,1,0,1,0,0,0,0
1,0,1,1,1.5730873906391682,1,1,1,1,1,1,1,1,1,0.8769460085788381,1.8894416803563117,0.9240211734814147,0,0,0,1,0,0,1,0,0,0,1,0
1,0,0,0,0.4717933053937132,1,0,1,1,1,0,1,1,1,1.3694017864431787,0.9758528070150346,1.245731198550341,1,0,1,0,0,1,0,0,1,0,0,0
0,0,1,0,1.5730873906391682,1,1,0,1,1,0,1,1,1,1.33945515130278,2.313714673584938,1.3746638823517578,1,0,0,1,0,0,0,0,0,0,1,0
1,0,0,0,-0.09924807214096716,1,1,1,1,1,1,0,0,1,1.0017236549971675,0.24702089074162015,0.9992123145056894,1,0,0,0,1,0,0,0,1,0,0,0
0,0,0,0,0.2678499562741845,1,0,0,0,0,0,0,0,0,-1.4705374460380018,-0.6714681730642305,-1.5040299787089022,0,1,0,1,1,0,0,0,1,0,0,0
1,0,1,0,1.613876060463074,1,1,1,1,1,0,1,0,1,1.099882070179587,2.1200143195705223,1.1228010877865757,1,0,0,1,1,0,0,0,0,0,1,0
1,1,0,0,1.450721381167451,1,0,0,0,0,0,0,0,1,-1.4938292733694234,-0.3930362745144103,-1.4715699634582242,0,1,0,1,1,0,0,0,0,0,1,0
0,0,1,0,-0.8334441289712705,1,0,0,0,0,0,0,0,1,-1.492165571417179,-0.8902847499531192,-1.4213121770828627,0,1,0,1,0,1,0,0,0,0,0,0
0,0,0,0,-1.078176147914705,1,1,0,1,1,1,1,1,1,1.4975068367659972,-0.7123397168494617,1.5458955082906054,1,0,0,0,1,0,0,0,0,0,0,1
1,1,0,1,0.2270612864502788,1,1,1,0,0,0,0,0,1,0.5175863868940491,0.38336923976708254,0.6063968781712528,1,0,0,0,0,0,1,0,1,0,0,0
0,1,1,0,1.3283553716957337,1,1,0,1,1,0,1,1,1,1.3760565942521563,2.0609263726681104,1.406914305085976,1,0,1,0,0,1,0,0,0,0,1,1
0,0,1,1,1.124412022576205,1,0,0,0,0,0,0,0,1,-1.5187848026530892,-0.5216937416448023,-1.542557969783468,0,1,0,1,1,0,0,0,0,1,0,0
0,0,1,0,-1.2413308272103278,1,1,0,0,0,0,1,0,1,0.6373729274556452,-0.9476367549420727,0.06940346323949917,1,0,0,0,0,1,0,0,0,0,0,0
0,0,1,1,0.6349479846893362,0,0,1,0,1,0,0,1,0,-0.6619782972472263,-0.04132125847870498,-0.635493061635489,0,0,1,0,1,0,0,0,1,0,0,0
0,0,0,0,1.2467780320479223,1,0,0,0,1,0,0,1,0,-0.2111150681889957,0.5331656451347823,-0.3088797275021766,0,0,1,0,1,0,0,0,0,0,1,0
1,1,1,0,0.023117937330750068,1,1,1,0,1,1,1,1,1,1.4975068367659972,0.6171940233254942,1.5586754023648663,1,0,0,0,0,0,0,0,1,0,0,0
0,0,1,1,-1.2005421573864221,1,1,0,0,0,0,0,1,1,0.6606647547870669,-0.8901529062634894,0.773954755219554,1,0,0,0,0,0,0,0,0,0,0,1
1,0,1,0,-0.9965988082668935,1,0,0,1,0,0,0,0,1,-0.5105814195929866,-0.8336359113088577,-0.5219804857813917,0,0,0,0,0,0,0,0,0,0,0,0
0,0,1,1,0.5941593148654305,1,0,0,1,0,1,0,1,0,-0.036426363203334325,0.3150742085388573,-0.03138103686267146,0,0,0,1,0,0,0,0,1,0,0,0
1,0,0,0,-0.9965988082668935,1,1,0,0,0,0,0,1,0,0.6523462450258449,-0.7153281738144034,0.5932598580114191,1,0,0,0,0,0,0,0,0,0,0,1
0,0,0,0,-0.26240275143659014,1,0,1,0,1,1,0,0,1,0.740522448494798,-0.007129794968049258,0.7468460060543225,1,0,1,0,1,0,0,0,1,0,0,0
0,0,1,1,-0.6702894496756475,1,0,0,0,0,0,0,0,0,-1.5154573987486004,-0.8852966636954592,-1.5804645416471539,0,1,0,0,0,0,1,1,0,0,0,0
0,1,0,0,-0.5887121100278361,1,0,0,1,0,0,0,0,1,0.2879955174843225,-0.40909923070097165,0.3511135055051423,1,0,0,0,0,1,0,1,0,0,0,0
1,1,1,0,-0.2216140816126844,1,0,0,0,0,0,0,0,1,0.18817340034965888,-0.15224574935389185,0.23416394438593005,1,0,0,0,0,1,0,0,1,0,0,0
0,0,1,1,1.5322987208152625,1,1,0,1,1,1,1,1,1,1.5074890484794634,2.3729564381252524,1.4888669795664093,1,0,0,1,0,1,0,0,0,0,1,0
0,1,1,1,1.5730873906391682,1,1,1,1,0,0,1,0,0,0.14325344763906042,1.1831550350095894,0.17383690020036252,0,0,1,0,0,1,0,0,0,0,1,0
0,0,1,0,1.613876060463074,1,1,1,1,1,1,1,1,1,1.6222844831843268,2.5895975941352494,1.614642885435007,1,0,0,1,0,0,0,0,0,0,1,0
1,0,1,0,1.0836233527522994,1,1,1,1,1,1,1,0,1,1.3926936137746002,1.7414691126951571,1.360508954554376,1,0,0,0,0,1,0,0,0,1,0,1
0,0,1,0,-1.2413308272103278,1,0,1,0,0,0,0,1,1,-0.09132852762739928,-0.9568438392678856,-0.2777627359055143,0,0,0,0,0,0,1,0,0,0,0,0
1,1,0,0,0.5941593148654305,1,0,1,0,0,0,0,1,0,0.6856202840707327,0.7699569117098642,0.6984912516155615,1,0,0,0,0,0,1,0,1,0,0,1
1,0,1,0,1.613876060463074,1,0,1,1,1,1,1,1,0,0.6506825430736006,1.644871636093073,0.6251363619769352,0,0,0,1,0,0,1,0,0,0,1,0
1,0,1,1,-0.5071347703800245,1,1,0,1,0,1,1,0,0,1.0616169252779657,-0.20375268410259192,0.8750941841192387,1,0,0,0,0,0,1,1,0,0,0,0
0,0,0,0,1.1652006924001108,1,1,1,1,1,1,1,1,1,1.7869909764565215,2.230521305428548,1.8499494762807895,1,0,1,0,0,1,0,0,0,0,1,0
1,0,1,1,0.10469527697856156,1,1,0,1,0,0,1,0,1,0.8237075461070177,0.38290778685337823,0.8418334606416563,1,0,0,0,0,0,0,0,1,0,0,0
0,0,1,1,-1.078176147914705,1,0,0,0,0,0,0,0,0,-1.4988203792261565,-0.9541190696822035,-1.4929825260710337,0,1,0,0,0,0,1,0,0,0,0,0
0,0,1,0,1.2467780320479223,1,1,0,1,1,0,1,1,1,1.417649143058266,2.014319628383983,1.464104903582387,1,0,1,0,0,1,0,0,0,0,1,1
1,1,1,0,1.4915100509913568,0,0,0,0,1,0,0,0,1,-1.1677436907295222,-0.06856895433552583,-1.1268075035284708,0,0,1,0,1,0,0,0,0,0,1,0
0,0,1,1,1.4915100509913568,1,0,0,0,0,0,0,0,1,-1.4821833597037126,-0.37253458077697976,-1.4590236173102817,0,1,1,0,1,0,0,0,0,0,1,0
1,1,1,0,1.1652006924001108,1,1,0,1,0,0,0,0,1,0.5741522532703586,1.1490294933437486,0.512926993138248,1,0,0,0,0,1,0,0,0,0,1,0
0,0,0,1,-0.7926554591473648,1,1,1,1,1,1,1,1,0,0.800415718775596,-0.49598422216699556,0.8098164860901723,0,0,0,1,1,0,0,1,0,0,0,0
0,1,1,0,-0.18082541178877864,1,1,0,1,1,1,1,1,1,1.5291171738586404,0.40171748657389333,1.6409430561642657,1,0,0,0,0,1,0,0,1,0,0,0
1,0,0,0,0.4717933053937132,1,1,0,1,1,1,1,1,1,0.6773017743095108,0.6213470995488324,0.6381338573910335,0,0,1,0,0,0,0,0,1,0,0,0
0,0,1,1,0.2678499562741845,1,0,0,0,1,0,1,0,1,-0.16785881743064132,0.02249108730210764,-0.16214689502997642,0,0,0,0,0,0,1,0,1,0,0,0
1,0,0,0,1.124412022576205,1,1,0,0,1,0,1,0,1,0.8203801422025286,1.2924534537126755,0.7376086360409667,1,0,0,1,0,1,0,0,0,1,0,0
1,1,1,1,-0.915021468619082,0,0,0,0,0,0,0,1,1,-1.0096920052663048,-0.8471938373924534,-0.9502211779725611,0,0,0,0,0,0,0,0,0,0,0,0
0,0,1,0,1.613876060463074,1,1,1,1,1,1,1,1,1,0.9152111534804593,1.9757992970638165,0.9717501884900552,0,0,0,1,0,1,0,0,0,0,1,0
1,0,0,0,-1.2821194970342338,1,0,0,0,0,0,0,1,1,0.4776575400401835,-0.9717202022477789,0.47456878873332103,1,0,0,0,0,1,0,0,0,0,0,1
1,0,1,1,-0.7518667893234591,1,0,1,1,0,0,0,1,1,-0.11628405691106519,-0.6481318399997598,-0.2213023618884085,0,0,0,1,0,0,0,1,0,0,0,0
0,0,0,0,0.7573139941610534,1,1,0,1,1,1,1,1,1,1.5507452992378177,1.4999094993451316,1.554294821546161,1,0,1,0,0,1,0,0,0,1,0,0
0,0,0,0,-0.7926554591473648,0,0,0,0,0,0,0,1,1,-0.9913912837916163,-0.8104973437788318,-1.0146703170537872,0,0,0,0,0,1,0,1,0,0,0,1
1,1,1,0,-0.5887121100278361,1,0,1,0,0,0,0,1,1,-0.19281434671430722,-0.5622137022576875,-0.29037524433374723,0,0,0,0,1,0,0,1,0,0,0,0
1,0,1,1,1.4915100509913568,1,1,0,1,1,0,1,0,0,1.0266791842808336,1.8550085034146677,0.9755467496592642,1,0,1,0,1,0,0,0,0,0,1,0
0,1,1,0,-1.078176147914705,1,1,0,0,0,0,0,1,1,0.6473551391691115,-0.7978403495743729,0.4712545529419603,1,0,0,0,0,1,0,0,0,0,0,1
0,0,1,0,0.4310046355698075,0,0,1,0,0,1,0,0,0,-1.027992726740993,-0.34497924964435617,-0.9917107855653372,0,0,0,0,0,0,0,0,1,0,0,0
0,0,0,0,-0.7110781194995532,1,0,1,1,1,1,1,1,0,0.6506825430736006,-0.44056592462594546,0.6935293000158715,0,0,0,0,0,0,1,1,0,0,0,0
0,0,1,1,0.512581975217619,1,0,0,1,0,1,0,0,1,-0.3575208399865023,0.012954393752220425,-0.44343770063141336,0,0,1,0,1,0,0,0,1,0,0,1
0,0,0,0,-0.1400367419648729,1,1,1,1,0,1,0,0,0,0.08502387931050663,-0.21500334561766637,-0.09359408149939509,0,0,0,0,0,0,1,0,1,0,0,0
1,0,0,0,1.613876060463074,0,0,1,1,1,1,1,1,1,0.023466907077463767,1.00033178538963,-0.04995505630213697,0,0,0,1,0,0,0,0,0,0,1,0
1,0,0,0,0.4717933053937132,0,0,1,0,1,0,1,1,1,-0.3625119458432355,0.06588963513857633,-0.31388037367727245,0,0,1,0,0,1,0,0,1,0,0,0
1,0,1,1,0.6757366545132419,0,0,1,0,0,0,0,1,1,-0.854967723707576,-0.1987206499483887,-0.9086850106363472,0,0,0,0,0,1,0,0,0,1,0,0
0,1,1,0,-0.26240275143659014,1,1,0,1,1,0,0,1,1,0.9634585100955464,0.040092219867683125,0.883813173662664,1,0,0,0,0,1,0,0,1,0,0,1
1,0,0,0,-1.2005421573864221,1,0,0,0,1,1,1,0,1,0.7804512953486631,-0.8913834473667007,0.7430218878335225,1,0,0,0,0,0,1,0,0,0,0,1
1,0,0,0,-1.2413308272103278,1,0,0,0,0,0,0,0,0,-1.4988203792261565,-0.9838717956419902,-1.2968902417488704,0,1,0,0,0,0,1,0,0,0,0,0
0,0,1,1,-1.1189648177386107,0,0,0,1,0,1,0,0,0,-1.019674216979771,-0.9346721254618111,-1.0678765485658592,0,0,0,0,0,1,0,0,0,0,0,0
0,1,1,0,1.3691440415196396,1,1,0,1,1,1,1,1,1,1.4376135664851988,2.149767045530309,1.4545029455591487,1,0,1,0,1,0,0,0,0,0,1,0
0,0,0,0,1.124412022576205,0,0,0,1,0,0,1,1,1,-0.4689888707868768,0.32392970969232415,-0.4797101701257477,0,0,0,0,0,1,0,0,0,1,0,1
0,1,0,0,1.4915100509913568,1,1,1,0,1,1,1,1,0,1.5091527504317077,2.275282238057858,1.4348806173807216,1,0,0,1,1,0,0,0,0,0,1,0
1,0,1,0,-0.05845940231706142,1,1,0,1,1,0,1,0,0,0.9617948081433021,0.3204578258654066,1.0762094956972328,1,0,0,0,0,1,0,0,1,0,0,1
0,0,1,0,0.512581975217619,1,1,1,1,1,1,1,1,0,1.6106385695186158,1.205019113539861,1.5542731598743222,1,0,1,0,0,0,1,0,1,0,0,0
0,0,0,0,-0.6702894496756475,1,0,0,0,0,0,0,0,0,-1.5254396104620669,-0.862993106199755,-1.4753411251399378,0,1,1,0,0,0,1,1,0,0,0,0
1,0,0,0,-1.2821194970342338,1,0,0,1,0,0,0,0,1,-0.4706525727391211,-0.9842453527626078,-0.46998841180442363,0,0,0,0,0,1,0,0,0,0,0,1
0,0,1,1,1.0836233527522994,1,1,0,1,0,1,0,1,1,1.0566258194212328,1.4460953000279106,0.9829669417792241,1,0,0,0,0,0,0,0,0,1,0,0
1,0,0,0,-1.2005421573864221,1,1,0,0,0,0,0,0,0,0.33624287409941,-0.9146538585863566,0.15805927065839268,1,0,0,0,0,0,1,0,0,0,0,1
1,1,1,0,0.1454839468024673,1,1,0,0,0,0,0,1,1,0.6773017743095108,0.37022881870064794,0.7321125283536271,1,0,0,0,1,0,0,0,1,0,0,1
1,1,1,0,0.5533706450415247,1,1,0,0,1,0,1,1,1,1.201367889266495,1.0502346219145013,1.2199476230707156,1,0,0,0,0,1,0,0,1,0,0,1
0,0,1,0,0.5941593148654305,1,0,0,0,0,0,0,0,0,-1.5054751870351342,-0.6015470696639047,-1.5021260560202483,0,1,0,1,0,0,0,0,1,0,0,0
1,0,0,0,-1.2821194970342338,1,0,0,1,0,0,0,0,1,0.3146147487202327,-0.9738736491783987,0.312171234956656,1,0,0,0,0,1,0,0,0,0,0,1
0,1,0,0,0.023117937330750068,0,0,1,1,1,0,1,1,1,-0.18116843304859642,-0.17828487805577306,-0.25918292919637176,0,0,0,0,0,0,0,0,1,0,0,0
0,0,0,0,-0.05845940231706142,1,1,1,0,1,1,0,0,0,0.011820993411753198,-0.13009600949608913,-0.019840353755281266,0,0,0,0,1,0,0,0,1,0,0,1
1,1,0,0,0.2270612864502788,1,1,0,0,0,0,1,1,0,0.9934051452359457,0.5988677504669552,1.034064120353786,1,0,0,0,0,1,0,0,1,0,0,0
0,0,0,0,0.4310046355698075,1,0,0,0,0,0,0,0,1,-1.5054751870351342,-0.6640849264449629,-1.5513541827994917,0,1,0,1,0,0,0,0,1,0,0,0
0,0,0,0,0.1454839468024673,1,0,1,1,1,1,0,1,1,0.35454359557409826,0.17132063894585575,0.3154394396953592,0,0,1,0,0,0,1,0,1,0,0,0
0,1,1,0,0.4310046355698075,1,1,1,1,0,0,1,0,1,0.9850866354747237,0.8202772532518963,1.0519009560632255,1,0,0,0,0,1,0,0,1,0,0,0
1,0,1,1,0.5533706450415247,1,0,0,0,0,0,0,0,1,-1.4905018694649346,-0.5948230414927861,-1.4769757278468179,0,1,0,1,0,0,1,0,1,0,0,0
0,0,1,0,-0.3439800910844016,1,0,0,0,0,0,0,0,0,-1.4888381675126903,-0.8057729449004314,-1.5210844837186115,0,1,1,0,0,0,1,1,0,0,0,0
1,1,1,1,1.3691440415196396,1,1,1,1,1,1,1,0,0,0.4826486458969169,1.258789364960539,0.4364550771326755,0,0,0,1,1,0,0,0,0,0,1,1
0,0,1,0,1.450721381167451,1,1,1,0,0,1,0,0,0,-0.22109727990246197,0.7406876126120533,-0.21425612949165052,0,0,1,0,0,0,0,0,0,0,1,0
1,0,1,0,1.4099327113435454,1,0,1,1,1,1,1,1,1,1.535771981667618,2.210898569621983,1.4694825868174093,1,0,0,1,0,1,0,0,0,0,1,0
0,0,1,1,1.3283553716957337,1,0,1,1,1,0,0,0,0,-0.1179477588633095,0.6960365497241017,-0.17662755602607474,0,0,1,0,0,0,0,0,0,0,1,0
1,0,0,1,-0.30319142126049586,0,0,1,0,0,0,1,0,1,-0.8067203670924887,-0.5800126003577076,-0.8653104569979052,0,0,1,0,1,0,0,0,1,0,0,0
0,1,1,0,1.4099327113435454,1,1,1,0,1,0,1,1,1,1.4026758254880665,2.132429600343993,1.3811606762879436,1,0,1,0,1,0,0,0,0,0,1,0
1,0,1,1,0.5941593148654305,1,0,0,0,0,0,0,0,0,-1.492165571417179,-0.5883627007009269,-1.4809713594796492,0,1,1,0,0,0,1,0,1,0,0,0
0,1,1,0,1.450721381167451,1,0,0,1,1,1,0,0,1,-0.1412395861947311,0.74077550840514,-0.21415865196837505,0,0,1,0,0,0,0,0,0,0,1,0
1,0,1,1,0.512581975217619,1,0,0,0,0,0,0,0,0,-1.4821833597037126,-0.5981850555783453,-1.4676102098460626,0,1,0,1,0,0,1,0,1,0,0,0
1,0,0,0,-1.078176147914705,1,0,1,0,1,1,1,1,0,0.45769311661325096,-0.7941487262647392,0.5176538540210076,0,0,0,0,1,0,0,0,0,0,0,0
1,0,0,0,0.1454839468024673,1,1,0,0,0,0,0,1,1,0.6606647547870669,0.3339278561559157,0.6560692293629667,1,0,0,0,0,1,0,0,1,0,0,1
0,1,1,0,0.8388913338088649,1,1,0,0,0,0,1,1,1,1.0300065881853222,1.1979874500929395,0.9848360351012783,1,0,1,0,1,0,0,0,0,1,0,0
1,0,0,0,-1.2821194970342338,1,0,0,0,0,0,1,0,1,0.4859760498014055,-0.9716103325064208,0.48285437821172233,1,0,0,0,0,1,0,0,0,0,0,1
1,0,0,0,-0.38476876090830736,1,1,0,0,0,0,0,0,1,0.33457917214716576,-0.254842113834131,0.31274762378993654,1,0,0,0,0,1,0,1,0,0,0,1
1,1,0,0,1.002046013104488,1,1,0,1,1,0,1,1,1,0.49429455956262747,0.9439466341246281,0.428605571311032,0,0,0,1,0,0,0,0,0,1,0,0
1,0,1,1,0.7981026639849592,1,1,0,0,0,0,0,0,0,-1.3025035488613181,-0.41507614463085496,-1.2941814913424698,0,1,0,1,0,0,1,0,0,1,0,0
0,0,1,1,-0.8334441289712705,1,0,0,0,0,0,0,0,0,-1.500484081178401,-0.9056445397949884,-1.5178392945062376,0,1,1,0,0,0,0,0,0,0,0,1
0,0,1,1,-0.18082541178877864,1,0,0,0,0,0,0,0,0,-1.4971566772739122,-0.7679118320284133,-1.5092380635238973,0,1,1,0,0,0,1,0,1,0,0,0
1,0,1,0,1.5730873906391682,1,0,0,1,1,1,1,1,1,1.3427825552072685,2.198021835934808,1.2517804214960317,1,0,0,1,0,1,0,0,0,0,1,0
0,0,0,0,-0.3439800910844016,1,1,0,0,0,0,0,0,0,-1.340768693762939,-0.7405542664302343,-1.3161542372861532,0,1,1,0,0,0,0,1,0,0,0,0
1,0,0,0,-1.2821194970342338,1,0,0,0,0,0,0,0,1,-0.6702968070084484,-0.9868822265552034,-0.6688425592860541,0,0,0,0,0,1,0,0,0,0,0,0
0,0,1,1,-0.6702894496756475,1,0,0,0,0,0,0,0,0,-1.4805196577514683,-0.8653003707682762,-1.4862159613303394,0,1,0,0,0,1,0,1,0,0,0,0
0,0,0,0,-1.1189648177386107,0,0,0,0,1,0,0,1,0,-0.8449855119941098,-0.9139287182933927,-0.7550126898614273,0,0,0,0,0,1,0,0,0,0,0,1
0,0,0,0,-1.2413308272103278,1,0,0,1,0,0,0,0,0,-0.5222273332586972,-0.960974941542952,-0.433531818099458,0,0,0,0,0,0,1,0,0,0,0,0
0,1,1,0,-0.30319142126049586,1,0,0,0,0,0,0,0,1,0.14658085154354902,-0.20972959803247526,0.25165328940641335,1,0,0,0,0,1,0,0,1,0,0,0
0,1,0,0,0.2270612864502788,1,0,1,1,0,0,0,0,1,-0.2576987228518387,-0.017435576707443515,-0.18901971175526883,0,0,0,0,1,0,0,0,1,0,0,1
0,0,0,0,-0.18082541178877864,1,0,1,1,0,1,0,0,1,-0.16619511547839702,-0.27934306615699817,-0.1933680887897983,0,0,1,0,0,1,0,0,1,0,0,0
0,0,0,0,0.6349479846893362,1,0,1,0,1,1,1,1,1,1.2512789478338266,1.1487658059644887,1.2342537740342374,1,0,0,1,1,0,0,0,1,0,0,0
0,0,1,1,1.613876060463074,1,1,1,1,1,1,1,1,0,0.8270349500115063,1.8922103978385367,0.8841991263349481,0,0,0,1,1,0,0,0,0,0,1,0
0,0,1,1,-0.7518667893234591,1,1,0,1,0,0,0,1,1,0.8653000949131275,-0.45324489277867575,0.8284818250250325,1,0,0,0,0,0,0,1,0,0,0,1
0,1,0,0,0.3086386260980903,0,0,1,1,0,0,1,1,1,-0.3026186755624374,-0.07953395452306918,-0.40424225929330954,0,0,0,0,0,1,0,0,1,0,0,1
1,0,0,0,-0.26240275143659014,1,0,0,1,1,1,0,0,1,0.6756380723572665,-0.04646316237426645,0.632759812467105,1,0,1,0,0,1,0,0,1,0,0,0
1,0,1,1,-0.38476876090830736,1,1,0,0,0,0,0,0,1,-0.550510266446852,-0.537558932296919,-0.6142297173327655,0,0,1,0,1,0,0,1,0,0,0,1
0,0,0,0,-0.8334441289712705,1,1,0,1,0,0,0,1,1,0.8070705265845737,-0.5417779303650719,0.7688453083745393,1,0,0,0,0,1,0,0,0,0,0,0
1,0,0,0,-0.2216140816126844,1,0,1,0,1,1,1,0,0,0.14824455349579332,-0.15954110018007295,0.21378753174275092,0,0,1,0,1,0,0,0,1,0,0,0
1,1,1,0,1.613876060463074,1,1,1,1,1,1,1,1,1,1.7021421768920575,2.6872278463061,1.7169008689142757,1,0,0,1,0,0,0,0,0,0,1,0
1,0,1,1,-0.26240275143659014,1,1,0,0,0,0,1,0,1,0.627390715742179,-0.09656376443358221,0.4874433200766831,1,0,0,0,0,1,0,0,1,0,0,1
1,0,1,1,-0.26240275143659014,1,1,0,0,1,1,1,1,1,0.5691611474136252,-0.09107027736567477,0.5033771459966855,0,0,1,0,1,0,0,0,1,0,0,0
1,0,1,0,1.613876060463074,1,1,1,1,1,1,0,1,0,0.46434792442222816,1.526234289374544,0.5008755353272447,0,0,0,1,0,0,0,0,0,0,1,0
1,0,1,1,-1.0373874780907992,0,0,1,0,1,1,0,1,0,-0.5072540156884978,-0.8722661123703829,-0.7052991529910198,0,0,0,1,1,0,0,0,0,0,0,0
1,0,0,0,-1.2005421573864221,1,0,0,0,1,0,0,1,0,0.6922750918797105,-0.8937126858834934,0.6844703888528197,1,0,0,0,1,0,0,0,0,0,0,0
0,1,1,0,0.7981026639849592,1,1,0,1,1,0,1,1,1,1.3843751040133783,1.4641359115589188,1.431140094014748,1,0,1,0,0,1,0,0,0,1,0,0
0,0,1,0,1.0836233527522994,1,0,0,0,0,0,0,0,0,-1.5470677358412441,-0.5416460866754421,-1.5577318332265402,0,1,0,1,0,0,0,0,0,1,0,0
0,0,0,0,-1.1189648177386107,1,1,0,0,0,0,0,0,1,-0.4756436785958542,-0.896701142848435,-0.49517660381876366,0,0,0,0,0,0,1,0,0,0,0,1
1,1,0,0,0.5941593148654305,1,1,0,1,0,1,0,0,0,-0.17617732719186327,0.2037761605430528,-0.2099619334928945,0,0,0,1,0,0,0,0,1,0,0,0
1,0,1,0,1.2467780320479223,1,1,0,1,1,0,1,1,1,1.281225582974226,1.8953306984931082,1.3216716749298698,1,0,0,0,0,1,0,0,0,0,1,1
1,1,0,0,0.7573139941610534,1,1,0,1,0,0,0,0,1,0.4893034537058941,0.7402481336466207,0.430996335829258,1,0,1,0,0,0,0,0,0,1,0,0
0,0,0,0,0.7573139941610534,1,1,0,0,0,0,0,0,0,-1.3291227800972283,-0.4405000027811305,-1.3149560760625612,0,1,0,1,0,0,0,0,0,1,0,0
0,0,1,0,1.613876060463074,1,1,1,1,1,1,1,1,0,0.7704690836351967,1.8592055275345496,0.8496298057889518,0,0,0,1,0,0,0,0,0,0,1,0
1,0,1,0,0.6349479846893362,1,1,0,1,1,0,0,1,1,0.18817340034965888,0.496688891003877,0.20977515831941398,0,0,1,0,1,0,0,0,1,0,0,0
0,0,0,1,-1.2005421573864221,1,0,0,0,0,0,0,0,1,-1.4755285518947352,-0.9813228176424811,-1.5178392945062376,0,1,1,0,1,0,0,0,0,0,0,0
1,0,0,0,1.3283553716957337,1,1,1,0,0,1,0,1,0,0.9534762983820801,1.6607588006934613,0.9426408589593127,1,0,1,0,0,1,0,0,0,0,1,0
0,0,1,1,-0.5071347703800245,1,0,0,0,0,0,0,0,0,-1.492165571417179,-0.8280984763444071,-1.4790903543789142,0,1,0,0,0,0,1,1,0,0,0,0
0,0,1,0,1.3691440415196396,1,1,1,1,0,1,0,0,0,0.8020794207278403,1.5857617152423893,0.8100598390678598,1,0,1,0,0,1,0,0,0,0,1,0
1,0,0,1,1.5322987208152625,1,1,1,1,1,1,1,1,1,1.6538948202769699,2.4576440347641126,1.5801031562800048,1,0,0,1,0,1,0,0,0,0,1,0
1,1,1,0,-1.0373874780907992,1,0,0,0,0,0,1,1,1,0.8187164402502843,-0.7091534943500755,1.0519560098139127,1,0,0,0,0,1,0,0,0,0,0,1
0,0,0,0,0.2678499562741845,0,0,0,0,1,0,1,1,1,-0.4739799766436099,-0.16916568952304673,-0.5327464408280066,0,0,0,0,1,0,0,0,1,0,0,0
0,0,1,0,-0.30319142126049586,0,0,0,0,0,0,1,0,1,-1.027992726740993,-0.631673352744309,-1.0211458239076763,0,0,0,0,0,0,0,0,1,0,0,1
0,0,1,1,-0.8334441289712705,1,0,0,0,0,0,0,0,0,-1.4838470616559571,-0.9078858825186946,-1.5319247966195197,0,1,0,1,0,0,0,0,0,0,0,0
0,0,1,0,0.8796800036327707,1,1,0,1,1,1,1,1,0,1.5124801543361963,1.5833665548807812,1.4649422303497808,1,0,1,0,0,1,0,0,0,1,0,1
0,0,1,0,1.2467780320479223,1,0,1,0,1,0,0,0,1,0.5408782142254707,1.2895089446442771,0.5964853196297969,1,0,1,0,1,0,0,0,0,0,1,0
1,0,1,0,-0.2216140816126844,1,0,0,1,0,1,0,0,1,-0.36916675365221313,-0.3957390701518208,-0.4459295149486216,0,0,0,0,0,1,0,0,1,0,0,0
0,1,0,0,-0.4255574307322131,1,0,0,0,0,0,0,0,1,-1.492165571417179,-0.8232861816729202,-1.5237647463756396,0,1,1,0,0,0,1,1,0,0,0,0
0,0,1,0,1.0428346829283937,1,1,1,1,1,0,1,1,1,1.4825335191957976,1.6938515667905356,1.3591554640463615,1,0,0,1,0,0,0,0,0,1,0,1
1,1,0,0,1.3283553716957337,1,0,0,1,1,0,1,1,1,1.1381472150812078,1.8483723710366353,1.1603096680872818,1,0,0,0,0,0,0,0,0,0,1,0
0,0,0,0,-0.30319142126049586,1,1,0,1,1,1,1,1,0,1.4642327977211094,0.2279694775901172,1.5719785439686127,1,0,0,1,0,1,0,0,1,0,0,0
0,0,0,0,-0.8742327987951762,1,0,0,0,0,0,0,0,1,-0.6736242109129372,-0.7990049688327694,-0.7291013918562452,0,0,0,0,0,0,1,0,0,0,0,0
0,0,1,0,0.3086386260980903,1,1,0,1,0,0,1,0,0,-0.03309895929884549,0.15147816365657407,0.03128975163885315,0,0,1,0,0,0,0,0,1,0,0,0
1,1,1,0,-0.38476876090830736,1,1,0,0,0,0,0,1,0,0.7288765348290869,-0.13820439640832052,0.6951816146712746,1,0,0,0,0,1,0,1,0,0,0,0
1,0,1,1,1.4099327113435454,1,1,1,1,1,0,1,1,1,1.54409049142884,2.281676657004902,1.5491479113246645,1,0,1,0,0,1,0,0,0,0,1,1
0,0,0,0,-1.2005421573864221,1,0,0,0,0,0,0,0,1,0.16488157301823725,-0.9187190390166081,0.05587033375811003,1,0,0,0,0,1,0,0,0,0,0,0
1,1,0,0,0.023117937330750068,0,0,0,0,1,1,1,1,1,-0.3425475224163027,-0.2138607003075416,-0.3404821374723214,0,0,0,0,0,1,0,0,1,0,0,0
0,0,1,1,-0.09924807214096716,1,0,1,0,0,1,0,1,0,0.04675873440888538,-0.1612111202487168,-0.02698556102590267,0,0,0,0,0,0,0,0,1,0,0,0
0,1,1,0,-1.2005421573864221,1,0,0,0,0,1,1,0,1,0.6323818215989123,-0.8890322349016363,0.8021257594461176,1,0,0,0,0,0,1,0,0,0,0,1
0,0,0,0,-1.2821194970342338,1,1,0,0,0,0,0,0,1,0.3196058545769661,-0.9738077273335838,0.31714258864369693,1,0,0,0,0,1,0,0,0,0,0,1
0,0,1,1,-1.078176147914705,0,0,0,1,1,1,0,0,0,-0.8100477709969776,-0.9109622352767228,-0.9505526015516973,0,0,0,1,0,0,1,0,0,0,0,0
1,0,0,0,-1.2413308272103278,1,0,0,0,0,0,1,0,1,0.5009493673716051,-0.929881804738596,0.7388790930943213,1,0,0,0,0,1,0,0,0,0,0,0
1,1,1,0,1.1652006924001108,1,1,0,1,0,0,0,1,0,-0.028107853442112352,0.7085617002389306,-0.03161281372914081,0,0,1,0,0,0,0,0,0,0,1,0
1,0,1,1,-0.9965988082668935,1,0,0,0,0,0,0,0,1,-0.7135530577668024,-0.8547089277013507,-0.720627493526062,0,0,1,0,0,0,1,0,0,0,0,0
1,0,0,0,-1.2821194970342338,1,1,0,1,0,0,0,0,1,0.4743301361356949,-0.9717641501443222,0.4712545529419607,1,0,0,0,0,1,0,0,0,0,0,1
0,0,0,0,-1.2821194970342338,1,0,0,0,0,0,0,0,0,-1.522112206557578,-0.9981328880702778,-1.517286921874344,0,1,0,0,0,0,1,0,0,0,0,0
0,1,0,0,-1.2413308272103278,1,0,0,0,0,0,0,0,0,0.19482820815863655,-0.9384955924610748,0.4140839855409917,1,0,0,0,0,1,0,0,0,0,0,1
0,0,0,0,-1.2005421573864221,1,0,0,0,0,1,0,1,0,0.6956024957841991,-0.8869227358675599,0.855153532107886,1,0,0,0,0,1,0,0,0,0,0,1
1,1,1,0,-1.078176147914705,1,1,0,0,1,0,0,0,1,0.5292323005597597,-0.8056630751590732,0.3729322244649323,1,0,0,0,0,1,0,0,0,0,0,0
1,0,0,0,0.4310046355698075,0,0,0,0,1,1,0,1,0,-0.6902612304353811,-0.1577831843183426,-0.6634087540932421,0,0,1,0,0,1,0,0,1,0,0,0
1,0,1,0,0.8796800036327707,1,1,1,1,1,0,1,1,0,1.4858609231002862,1.6826009052754611,1.6035263862181517,1,0,0,0,0,1,0,0,0,1,0,0
0,0,1,1,-0.7926554591473648,1,1,0,0,0,0,0,0,1,-1.327459078144984,-0.8604221542519744,-1.3042835369757513,0,1,0,1,0,0,0,1,0,0,0,0
0,0,0,0,-1.2821194970342338,1,0,0,0,0,0,0,0,1,-1.4821833597037126,-0.9976055133117588,-1.477516092378018,0,1,0,0,0,0,1,0,0,0,0,0
0,0,0,0,-1.1597534875625164,0,0,0,0,0,0,0,0,1,-1.3524146074286498,-0.9643369556285113,-1.3561322065194392,0,0,0,0,0,0,1,0,0,0,0,1
0,1,0,0,-1.2005421573864221,1,0,0,0,1,0,1,0,1,0.7305402367813312,-0.9094460328459804,0.28897158441713233,1,0,0,0,0,1,0,0,0,0,0,1
1,0,1,0,1.5730873906391682,1,1,0,1,1,0,1,1,1,1.3577558727774681,2.2773038412988473,1.3359900182229945,1,0,1,0,0,0,0,0,0,0,1,0
0,0,0,0,1.5322987208152625,0,0,1,0,1,1,1,1,1,-0.21776987599797312,0.8455253198159988,-0.1566747639568785,0,0,0,1,0,0,0,0,0,0,1,0
1,1,1,0,1.613876060463074,1,1,1,1,1,0,1,1,1,0.6390366294078895,1.6222604433215657,0.6014533853845048,0,0,0,1,1,0,0,0,0,0,1,0
0,0,1,0,1.3283553716957337,1,0,1,1,1,0,0,1,0,0.2031467179198585,0.9210937279221333,0.08448323609018943,0,0,0,1,0,0,0,0,0,0,1,0
0,0,0,0,1.4099327113435454,1,1,1,0,1,1,1,1,1,0.6773017743095108,1.5047217940166187,0.6746348582580609,0,0,0,1,0,0,1,0,0,0,1,0
0,0,1,1,-0.8334441289712705,1,0,0,0,0,0,0,0,0,-1.5271033124143112,-0.9039085978815296,-1.5069299350263423,0,1,0,0,0,0,1,0,0,0,0,1
1,0,1,1,0.512581975217619,1,1,0,1,1,0,0,1,1,1.0017236549971675,0.9134687678718779,1.0656811545435307,1,0,1,0,1,0,0,0,1,0,0,0
0,1,1,0,-1.1597534875625164,1,1,1,0,0,0,1,1,1,1.1547842346036516,-0.8537640479256706,0.7285221062463197,1,0,0,0,0,1,0,0,0,0,0,1
1,0,0,0,0.8796800036327707,1,0,1,0,1,0,1,0,0,0.8286986519637506,1.0444994214156058,0.712395894131876,1,0,0,0,0,0,1,0,0,1,0,0
1,0,1,0,0.512581975217619,1,1,0,1,1,0,1,1,1,1.425967652819488,1.1393389821559599,1.4442037067590272,1,0,0,0,0,0,0,0,1,0,0,0
0,0,1,0,0.7981026639849592,1,1,0,1,1,0,1,0,0,0.9884140393792124,1.2021844742128207,1.0512458164300496,1,0,0,0,0,0,0,0,0,1,0,0
0,1,1,0,0.8796800036327707,1,1,0,1,0,0,1,1,1,1.2180049087889389,1.3548155189075608,1.145762911220701,1,0,1,0,1,0,0,0,0,1,0,1
0,0,0,0,-1.2413308272103278,0,0,0,0,0,0,0,1,1,-1.0047008994095714,-0.979191344660133,-1.1204071858589233,0,0,0,0,0,1,0,0,0,0,0,1
0,0,0,0,-1.1597534875625164,1,0,0,0,0,0,1,0,0,-0.3126008872759036,-0.9066333674672118,-0.2682343080053528,0,0,0,0,1,0,0,0,0,0,0,0
1,0,0,0,-0.915021468619082,1,0,0,0,0,0,0,0,1,-1.4988203792261565,-0.9217074959815497,-1.5121498563977354,0,1,0,0,0,0,1,0,0,0,0,0
0,0,1,0,-0.38476876090830736,1,1,0,0,0,1,1,1,1,0.2913229213888116,-0.28459483979391764,0.21519381375728147,0,0,0,0,1,0,0,1,0,0,0,0
1,0,1,0,1.124412022576205,1,1,0,0,0,0,0,0,0,-1.3557420113331387,-0.34473753621336817,-1.3201451295515831,0,1,1,0,0,0,0,0,0,1,0,0
0,1,1,1,-1.2821194970342338,1,0,0,0,0,0,0,0,1,0.14491714959130472,-0.9761149919021049,0.14314520959727028,1,0,0,0,0,1,0,0,0,0,0,1
0,0,1,1,0.7573139941610534,1,0,1,1,0,0,0,0,1,0.4743301361356949,0.7595192862808401,0.45949226513340663,1,0,0,0,0,0,0,0,0,1,0,0
0,0,0,0,0.3902159657459017,1,0,0,0,0,0,0,0,1,-1.4688737440857575,-0.6354308978987577,-1.4856044059164573,0,1,0,1,0,0,0,0,1,0,0,0
0,0,1,0,1.613876060463074,0,0,1,1,1,0,0,1,1,-0.5222273332586972,0.5672032910075366,-0.5036140957709355,0,0,0,1,0,1,0,0,0,0,1,0
1,0,0,0,-1.1597534875625164,1,0,0,0,0,0,1,0,0,0.4310738853773403,-0.8750568038008798,0.32708529601777836,1,0,0,0,0,1,0,0,0,0,0,1
1,0,0,1,0.023117937330750068,0,0,1,0,0,1,0,0,0,-1.0263290247887487,-0.5169913167146736,-1.0332076335604758,0,0,1,0,1,0,0,0,1,0,0,0
0,0,0,0,-1.2821194970342338,1,0,0,0,0,0,0,0,0,-1.4771922538469795,-0.9975395914669438,-1.4725447386909774,0,1,0,0,0,0,1,0,0,0,0,0
0,0,0,1,-0.30319142126049586,1,0,0,1,0,1,0,0,1,-0.3375564165595695,-0.4500147223827462,-0.47317007816412987,0,0,1,0,1,0,0,0,1,0,0,0
1,0,0,0,0.6349479846893362,1,1,1,0,0,1,0,1,1,1.015033270615123,0.9470669347791997,0.9173644997748822,1,0,0,0,0,1,0,0,1,0,0,0
1,0,1,1,1.5730873906391682,1,0,1,0,1,1,0,1,1,0.19815561206312515,1.1791557764241525,0.16958907686213948,0,0,0,1,1,0,0,0,0,0,1,0
1,0,1,0,-0.09924807214096716,1,0,0,0,1,0,0,0,1,-0.495608102022787,-0.3583613841417786,-0.522574286360677,0,0,0,0,0,0,1,0,1,0,0,0
0,0,0,0,-0.3439800910844016,1,0,0,0,0,0,0,0,0,-1.4788559557992238,-0.7747896778374335,-1.4237288073473966,0,1,1,0,1,0,0,1,0,0,0,0
1,0,1,1,-1.2821194970342338,1,0,1,0,0,0,0,0,1,-0.5372006508288968,-0.9851243106934731,-0.5362731276316338,0,0,0,0,0,0,1,0,0,0,0,0
0,0,0,0,-0.3439800910844016,1,1,0,0,0,1,0,1,1,0.8203801422025286,-0.013612109708180024,0.9680446887511034,1,0,0,0,0,1,0,1,0,0,0,0
1,0,0,1,-0.5071347703800245,1,0,0,0,0,0,0,0,1,-1.5137936967963561,-0.8419640377038055,-1.5313724239876263,0,1,0,0,0,1,0,1,0,0,0,1
0,0,0,0,-1.1189648177386107,1,0,0,0,0,0,0,0,1,-1.4771922538469795,-0.9607112541636924,-1.4606134898420795,0,1,0,0,0,0,1,0,0,0,0,0
0,0,0,0,-0.38476876090830736,1,1,1,0,1,0,1,1,1,0.4543657127087619,-0.19656720301776903,0.5038205220222853,0,0,1,0,0,1,0,1,0,0,0,0
1,0,1,1,-0.9965988082668935,1,0,0,0,0,0,0,0,0,-1.5054751870351342,-0.9319473558761292,-1.4487236689405736,0,1,0,0,1,0,0,0,0,0,0,0
0,0,0,0,0.2270612864502788,1,0,0,0,0,0,0,0,0,-1.517121100700845,-0.674522551873987,-1.4930406705586012,0,1,1,0,0,0,1,0,1,0,0,0
1,1,0,0,1.5730873906391682,1,1,0,1,0,1,1,1,1,1.3943573157268445,2.343687139027441,1.4064992176997557,1,0,0,1,0,1,0,0,0,0,1,0
0,1,1,0,-1.0373874780907992,1,1,0,0,0,0,0,1,1,0.6540099469780892,-0.7222719414682385,0.9106275264251822,1,0,0,0,0,1,0,0,0,0,0,1
0,0,0,0,-0.38476876090830736,1,0,0,0,0,0,0,0,1,-1.5054751870351342,-0.7964340168849887,-1.4630343229418559,0,1,1,0,1,0,0,1,0,0,0,0
0,1,1,0,1.1652006924001108,1,1,0,1,1,0,1,1,1,1.3144996220191139,1.8083138633374547,1.3279845050086518,1,0,1,0,1,0,0,0,0,0,1,1
1,0,0,0,-0.6295007798517418,1,0,0,0,0,0,0,0,1,0.19649191011088085,-0.47609779898117066,0.20114433594607917,1,0,0,0,0,1,0,1,0,0,0,0
0,0,1,0,-1.2821194970342338,1,0,0,0,0,0,1,0,1,0.4809849439446721,-0.9716762543512357,0.4778830245246814,1,0,0,0,0,0,0,0,0,0,0,1
1,1,1,0,0.2270612864502788,1,1,0,1,1,0,1,1,1,1.2546063517383153,0.7554101579540452,1.3447301174281574,1,0,0,0,0,1,0,0,1,0,0,0
1,0,0,0,-0.5479234402039304,1,0,0,0,0,1,0,1,1,0.7588231699694862,-0.24803018986992578,0.8586712736057338,1,0,1,0,1,0,0,1,0,0,0,0
1,0,0,0,-0.8742327987951762,1,0,0,1,1,1,0,0,1,-0.13292107643350912,-0.7039676425579708,-0.07755276469105435,0,0,0,0,0,1,0,0,0,0,0,0
1,0,1,1,-0.30319142126049586,1,1,0,0,0,0,0,0,1,-1.314149462527029,-0.7662198380114978,-1.4270071389176837,0,1,0,0,0,0,0,0,1,0,0,0
1,1,0,0,0.2678499562741845,1,1,0,1,0,0,0,1,0,0.8586452871041499,0.49350266850449065,0.7486305945573631,1,0,0,0,0,1,0,0,1,0,0,0
1,0,0,0,-1.1597534875625164,1,0,0,0,0,0,0,0,0,-1.5038114850828896,-0.9547782881303524,-1.1759206353642118,0,1,1,0,0,0,1,0,0,0,0,0
0,0,1,0,-1.2413308272103278,1,0,0,0,1,0,1,1,0,0.13659863983008275,-0.9415939191673746,0.2972571738955341,0,0,0,0,1,0,0,0,0,0,0,0
1,0,1,0,1.1652006924001108,1,1,1,0,1,1,1,0,0,1.1481294267946744,1.6055602426351272,1.0773250488866566,1,0,0,0,0,0,0,0,0,0,1,0
0,0,1,0,-0.3439800910844016,1,0,0,1,0,0,1,1,1,0.1515719574002824,-0.29720788610183313,0.07692954034904674,0,0,0,0,0,0,0,1,0,0,0,0
1,0,1,1,0.8388913338088649,1,1,1,1,0,1,0,0,0,-0.024780449537623282,0.5279138714978628,0.031399183952718956,0,0,1,0,0,0,0,0,0,1,0,0
1,0,1,0,1.613876060463074,1,1,1,1,1,1,1,1,1,0.7920972090143741,1.7629156862082678,0.7487757694157452,0,0,0,1,1,0,0,0,0,0,1,0
0,0,0,1,-0.26240275143659014,0,0,0,0,1,0,0,0,1,-1.1677436907295222,-0.6608987039455766,-1.1494067490333277,0,0,0,0,0,0,1,0,1,0,0,0
0,0,1,1,1.5730873906391682,1,0,0,0,0,0,0,0,0,-1.4988203792261565,-0.4236459844567906,-1.5328311545295985,0,1,0,1,0,0,0,0,0,0,1,0
0,1,1,0,0.7165253243371477,1,0,0,0,0,0,0,0,1,0.2048104198721028,0.5073902038121606,0.1314459572537674,1,0,0,0,0,1,0,0,0,1,0,1
1,0,1,0,-1.2005421573864221,0,0,0,0,0,0,0,1,1,-0.989727581839372,-0.9627108834564108,-1.0499796752925126,0,0,0,0,0,1,0,0,0,0,0,1
0,0,0,0,0.8388913338088649,0,0,1,1,1,1,1,0,1,-0.37582156146119056,0.25879892701521356,-0.3515201154509808,0,0,1,0,0,1,0,0,0,1,0,0
0,0,0,0,1.450721381167451,1,0,0,0,0,0,0,0,0,-1.492165571417179,-0.3970355330998469,-1.4760051907672507,0,1,0,1,0,0,0,0,0,0,1,0
0,1,1,0,1.124412022576205,1,1,1,1,1,1,1,1,1,1.7021421768920575,2.0372384564312926,1.6737145353107419,1,0,0,1,0,0,0,0,0,1,0,0
1,0,1,0,-1.2821194970342338,1,0,0,0,0,1,1,0,1,0.6623284567393112,-0.9692810939896279,0.6585088751538292,1,0,0,0,0,1,0,0,0,0,0,1
0,0,1,1,1.0836233527522994,1,0,0,1,0,1,1,1,1,0.3678532111920536,0.989718368374433,0.39963335575578035,0,0,0,1,1,0,0,0,0,1,0,0
1,0,0,0,-1.0373874780907992,0,0,1,0,1,0,0,0,0,-0.9847364759826389,-0.890174880211761,-0.8982350222737921,0,0,1,0,0,0,1,0,0,0,0,0
0,0,0,0,-0.1400367419648729,1,0,1,1,1,0,0,1,1,0.13160753397334937,-0.14055560887338486,0.10000300231318099,0,0,0,0,0,0,0,0,1,0,0,1
0,0,0,0,-1.2005421573864221,1,0,0,0,0,0,0,0,0,-1.5337581202232888,-0.9819380881940868,-1.533305728199253,0,1,0,0,0,0,1,0,0,0,0,0
1,0,0,0,1.4099327113435454,1,0,1,0,1,0,0,1,0,0.02180320512521947,0.9102605714242199,0.005530224947047624,0,0,0,1,0,0,0,0,0,0,1,0
0,0,0,0,0.18627261662637304,1,0,0,0,0,0,0,0,0,-1.4988203792261565,-0.6618875316177999,-1.449479449061914,0,1,0,1,0,0,1,0,1,0,0,0
0,0,1,1,1.5322987208152625,1,1,1,1,1,1,1,1,1,1.6023200597573939,2.4517330426790447,1.5737350889380337,1,0,0,1,1,0,0,0,0,0,1,0
1,0,0,0,-0.9558101384429878,1,0,0,0,0,0,0,0,1,-0.6819427206741592,-0.8535443084429543,-0.8699061972952584,0,0,0,0,0,0,1,0,0,0,0,0
0,1,0,0,1.3691440415196396,1,1,0,1,1,0,1,1,0,1.4376135664851988,2.1746635289220655,1.4829501361016602,1,0,1,0,0,0,0,0,0,0,1,0
0,0,1,0,-0.8742327987951762,1,1,0,1,0,0,1,1,1,1.2346419283113828,-0.5031916772000902,1.2989096182935342,1,0,0,0,0,1,0,0,0,0,0,1
0,1,1,0,0.3086386260980903,0,0,0,1,0,0,1,0,1,-0.8516403198030874,-0.286946052258982,-0.7952806547264574,0,0,0,0,0,1,0,0,1,0,0,1
1,0,0,0,-0.4255574307322131,1,0,0,1,0,0,1,1,1,0.9418303847163696,-0.05846093813057616,1.0979464116719475,1,0,0,0,0,0,1,1,0,0,0,0
0,0,1,1,1.3691440415196396,1,0,1,0,0,0,1,0,1,-0.17118622133513015,0.7499606187826812,-0.1449422257820513,0,0,0,1,0,1,0,0,0,0,1,0
1,1,1,0,-0.6295007798517418,1,1,0,0,0,0,1,1,1,0.99506884718819,-0.31924775621827767,0.8969388970852353,1,0,0,0,0,1,0,1,0,0,0,0
1,0,1,1,1.613876060463074,1,1,0,1,1,0,1,1,1,1.281225582974226,2.2335756842383043,1.2417453278542918,1,0,0,1,0,1,0,0,0,0,1,1
1,0,0,0,1.002046013104488,0,0,1,0,1,0,1,1,1,-0.37083045560445743,0.39802586326425954,-0.2936652532552878,0,0,0,0,0,1,0,0,0,1,0,0
0,0,1,1,1.5730873906391682,1,0,0,0,0,0,0,0,0,-1.4771922538469795,-0.3469129570922595,-1.4513289616885359,0,1,0,1,0,0,0,0,0,0,1,0
0,0,1,1,1.613876060463074,1,1,1,1,1,1,0,1,0,0.530896002512004,1.553306193645192,0.5292306637644406,0,0,0,1,0,0,0,0,0,0,1,0
1,0,0,0,-0.9558101384429878,1,1,0,0,0,0,1,0,1,0.6806291782139994,-0.673160167081146,0.6415694477757645,1,0,0,0,0,1,0,0,0,0,0,1
0,1,0,0,-1.2821194970342338,1,1,0,0,0,0,0,1,1,0.6706469665005331,-0.9691712242482698,0.6667944646322305,1,0,0,0,0,1,0,0,0,0,0,1
0,0,0,0,0.18627261662637304,1,1,0,0,0,1,1,1,0,1.1780760619350734,0.5498218979246776,1.02020844611366,1,0,0,0,1,0,0,0,1,0,0,0
0,0,1,0,1.4915100509913568,1,0,0,1,0,0,1,1,1,1.023351780376345,1.957385128412191,1.0874382319197617,1,0,1,0,1,0,0,0,0,0,1,0
0,1,1,0,0.7165253243371477,1,1,0,1,0,0,1,0,1,0.7704690836351967,0.912809549423729,0.7429224607597816,1,0,0,0,0,1,0,0,0,1,0,1
0,0,1,1,1.287566701871828,1,1,0,1,0,0,0,0,1,-0.3675030516999686,0.48761365036769383,-0.39135298916097166,0,0,1,0,0,0,0,0,0,0,1,0
1,1,1,0,0.3086386260980903,1,1,1,0,0,0,1,1,0,1.2296508224546494,0.7892939861888983,1.2337773526392293,1,0,0,0,0,1,0,0,1,0,0,1
0,0,1,0,1.613876060463074,1,1,0,0,0,0,0,0,0,-1.327459078144984,-0.19386440738035854,-1.300756850172124,0,1,0,1,1,0,0,0,0,0,1,0
0,1,1,0,-1.2005421573864221,1,0,0,1,0,0,0,0,1,0.3229332584814547,-0.9014914635716503,0.48893047716255006,1,0,0,0,0,0,0,0,0,0,0,0
1,1,1,0,-0.2216140816126844,1,1,0,1,1,1,1,1,1,0.6623284567393112,0.008449734356536332,0.6829973951677708,0,0,0,0,0,0,0,0,1,0,0,0
0,0,0,0,-0.8334441289712705,1,0,1,0,0,1,1,1,1,1.1314924072722305,-0.5139149639566454,0.9439474326847532,1,0,0,0,0,0,0,0,0,0,0,1
1,0,1,1,0.6349479846893362,1,1,1,1,1,1,1,1,0,1.560727510951284,1.3858207599188301,1.6066910210883745,1,0,0,1,1,0,0,0,1,0,0,0
1,0,1,1,-0.4255574307322131,1,1,0,0,1,0,1,0,1,0.7937609109666184,-0.17806513857305675,0.6879603795725101,1,0,0,0,0,1,0,1,0,0,0,0
1,1,0,0,-0.9558101384429878,1,1,0,1,0,0,1,1,1,1.1497931287469187,-0.6024919494395847,1.2337129091655084,1,0,0,0,1,0,0,0,0,0,0,1
0,0,1,1,0.6349479846893362,1,0,0,0,0,0,0,0,0,-1.4871744655604457,-0.5550941430176795,-1.4426820932792392,0,1,0,1,0,0,0,0,1,0,0,0
1,1,1,0,0.18627261662637304,1,0,0,0,0,0,0,0,1,0.24473926672596835,0.125307191265063,0.1549689697177995,1,0,0,0,0,0,0,0,1,0,0,0
1,0,0,0,0.512581975217619,1,1,0,1,0,0,1,1,1,1.1963767834097616,1.076581385892185,1.33903195764652,1,0,0,0,1,0,0,0,1,0,0,1
0,0,1,0,1.4915100509913568,1,1,0,0,1,1,1,1,0,1.346109959111757,2.1755644608012017,1.325895095488011,1,0,0,1,0,0,0,0,0,0,1,0
0,0,0,0,-0.05845940231706142,1,0,1,0,1,1,0,0,0,0.7554957660649971,0.19070166132143312,0.7605552642781389,1,0,0,0,0,1,0,0,1,0,0,0
1,1,1,1,1.3691440415196396,1,1,1,1,1,1,1,1,1,1.7087969847010351,2.4487445857141026,1.7961203105383234,1,0,1,0,0,1,0,0,0,0,1,0
1,0,1,0,1.5730873906391682,1,1,1,1,1,0,1,1,1,1.4875246250525305,2.4451848060940984,1.5143052396736585,1,0,1,0,0,1,0,0,0,0,1,0
0,0,0,1,1.4099327113435454,1,1,0,1,0,1,1,1,1,1.3011900064011586,2.0869655013699915,1.3299878863452204,1,0,0,1,0,1,0,0,0,0,1,0
0,0,0,0,-1.2821194970342338,1,0,0,0,1,0,1,1,0,0.9817592315702351,-0.9650620959214751,0.9766755111244382,1,0,0,0,0,1,0,0,0,0,0,1
0,0,0,0,0.8388913338088649,1,0,0,0,0,0,0,0,0,-1.5370855241277774,-0.5645649147227518,-1.5230712013215297,0,1,0,1,0,0,1,0,0,1,0,0
1,0,0,0,-0.46634610055611886,0,0,1,0,0,1,1,0,1,-0.710225653862314,-0.5620159367232429,-0.5556061697479036,0,0,0,0,0,0,1,1,0,0,0,0
1,0,1,1,1.3283553716957337,1,1,1,1,0,0,0,1,1,0.154899361304771,0.953153718450441,0.12167915931784291,0,0,0,1,0,0,1,0,0,0,1,0
0,0,0,0,0.7573139941610534,1,0,0,0,0,0,1,1,0,0.7538320641127528,0.9605149911214369,0.7567012335998236,1,0,1,0,1,0,0,0,0,1,0,0
0,0,0,0,-1.2821194970342338,0,0,0,0,0,0,1,0,1,-1.0047008994095714,-0.9912989901578011,-1.0019232563177851,0,0,0,0,0,1,0,0,0,0,0,1
0,1,0,0,-0.46634610055611886,1,1,0,0,0,0,1,1,1,0.9767681257135017,-0.13912730223572894,0.9630240160790722,1,0,0,0,0,1,0,1,0,0,0,1
1,0,1,1,0.0639066071546558,1,1,0,1,0,0,1,1,1,1.091563560418365,0.49207436186683473,1.1720204677681574,1,0,0,0,0,0,0,0,1,0,0,0
0,0,0,0,-1.2821194970342338,1,0,0,0,0,0,1,0,1,0.5109315790850714,-0.9712807232823464,0.5077111466469262,1,0,0,0,0,1,0,0,0,0,0,1
1,0,0,0,-0.26240275143659014,0,0,0,0,1,1,0,0,0,-0.9697631584124393,-0.5571816681034844,-0.8485761156636815,0,0,0,0,0,1,0,0,1,0,0,0
1,0,0,0,-1.2821194970342338,0,0,0,0,0,0,0,0,0,-1.3474235015719167,-0.9958256235017567,-1.3432895428279175,0,0,0,0,0,0,1,0,0,0,0,0
1,0,1,1,1.613876060463074,0,0,1,1,1,1,1,1,1,-0.0031523241584464423,1.0676819368421753,0.020587531895918016,0,0,0,1,1,0,0,0,0,0,1,0
0,1,0,0,1.0836233527522994,1,1,0,0,1,0,1,1,1,1.151456830699163,1.5819821961396687,1.1566553666417105,1,0,1,0,0,1,0,0,0,1,0,0
0,0,0,1,0.4717933053937132,1,1,0,1,0,0,1,1,1,0.421091673663874,0.5189265266547662,0.46259234575999564,0,0,1,0,0,0,1,0,1,0,0,0
0,0,0,0,-1.1597534875625164,1,0,0,1,1,1,1,1,1,1.3560921708252238,-0.8114641975027833,1.5260100935424419,1,0,1,0,0,1,0,0,0,0,0,1
1,0,0,1,1.613876060463074,0,0,1,1,1,1,1,1,0,0.07670536954928465,1.046564972553139,-0.0015303889061474179,0,0,0,1,1,0,0,0,0,0,1,0
1,0,1,0,0.10469527697856156,0,0,1,0,1,0,1,1,0,-0.3907948790313902,-0.15795897590451555,-0.32354653605187994,0,0,1,0,1,0,0,0,1,0,0,0
0,0,1,1,-0.05845940231706142,1,1,0,1,0,1,1,1,0,0.5209137907985377,0.07966730070488813,0.49044504728225735,0,0,0,1,0,0,0,0,1,0,0,0
0,0,0,0,-0.7110781194995532,0,0,0,1,0,0,0,1,1,-0.8682773393255313,-0.7415430941024577,-0.8196402877929572,0,0,0,1,0,0,1,1,0,0,0,0
1,0,0,0,-1.2821194970342338,1,0,0,0,0,0,0,0,1,-0.6403501718680493,-0.9864866954863141,-0.6390144371638096,0,0,0,0,0,1,0,0,0,0,0,1
0,0,0,0,-0.8334441289712705,1,0,0,0,0,0,0,0,0,-1.4805196577514683,-0.8893838180739825,-1.4156503576059551,0,1,0,0,0,0,1,0,0,0,0,0
1,0,0,0,1.2467780320479223,1,0,1,1,1,1,1,1,1,0.7255491309245983,1.3268646567060476,0.6412011993545019,0,0,0,1,0,0,0,0,0,0,1,0
0,0,0,0,0.2678499562741845,1,0,1,0,0,0,0,0,1,-0.5671472859692959,-0.177515789866266,-0.5488927177602756,0,0,1,0,0,1,0,0,1,0,0,0
0,0,1,1,-0.7518667893234591,1,1,0,0,0,1,1,0,1,0.8902556241967934,-0.43478677623050677,0.9279088987658477,1,0,0,0,0,1,0,1,0,0,0,1
1,0,1,1,-0.09924807214096716,1,1,0,1,0,1,0,0,1,0.6207359079332013,0.12299992669654189,0.6874532010650443,1,0,0,0,0,0,0,0,1,0,0,0
0,0,1,1,1.450721381167451,1,1,0,1,1,0,0,0,1,0.6490188411213563,1.5190268343414495,0.6489317084920303,1,0,0,1,1,0,0,0,0,0,1,0
0,0,0,0,-0.8742327987951762,1,1,0,0,0,0,0,0,0,0.344561383860632,-0.616005927626637,0.5254875022551323,1,0,0,0,0,1,0,0,0,0,0,0
1,0,1,1,1.450721381167451,1,0,1,1,1,0,1,1,1,1.2762344771174927,2.102501082798033,1.2960118773743503,1,0,0,1,1,0,0,0,0,0,1,0
0,1,0,0,-1.2413308272103278,1,1,0,0,0,0,0,1,1,0.6373729274556452,-0.9247838487395778,0.9311047689932312,1,0,0,0,0,1,0,0,0,0,0,0
1,0,1,0,1.613876060463074,1,0,0,0,0,0,0,0,0,-1.4705374460380018,-0.350802345936338,-1.4651337392130739,0,1,0,1,0,0,0,0,0,0,1,0
0,0,1,1,1.613876060463074,0,0,1,1,1,1,0,1,0,-0.3076097814191705,0.6986514495684257,-0.365935217271501,0,0,0,1,1,0,0,0,0,0,1,0
0,0,1,0,1.287566701871828,1,0,1,0,1,0,1,1,1,1.1348198111767192,1.795481077546823,1.1497407613545445,1,0,0,1,0,0,0,0,0,0,1,0
0,0,0,0,-1.078176147914705,0,0,0,0,1,0,1,1,1,-0.563819882064807,-0.8724638779048275,-0.4666741760130631,0,0,0,0,0,1,0,0,0,0,0,1
1,0,1,1,-1.1597534875625164,1,0,0,0,0,0,0,0,0,-1.5320944182710443,-0.9695447813688877,-1.4543164418384946,0,1,0,0,0,0,1,0,0,0,0,0
0,0,1,1,1.5730873906391682,1,1,0,0,0,0,0,0,0,-1.3374412898584502,-0.21085026939432835,-1.3068096094342805,0,1,0,1,0,0,0,0,0,0,1,0
1,1,1,0,-0.7518667893234591,1,1,0,0,0,0,0,0,1,0.3395702780038986,-0.5612029006371926,0.24695180920524032,1,0,0,0,0,1,0,1,0,0,0,0
0,1,1,1,1.3691440415196396,1,1,1,1,0,1,1,1,1,1.5207986640974185,2.162467987631311,1.4690152810698034,1,0,1,0,1,0,0,0,0,0,1,0
0,0,0,0,-1.1597534875625164,1,1,0,1,0,0,0,0,1,0.5125952810373157,-0.864069829665065,0.5342250329778101,1,0,0,0,0,0,1,0,0,0,0,0
1,0,0,0,1.5730873906391682,1,1,0,0,1,1,0,0,1,0.715566919211132,1.7059152643916604,0.7290880936966052,1,0,0,1,1,0,0,0,0,0,1,0
0,0,0,0,-1.2413308272103278,1,1,0,0,0,1,0,0,1,-0.35086603217752466,-0.9551078973544268,-0.21230657902614422,0,0,0,0,0,0,1,0,0,0,0,0
1,0,1,0,-1.1189648177386107,1,0,0,0,1,0,1,1,1,0.9834229335224794,-0.7876444375763368,1.1496786194334567,1,0,0,0,0,1,0,0,0,0,0,1
0,1,1,0,1.2059893622240165,1,1,0,1,1,0,1,0,1,1.099882070179587,1.602439941980556,1.0214444220157997,1,0,1,0,1,0,0,0,0,0,1,0
0,0,0,0,-1.2413308272103278,1,0,0,0,1,0,0,0,1,0.36286210533532026,-0.9359026665650225,0.5118539413861267,1,0,0,0,0,1,0,0,0,0,0,1
1,0,1,1,-1.1597534875625164,1,1,0,0,0,0,0,0,1,-0.4656614668823879,-0.9074024556567188,-0.282734089592555,0,0,0,0,0,1,0,0,0,0,0,1
1,0,0,0,0.8796800036327707,1,1,1,1,0,1,1,1,1,1.4342861625807102,1.5251355919609624,1.3836207039876944,1,0,0,1,1,0,0,0,0,1,0,0
0,0,0,0,-0.8742327987951762,1,0,0,1,0,0,0,0,0,-0.45900665907341026,-0.7731196577687895,-0.5516391299370327,0,0,0,0,0,1,0,0,0,0,0,0
1,1,0,0,-1.2005421573864221,1,0,0,0,0,0,1,0,1,0.4992856654193608,-0.8918888481769481,0.7303173172999732,1,0,0,0,0,1,0,0,0,0,0,1
0,0,1,0,1.613876060463074,1,1,1,1,1,1,0,0,1,0.9767681257135017,2.003772133213601,1.0010489535067353,1,0,0,1,0,0,0,0,0,0,1,0
0,0,0,0,-1.2821194970342338,1,0,0,0,1,0,0,0,0,0.3462250858128763,-0.9734561441612376,0.3436564749745809,1,0,0,0,0,1,0,0,0,0,0,1
1,0,0,1,-0.2216140816126844,1,1,0,0,0,0,0,0,1,-1.2991761449568293,-0.6599977720664398,-1.1840221006319822,0,1,0,1,1,0,0,0,1,0,0,0
0,0,1,1,0.9204686734566764,1,0,0,0,0,0,0,0,0,-1.522112206557578,-0.5679049548600397,-1.5505196680368045,0,1,1,0,1,0,0,0,0,1,0,0
1,0,0,0,-0.7110781194995532,1,1,1,0,0,0,1,1,1,1.1581116385081407,-0.31799524116679484,1.309756208156169,1,0,0,0,0,1,0,1,0,0,0,0
1,0,0,0,-0.30319142126049586,1,1,0,0,0,0,0,0,0,-1.3174768664315177,-0.7093073119879769,-1.2553297249252096,0,1,1,0,0,0,0,0,1,0,0,1
1,0,1,0,0.8796800036327707,1,1,0,1,1,0,1,1,1,1.3111722181146248,1.3130869911397356,1.0874875985559451,1,0,0,0,0,1,0,0,0,1,0,1
0,0,1,0,1.0836233527522994,1,0,0,0,0,0,0,0,0,-1.4821833597037126,-0.449729061055215,-1.4402449830972097,0,1,1,0,0,0,1,0,0,1,0,0
1,1,1,0,-0.2216140816126844,1,1,0,1,1,0,0,1,1,1.020024376471856,0.09663118877058623,0.9292942142553579,1,0,0,0,0,1,0,0,1,0,0,1
1,0,0,0,-1.2005421573864221,1,0,0,0,0,0,0,0,1,-0.7185441636235359,-0.9522073361825717,-0.7859455572474586,0,0,0,0,0,1,0,0,0,0,0,1
0,0,1,1,1.5322987208152625,1,1,1,1,0,0,1,0,1,0.14325344763906042,1.1347464269671892,0.1549107466566002,0,0,0,1,1,0,0,0,0,0,1,0
1,0,1,0,1.1652006924001108,1,0,1,1,0,1,1,1,1,0.5375508103209816,1.0799433999777444,0.4275175068428585,0,0,0,1,0,0,1,0,0,0,1,0
0,0,1,0,1.5322987208152625,1,1,0,0,1,1,1,1,1,1.3111722181146248,2.152645632753892,1.2515203506794055,1,0,0,1,0,0,0,0,0,0,1,0
0,0,1,0,1.0428346829283937,1,1,1,0,1,1,1,1,1,0.6456914372168673,1.1541054753944946,0.6573660352257735,0,0,0,1,0,1,0,0,0,1,0,0
1,0,1,1,0.5941593148654305,1,1,1,1,1,1,1,1,1,0.8519904792951721,0.891275080117532,0.8931497176166401,0,0,0,1,0,0,1,0,1,0,0,0
1,0,0,1,0.7981026639849592,1,0,0,0,0,0,0,0,0,-1.5054751870351342,-0.5985366387506914,-1.5602445165546708,0,1,1,0,1,0,0,0,0,1,0,0
1,0,0,0,0.2678499562741845,0,0,1,1,0,1,1,0,1,-0.5305458430199191,-0.17995489812441698,-0.5536091302325966,0,0,0,0,1,0,0,0,1,0,0,1
1,0,0,1,0.3086386260980903,1,0,0,0,0,0,0,0,1,-1.4805196577514683,-0.6308383427099871,-1.4436280314113568,0,1,1,0,0,0,0,0,1,0,0,0
1,1,0,0,-1.2821194970342338,1,0,0,0,0,0,1,0,1,0.47266643418345017,-0.9717861240925939,0.4695974350462801,1,0,0,0,0,1,0,0,0,0,0,1
1,0,0,0,1.613876060463074,1,0,1,1,1,1,1,0,1,0.3395702780038986,1.338664666927913,0.30441500258381954,0,0,0,1,0,0,0,0,0,0,1,0
0,0,1,1,-1.1597534875625164,1,1,0,1,0,0,1,1,1,1.099882070179587,-0.8375692480494795,1.0338460785254067,1,0,0,0,0,1,0,0,0,0,0,1
1,1,0,0,-1.2413308272103278,1,0,0,0,0,0,0,0,1,-0.6902612304353811,-0.9658311841109821,-0.6166433455721261,0,0,0,0,0,1,0,0,0,0,0,1
1,1,0,0,0.9204686734566764,1,1,1,1,1,1,1,1,1,1.717115494462257,1.798447560563493,1.6940870422888477,1,0,0,0,0,1,0,0,0,1,0,0
0,1,1,0,1.450721381167451,1,1,0,1,0,0,0,1,1,0.8220438441547729,1.6864023983264533,0.8345532821890378,1,0,0,0,0,0,0,0,0,0,1,1
0,0,1,0,0.6757366545132419,1,0,0,0,0,0,0,0,1,-1.492165571417179,-0.6008658772674842,-1.5276016353066393,0,1,1,0,0,0,0,0,0,1,0,0
1,0,0,0,0.9612573432805821,1,0,0,1,0,1,1,1,1,0.36119840338307596,0.8764646389824532,0.38381199255383247,0,0,1,0,0,0,0,0,0,1,0,0
0,0,0,0,1.5322987208152625,1,0,0,0,0,0,0,0,0,-1.5038114850828896,-0.4169878781304867,-1.5168134596184355,0,1,1,0,0,0,0,0,0,0,1,0
1,0,0,0,-0.05845940231706142,0,0,0,0,1,0,1,1,1,-0.4939444000705427,-0.3370466543182978,-0.52328346154614,0,0,1,0,0,1,0,0,1,0,0,0
0,0,0,0,-0.38476876090830736,1,0,0,0,0,0,0,0,1,-1.5104662928918673,-0.7999059007119061,-1.4744180023991373,0,1,0,0,0,0,1,1,0,0,0,0
0,0,0,0,1.287566701871828,1,1,0,0,0,0,0,0,1,-1.3474235015719167,-0.30285519080764195,-1.3227827088688744,0,1,1,0,0,0,0,0,0,0,1,0
0,1,0,0,-0.4255574307322131,1,0,1,1,0,0,0,0,0,0.559178935700159,-0.20630166210210094,0.5911696297566407,1,0,0,0,0,1,0,1,0,0,0,0
1,0,0,0,-1.1597534875625164,1,0,0,0,0,0,0,0,0,-1.5021477831306453,-0.9721377072649399,-1.503201419761062,0,1,0,0,0,0,1,0,0,0,0,0
0,0,0,0,-1.2821194970342338,1,1,0,0,0,0,0,1,1,0.6689832645482888,-0.9691931981965415,0.6651373467365502,1,0,0,0,0,1,0,0,0,0,0,1
0,0,1,1,0.7165253243371477,1,0,0,0,0,0,0,0,0,-1.4755285518947352,-0.536196547504078,-1.4425509047791647,0,1,0,1,1,0,0,0,0,1,0,0
0,0,0,0,1.4915100509913568,1,1,0,0,0,0,0,0,0,-1.340768693762939,-0.2690812323141471,-1.345955341181838,0,1,0,1,1,0,0,0,0,0,1,0
1,0,1,0,1.613876060463074,1,0,0,0,0,0,0,0,0,-1.517121100700845,-0.43311675616186296,-1.551349900841105,0,1,0,1,1,0,0,0,0,0,1,0
1,0,1,1,-0.8334441289712705,1,0,0,0,0,0,0,0,0,-1.4588915323722913,-0.8913834473667007,-1.4282168349815303,0,1,0,1,0,0,0,0,0,0,0,0
1,0,1,0,-0.30319142126049586,1,0,0,0,0,0,0,0,1,-1.46221893627678,-0.7889409005243629,-1.4955455350830194,0,1,1,0,0,0,0,0,1,0,0,0
1,0,1,0,1.287566701871828,1,1,1,0,0,0,1,0,1,0.04176762855215248,0.9238624454043587,0.12269016057246715,0,0,1,0,1,0,0,0,0,0,1,0
0,0,1,1,-1.0373874780907992,1,0,0,0,0,0,0,0,0,-1.4788559557992238,-0.9402974562193485,-1.4382187251376006,0,1,0,0,0,0,1,0,0,0,0,0
0,0,0,1,0.4310046355698075,1,0,1,1,0,1,1,1,1,1.3677380844909344,0.9853016047718355,1.341318523425056,1,0,1,0,1,0,0,0,1,0,0,0
0,0,0,0,-1.2413308272103278,1,0,0,0,0,0,0,0,0,0.16155416911374865,-0.9430222258050305,0.24340084228592584,1,0,0,0,0,0,0,0,0,0,0,1
0,0,0,1,-0.8334441289712705,1,1,1,0,0,0,0,0,1,0.44604720294753997,-0.6069526609387256,0.3592610018255699,1,0,0,0,0,1,0,0,0,0,0,1
1,0,1,1,-0.8742327987951762,1,0,0,0,0,0,1,1,0,0.8553178831996607,-0.5581924697239793,0.9218399734855642,1,0,0,0,0,1,0,0,0,0,0,0
0,0,0,0,-0.30319142126049586,1,1,1,1,1,1,1,0,1,0.44771090489978427,-0.19883051968974683,0.28453050845670974,0,0,0,0,0,0,0,0,1,0,0,0
0,0,0,0,-1.2413308272103278,1,1,0,0,0,0,0,0,1,0.35454359557409826,-0.9334635583068716,0.6038239845963811,1,0,0,0,0,1,0,0,0,0,0,1
0,0,0,0,-1.2821194970342338,1,0,0,0,0,0,0,0,1,-1.508802590939623,-0.9979570964841047,-1.5040299787089022,0,1,0,0,0,0,1,0,0,0,0,0
1,0,0,0,-0.7926554591473648,1,0,0,0,0,1,0,0,1,-0.47730738054809874,-0.738137132120355,-0.5949096070172427,0,0,0,0,0,0,1,1,0,0,0,0
1,0,0,0,0.3086386260980903,1,1,0,0,0,0,0,0,1,-1.340768693762939,-0.5785183718752368,-1.3449880886709897,0,1,0,1,0,0,1,0,1,0,0,0
1,0,0,0,-1.0373874780907992,1,1,0,0,0,0,0,0,0,-1.377370136712316,-0.9305190492384732,-1.3328733731979272,0,1,0,0,0,0,1,0,0,0,0,0
1,0,0,0,-1.2821194970342338,1,0,0,0,0,0,0,0,0,-0.6752879128651815,-0.9869481484000183,-0.6738139129730948,0,0,0,0,0,0,1,0,0,0,0,0
1,0,1,0,-0.4255574307322131,1,0,1,0,0,1,0,0,1,-0.3558571380342578,-0.4999615068041605,-0.41545416832840065,0,0,0,0,0,1,0,1,0,0,0,1
1,0,0,0,-1.1189648177386107,1,0,0,0,1,1,0,0,0,-0.29097276189672655,-0.8784627657829824,-0.2200950331358414,0,0,0,0,0,1,0,0,0,0,0,0
0,0,1,0,-1.2821194970342338,1,0,0,0,0,0,1,0,0,-0.32258309898936993,-0.9822896713664329,-0.32250491908888096,0,0,0,0,0,0,1,0,0,0,0,1
1,0,0,0,-1.078176147914705,0,0,0,1,0,0,0,0,1,-1.1444518633981007,-0.9148296501725297,-0.9991613931583181,0,0,0,0,1,0,0,0,0,0,0,1
1,1,0,0,0.5941593148654305,1,1,0,0,0,0,1,0,1,0.703921005545421,0.6923009785179246,0.5738900889914335,1,0,0,0,1,0,0,0,1,0,0,0
1,0,1,1,-0.8334441289712705,1,1,0,0,0,0,0,0,1,-1.314149462527029,-0.8689919940779101,-1.2874999070066824,0,1,0,1,0,0,0,0,0,0,0,0
1,0,0,0,1.5322987208152625,1,1,1,0,0,1,1,1,1,1.3011900064011586,2.1797395109728117,1.2807092987561737,1,0,0,1,1,0,0,0,0,0,1,1
0,0,0,0,-0.38476876090830736,1,0,0,1,1,0,0,0,0,-0.3026186755624374,-0.42298676600864166,-0.2385682952424684,0,0,1,0,0,0,0,1,0,0,0,0
0,0,1,1,-0.5071347703800245,1,0,0,0,0,0,0,0,0,-1.5038114850828896,-0.8326910315331778,-1.4964072363887728,0,1,1,0,0,0,0,1,0,0,0,0
1,0,0,0,-1.0373874780907992,1,1,0,0,0,0,1,1,0,1.0017236549971675,-0.7184704484172464,0.9515820115612798,1,0,0,0,0,0,1,0,0,0,0,1
0,0,1,1,1.5322987208152625,1,1,0,0,0,0,0,0,0,-1.3374412898584502,-0.2656313224355012,-1.3537530586834985,0,1,0,1,0,0,0,0,0,0,1,0
0,0,0,0,0.10469527697856156,0,0,0,0,1,1,0,0,1,-1.0462934482156814,-0.489787568754396,-1.0385218886995236,0,0,0,0,0,0,1,0,1,0,0,0
0,0,0,0,0.023117937330750068,1,0,0,1,0,1,0,0,1,0.5009493673716051,0.17338619008338887,0.5444690345147427,1,0,1,0,0,0,0,0,1,0,0,0
1,0,0,0,-0.8742327987951762,1,0,0,1,0,0,0,0,0,0.33457917214716576,-0.6481538139480314,0.3050908221296589,1,0,0,0,0,1,0,0,0,0,0,1
1,1,1,1,1.613876060463074,1,0,1,0,1,1,1,1,1,1.3045174103056472,2.266558580594021,1.2762916328739595,1,0,0,1,1,0,0,0,0,0,1,0
1,0,1,0,-0.7518667893234591,1,1,0,0,0,0,1,0,1,0.7055847074976653,-0.4635506745180701,0.7729683755197436,1,0,0,0,0,1,0,1,0,0,0,1
1,0,0,0,-1.2821194970342338,1,0,0,0,0,0,0,0,1,-0.6686331050562041,-0.9868602526069318,-0.667185441390374,0,0,0,0,0,1,0,0,0,0,0,0
0,0,0,0,-0.09924807214096716,1,0,0,0,0,0,0,0,0,-1.5137936967963561,-0.7523103287555563,-1.5128679408191967,0,1,0,1,1,0,0,0,1,0,0,0
0,0,0,0,-0.8742327987951762,0,0,0,0,0,0,1,0,1,-0.968099456460195,-0.8469521239614654,-1.0578133235266376,0,0,0,0,0,0,1,0,0,0,0,0
1,0,0,0,-1.2821194970342338,1,0,0,0,0,0,0,0,1,0.1798548905884369,-0.9756535389884006,0.17794468540655553,1,0,0,0,0,1,0,0,0,0,0,1
0,0,0,0,-1.2821194970342338,1,0,0,0,0,0,0,0,1,-1.5187848026530892,-0.9980889401737346,-1.5139726860829836,0,1,0,0,0,0,0,0,0,0,0,0
0,0,0,0,-1.078176147914705,1,0,0,0,0,0,0,0,0,-1.5038114850828896,-0.9496144102865194,-1.4363643313019583,0,1,0,0,1,0,0,0,0,0,0,0
1,0,1,0,-0.05845940231706142,1,0,0,0,1,1,0,1,1,0.05008613831337445,-0.11888929587755798,0.007421908399458563,0,0,0,0,1,0,0,0,1,0,0,0
0,0,1,0,-0.6295007798517418,1,0,0,0,0,0,0,0,0,-1.5154573987486004,-0.8716288678705055,-1.5534510830094836,0,1,1,0,0,0,1,1,0,0,0,0
1,0,0,0,-0.1400367419648729,1,0,0,0,0,0,0,0,1,-1.500484081178401,-0.7550790462377815,-1.4980300690866115,0,1,1,0,0,0,1,0,1,0,0,0
0,0,1,1,0.9612573432805821,1,1,1,1,0,0,0,1,0,0.12828013006886077,0.6702391344532085,0.10609678807241875,0,0,1,0,0,0,0,0,0,1,0,0
1,0,0,0,-0.915021468619082,1,0,0,1,0,0,1,0,1,-0.17451362523961897,-0.7257438252951559,-0.034332117030084805,0,0,0,0,0,0,1,0,0,0,0,0
1,0,1,1,1.2059893622240165,1,1,1,1,0,0,1,0,1,1.0000599530449232,1.5388473356824597,0.9440944350787247,1,0,1,0,1,0,0,0,0,0,1,0
0,0,0,0,-1.2413308272103278,1,0,0,1,0,0,1,0,1,0.740522448494798,-0.9257946503600728,0.8929910573925852,1,0,0,0,0,0,0,0,0,0,0,1
1,0,0,1,-0.5479234402039304,0,0,0,0,0,0,0,0,1,-1.3158131644792732,-0.7577598679269204,-1.1644952435571532,0,0,0,0,1,0,0,1,0,0,0,0
1,0,0,0,-0.6702894496756475,1,1,0,1,0,0,0,0,1,0.5209137907985377,-0.4576836303295449,0.4350050989739552,1,0,0,0,0,0,1,1,0,0,0,0
1,0,0,0,-1.1189648177386107,1,0,0,0,0,0,0,0,0,-1.4722011479902464,-0.9654356530420928,-1.5318695593563303,0,1,0,0,0,0,0,0,0,0,0,0
1,0,0,0,-0.9558101384429878,1,0,0,0,0,0,0,1,1,0.5292323005597597,-0.6931564600083291,0.4740164161014277,1,0,0,0,0,1,0,0,0,0,0,1
0,0,1,1,1.613876060463074,1,1,1,1,1,1,1,1,1,1.7919820823132548,2.804810443507591,1.8400569503001794,1,0,0,1,0,0,0,0,0,0,1,0
1,1,1,0,-0.18082541178877864,1,1,0,1,0,1,1,1,1,1.3610832766819567,0.3110090281086058,1.396636532115405,1,0,0,0,0,1,0,0,1,0,0,0
1,1,1,0,0.512581975217619,1,1,0,0,0,0,0,0,0,-1.3374412898584502,-0.4904467872025449,-1.2870580089011676,0,1,1,0,1,0,0,0,1,0,0,0
1,0,1,1,0.4310046355698075,1,1,0,0,1,1,1,1,1,1.3111722181146248,0.9499455220027833,1.2793114840262299,1,0,1,0,1,0,0,0,1,0,0,0
1,0,1,0,-0.09924807214096716,1,1,0,0,0,0,1,1,1,0.970113317904524,0.25319557020594796,1.0147339854618944,1,0,0,0,1,0,0,0,1,0,0,1
0,0,0,0,0.349427295921996,1,1,1,0,1,1,0,1,1,0.32459696043369946,0.35172675425593575,0.3463644481211807,0,0,0,0,0,0,0,0,1,0,0,0
1,0,1,0,1.5322987208152625,1,1,1,0,1,1,0,1,0,0.41277316390265206,1.409794337483178,0.45122709951702483,0,0,0,1,1,0,0,0,0,0,1,0
1,1,0,0,-1.078176147914705,1,0,1,0,0,0,1,0,1,0.6739743704050222,-0.7852273032664575,0.6297854982953717,1,0,0,0,0,0,0,0,0,0,0,1
0,0,1,1,-0.3439800910844016,0,0,1,1,1,0,1,1,0,-0.24272540528163905,-0.4054515552878811,-0.2631939077393252,0,0,1,0,0,1,0,1,0,0,0,0
0,0,0,0,0.512581975217619,1,0,1,1,0,1,0,0,1,-0.07801891200944418,0.22243204262566638,-0.09238648064208321,0,0,1,0,1,0,0,0,1,0,0,0
1,0,0,0,-0.915021468619082,1,1,0,1,1,0,0,1,1,1.0100421647583897,-0.5575991731206453,1.2336944967444454,1,0,0,0,0,1,0,0,0,0,0,0
1,0,1,0,1.3691440415196396,0,0,1,1,1,1,1,0,1,-0.2759994443265269,0.6587247855588744,-0.24919000612848213,0,0,0,1,0,0,0,0,0,0,1,0
1,0,1,1,1.124412022576205,1,0,0,0,0,0,0,0,1,-1.46221893627678,-0.4481689107279293,-1.4501460284676992,0,1,0,1,0,0,0,0,0,1,0,0
0,0,0,0,-1.2413308272103278,1,0,0,0,0,0,0,0,0,-1.4905018694649346,-0.9890576474340947,-1.4924301534391404,0,1,0,0,0,0,1,0,0,0,0,0
1,1,1,0,-0.915021468619082,1,0,1,0,0,0,0,0,0,0.3462250858128763,-0.6899262896123994,0.23577809996579654,1,0,0,0,0,1,0,0,0,0,0,0
1,0,1,1,0.2270612864502788,1,1,0,1,1,0,1,1,0,0.46767532832671727,0.251481602240761,0.3446594673851247,0,0,1,0,1,0,0,0,1,0,0,0
0,0,0,0,-1.0373874780907992,1,0,0,0,0,0,0,0,1,0.16488157301823725,-0.7800194775260813,0.288498122161224,1,0,0,0,0,0,0,0,0,0,0,0
1,0,0,1,-0.7926554591473648,1,0,1,0,0,0,0,0,1,-0.42573262002852236,-0.7118123420909426,-0.44219981939993946,0,0,0,0,1,0,0,1,0,0,0,0
1,0,0,0,-0.2216140816126844,1,0,0,0,0,0,0,0,1,-1.5137936967963561,-0.8042787164179604,-1.587008622966669,0,1,0,0,1,0,0,0,1,0,0,0
1,0,0,0,0.023117937330750068,1,1,0,1,0,0,0,0,1,-0.3408838204640584,-0.2747285370199559,-0.47957960932184573,0,0,0,0,0,0,0,0,1,0,0,0
0,0,0,0,1.2467780320479223,1,1,0,0,0,0,0,0,0,-1.3540783093808941,-0.2953840483952878,-1.3006779397961397,0,1,0,1,0,0,1,0,0,0,1,0
1,0,0,0,-1.1597534875625164,0,0,1,1,0,1,0,0,0,-0.7484907987639349,-0.9422091897189802,-0.9389527762819354,0,0,0,0,0,0,1,0,0,0,0,0
0,0,0,0,-0.8334441289712705,1,1,0,0,0,1,1,1,1,0.36452580728756456,-0.6310361082444318,0.2079109006867735,0,0,1,0,0,0,1,0,0,0,0,0
0,0,0,1,-1.0373874780907992,1,0,0,0,0,0,0,0,1,0.2048104198721028,-0.7988291772465963,0.08585627663232438,1,0,0,0,0,1,0,0,0,0,0,0
0,0,1,0,-0.915021468619082,1,0,0,0,0,0,0,0,1,-1.4755285518947352,-0.8954706017452239,-1.314289979653513,0,1,0,0,0,0,1,0,0,0,0,0
1,0,1,0,0.18627261662637304,1,0,0,0,1,1,0,1,1,0.8469993734384388,0.4961615162453579,0.9108386649987633,1,0,0,0,0,1,0,0,1,0,0,0
0,0,1,1,-0.9965988082668935,1,0,1,1,0,0,0,0,0,-0.3408838204640584,-0.7946101791784435,-0.15410031294037527,0,0,0,0,0,0,1,0,0,0,0,0
0,0,1,0,0.0639066071546558,1,1,0,0,0,0,1,1,1,1.0898998584661208,0.40310184531500604,0.9746772218972942,1,0,0,0,0,1,0,0,1,0,0,1
1,0,1,0,-0.05845940231706142,1,1,0,0,1,1,1,1,1,0.4793212419924278,0.08511683987625233,0.5037019904476996,0,0,1,0,0,0,1,0,1,0,0,0
1,1,0,0,0.7981026639849592,1,1,0,0,0,0,0,0,1,0.26803109405738995,0.6765456576071662,0.2889397167652928,1,0,0,0,0,0,0,0,0,1,0,0
0,0,1,0,0.023117937330750068,1,0,0,1,0,1,0,0,1,-0.37083045560445743,-0.19030462776035456,-0.2866509137096174,0,0,1,0,1,0,0,0,1,0,0,0
1,0,0,0,-1.2005421573864221,1,0,0,0,0,0,0,0,0,-0.6470049796770267,-0.9442747408565135,-0.5865390371339351,0,0,0,0,0,0,1,0,0,0,0,0
1,1,0,0,0.4717933053937132,1,0,0,0,1,0,0,0,0,0.29797772919778875,0.3656802114084206,0.1999391592946755,1,0,0,0,0,1,0,0,1,0,0,0
1,0,0,0,-1.2821194970342338,1,0,0,0,0,0,0,0,1,-1.4855107636082014,-0.997649461208302,-1.4808303281693784,0,1,0,0,0,0,1,0,0,0,0,0
1,0,0,0,-0.26240275143659014,1,0,0,0,0,0,0,0,0,-0.6470049796770267,-0.4646054240351083,-0.5800592812598003,0,0,0,0,0,1,0,0,1,0,0,0
0,0,1,1,-1.0373874780907992,1,0,1,1,1,0,1,0,0,0.1515719574002824,-0.796895469798693,0.10668861589230488,0,0,1,0,0,1,0,0,0,0,0,0
1,1,1,0,-0.017670732493155674,1,1,0,0,0,0,0,0,1,0.33291547019492146,0.005724964770854127,0.23361348971456405,1,0,0,0,0,1,0,0,1,0,0,1
0,0,1,0,-0.5887121100278361,1,1,0,0,0,1,1,0,1,0.797088314871107,-0.3056898301346822,0.7843577731202132,1,0,0,0,0,1,0,1,0,0,0,0
1,0,1,0,0.349427295921996,1,1,0,0,1,0,1,1,1,0.26969479600963425,0.31241536079799004,0.27405752335600997,0,0,1,0,0,1,0,0,1,0,0,1
0,0,1,0,-0.1400367419648729,1,1,0,0,0,0,0,0,1,0.33457917214716576,-0.06208663959539506,0.3040570714674635,1,0,0,0,0,1,0,0,1,0,0,0
1,0,1,0,0.2270612864502788,1,1,0,0,1,1,0,1,0,0.13659863983008275,0.16661821401572688,0.17624395914519925,0,0,1,0,1,0,0,0,1,0,0,0
1,0,0,0,-1.2821194970342338,1,0,0,0,0,0,0,0,0,-1.4905018694649346,-0.9977153830531169,-1.4858016818564193,0,1,0,0,0,0,1,0,0,0,0,1
0,0,0,0,0.18627261662637304,1,1,0,1,1,0,1,1,1,1.2313145244068942,0.5515578398381363,1.0237466167557878,1,0,0,0,0,0,0,0,1,0,0,1
0,1,0,0,-1.1597534875625164,1,1,0,0,0,0,1,1,1,1.0166969725673674,-0.8324712920504614,1.1299589164748616,1,0,0,0,0,1,0,0,0,0,0,1
0,0,1,0,1.613876060463074,1,1,0,1,1,1,1,1,1,1.505825346527219,2.508755438443924,1.5299687640710118,1,0,0,1,0,1,0,0,0,0,1,0
0,0,1,1,1.613876060463074,1,1,0,1,0,1,1,1,1,0.46767532832671727,1.5117314835152684,0.4856852879501759,0,0,0,1,0,1,0,0,0,0,1,0
0,0,0,0,0.8796800036327707,1,0,0,0,0,0,0,0,1,-1.4771922538469795,-0.551380545759774,-1.5163049260843113,0,1,0,1,0,0,1,0,0,1,0,0
1,0,1,0,1.613876060463074,0,0,1,1,1,0,0,0,0,-0.7584730104774012,0.2951877853530324,-0.7885232961962948,0,0,0,1,0,0,0,0,0,0,1,0
0,0,0,0,-0.7926554591473648,1,0,0,1,1,0,0,0,1,0.5408782142254707,-0.5880330914768525,0.27584211185905066,1,0,0,0,0,1,0,1,0,0,0,1
1,1,0,0,-0.5887121100278361,1,1,0,0,0,0,1,1,1,1.0166969725673674,-0.23634004938941883,1.0749057774961506,1,0,0,0,0,1,0,1,0,0,0,1
0,0,1,0,-0.30319142126049586,1,1,0,1,0,0,0,0,0,-0.3591845419387466,-0.40314429071936,-0.3317847793046904,0,0,0,0,0,1,0,0,1,0,0,0
1,0,1,1,1.613876060463074,1,1,1,1,1,1,1,1,1,0.8553178831996607,1.8245086632136458,0.813288289715631,0,0,0,1,1,0,0,0,0,0,1,0
1,0,0,0,-0.7110781194995532,0,0,0,0,1,0,1,1,0,-0.4706525727391211,-0.7040994862476005,-0.6313916948436803,0,0,1,0,0,1,0,1,0,0,0,0
1,0,1,1,0.2678499562741845,1,1,0,0,1,0,1,1,0,1.168093850221607,0.6790946356066753,1.1075028444782715,1,0,1,0,0,1,0,0,1,0,0,0
1,0,1,0,1.5322987208152625,0,0,0,1,1,1,0,1,1,-0.4606703610256548,0.5910230509339833,-0.4308567563535742,0,0,1,0,0,0,0,0,0,0,1,0
1,0,0,0,-1.2821194970342338,1,0,0,0,0,0,0,1,0,0.4992856654193608,-0.9714345409202477,0.49611132137716457,1,0,0,0,0,1,0,0,0,0,0,1
1,0,0,0,-1.078176147914705,1,0,0,0,0,0,0,0,0,-0.6702968070084484,-0.8874720845743506,-0.6553094298046654,0,0,0,0,0,1,0,0,0,0,0,1
1,1,0,0,-0.9558101384429878,1,0,0,0,0,1,0,0,0,-0.5222273332586972,-0.809706281641053,-0.5025783970861354,0,0,0,0,0,0,1,0,0,0,0,0
0,0,0,0,-0.1400367419648729,1,0,0,0,0,0,0,0,0,-1.5154573987486004,-0.7421583646540633,-1.4644305752017843,0,1,0,0,1,0,0,0,1,0,0,0
0,0,1,1,-0.3439800910844016,1,0,1,0,0,1,0,0,0,-0.32424680094161445,-0.4265025977321024,-0.32934053040856215,0,0,0,0,0,1,0,1,0,0,0,0
1,0,0,0,0.349427295921996,1,1,0,1,1,0,1,1,1,1.32448183373258,0.9036024650979159,1.3614502029994624,1,0,0,0,0,1,0,0,1,0,0,1
0,0,1,1,-0.09924807214096716,1,0,0,0,1,0,0,1,0,0.7172306211633763,0.10887067795788415,0.6519356408342978,1,0,1,0,0,1,0,0,1,0,0,0
0,0,0,0,-0.30319142126049586,1,0,1,1,0,0,0,0,1,0.49762196346711607,-0.12084497727373304,0.5197749649274781,1,0,0,0,0,0,0,0,1,0,0,1
1,0,1,0,-0.05845940231706142,1,1,0,0,1,0,1,0,0,0.7904335070621298,0.17266104979042504,0.7166683677506069,1,0,0,0,1,0,0,0,1,0,0,0
1,0,1,0,-0.3439800910844016,1,0,0,0,0,0,0,0,0,-1.5021477831306453,-0.794214648109554,-1.4847659831716193,0,1,0,1,0,0,1,1,0,0,0,0
1,0,1,1,1.4915100509913568,1,1,0,0,0,0,0,0,1,-1.2941850391000962,-0.21700297491038467,-1.2890369438954292,0,1,0,1,0,0,0,0,0,0,1,0
1,1,0,0,-1.2821194970342338,1,0,0,0,0,0,0,0,1,0.15822676520926007,-0.9759392003159318,0.1564021527627125,1,0,0,0,0,1,0,0,0,0,0,1
1,1,0,0,-0.9558101384429878,1,1,0,0,1,0,1,1,1,1.184730869744051,-0.6028435326119309,1.23076692179541,1,0,0,0,0,1,0,0,0,0,0,1
1,0,1,1,-0.3439800910844016,1,1,1,0,0,0,1,1,0,0.32958806629043236,-0.20616981841247117,0.36298951709085087,0,0,1,0,0,0,1,1,0,0,0,0
0,1,0,0,-0.26240275143659014,1,1,1,1,0,0,0,1,1,1.0017236549971675,0.0909179622199625,1.0312329310745263,1,0,0,0,0,1,0,0,1,0,0,1
1,0,0,0,0.0639066071546558,1,0,0,0,0,0,0,0,0,-1.5038114850828896,-0.7096369212120514,-1.4934049286718933,0,1,0,0,0,0,1,0,1,0,0,0
1,1,1,0,1.613876060463074,1,1,1,1,1,1,0,0,1,0.9368392788596361,1.953363895878483,0.9482513361082562,1,0,0,1,0,0,0,0,0,0,1,0
0,0,0,0,0.7981026639849592,1,1,1,1,0,1,1,1,1,1.5424267894765957,1.5936064147753608,1.6189042986560562,1,0,1,0,1,0,0,0,0,1,0,1
1,0,1,1,0.5941593148654305,1,1,0,1,0,0,1,0,0,0.7421861504470423,0.7590358594188641,0.6809681113144316,1,0,0,0,0,1,0,0,1,0,0,0
1,0,1,1,-0.5479234402039304,0,0,1,1,0,0,0,0,1,-0.9963823896483495,-0.7383788455513429,-1.0875700865050488,0,0,0,0,0,0,1,1,0,0,0,0
1,0,1,0,0.7981026639849592,1,1,0,1,0,1,0,0,0,-0.1179477588633095,0.38640164462856746,-0.13184075813013174,0,0,0,0,0,0,0,0,0,1,0,0
1,0,0,0,-0.915021468619082,1,0,0,0,0,0,0,0,0,-0.6287042582023386,-0.7902813113689324,-0.5210276429913755,0,0,0,0,0,0,1,0,0,0,0,0
0,0,0,1,-1.1597534875625164,1,1,0,1,0,0,1,0,0,0.8220438441547729,-0.8458534265478839,0.8776627168575426,1,0,0,0,0,0,1,0,0,0,0,1
1,0,0,1,-0.6295007798517418,1,0,0,0,0,0,0,0,0,-0.6752879128651815,-0.7070879432125422,-0.8235393887239697,0,0,1,0,0,0,1,1,0,0,0,0
0,1,1,0,0.4717933053937132,1,0,1,1,0,1,0,0,1,0.6739743704050222,0.6065586323620256,0.6127874859411968,1,0,0,0,0,1,0,0,1,0,0,0
1,0,0,0,0.3086386260980903,0,0,1,1,1,0,1,1,0,-0.09465593153188812,0.0972244853739204,-0.07099585047201028,0,0,1,0,1,0,0,0,1,0,0,0
0,0,0,0,-1.078176147914705,1,0,0,0,0,0,0,0,0,0.18817340034965888,-0.8158370132088377,0.245057960181606,1,0,0,0,1,0,0,0,0,0,0,0
1,0,0,0,-0.8334441289712705,1,1,0,0,0,0,1,1,1,1.0366613959942999,-0.5019831100451505,1.0189320174642844,1,0,0,0,0,1,0,0,0,0,0,1
1,0,0,0,-1.2413308272103278,1,1,0,0,0,0,0,1,1,0.7022573035931767,-0.9338371154274894,0.5897384824830986,1,0,0,0,0,1,0,0,0,0,0,1
1,0,0,0,-0.915021468619082,1,0,1,0,1,0,1,1,1,1.1314924072722305,-0.5385257860208706,1.3775323300894915,1,0,1,0,0,1,0,0,0,0,0,0
1,0,0,0,-1.2005421573864221,0,0,0,1,0,0,0,0,1,-1.1743984985384996,-0.9716323064546925,-1.2742429638412403,0,0,0,0,0,1,0,0,0,0,0,1
1,0,0,0,-1.1597534875625164,1,0,0,0,0,0,0,1,1,-0.29929127165794855,-0.9017331770026383,-0.1758499853211786,0,0,0,0,0,1,0,0,0,0,0,0
1,0,0,0,0.7573139941610534,1,1,1,0,0,1,0,0,0,-0.16619511547839702,0.3310492689323321,-0.17407914364834376,0,0,1,0,1,0,0,0,0,1,0,0
1,0,0,0,-1.1189648177386107,1,1,0,0,1,0,1,0,1,0.9185385573849479,-0.8075967826069765,0.8487460095779221,1,0,0,0,0,1,0,0,0,0,0,1
0,0,1,0,0.3902159657459017,1,0,0,0,1,1,1,1,1,1.1348198111767192,0.8106966118054656,1.1109809710505232,1,0,0,1,1,0,0,0,1,0,0,0
0,0,0,0,-1.2821194970342338,1,0,0,0,0,0,0,0,0,-0.6519960855337601,-0.9866405131242154,-0.6506142624335715,0,0,0,0,0,0,1,0,0,0,0,0
1,0,0,0,0.512581975217619,1,1,1,0,1,1,1,1,1,1.4492594801509098,1.175332309424889,1.5045227981617881,1,0,0,0,1,0,0,0,1,0,0,0
0,0,1,1,0.0639066071546558,0,0,1,0,1,1,1,1,0,-0.12127516276779832,-0.13057943635806496,-0.20904108199642127,0,0,1,0,0,0,1,0,1,0,0,0
1,1,1,0,0.4310046355698075,1,1,0,1,1,0,1,1,1,1.2679159673562708,0.9334430868507892,1.2503697272900467,1,0,0,0,0,1,0,0,1,0,0,1
0,0,0,1,0.10469527697856156,1,1,0,0,0,0,0,0,0,-0.49061699616605386,-0.279057404829467,-0.5844715852831339,0,0,0,0,0,0,1,0,1,0,0,0
1,0,0,0,-1.2821194970342338,1,0,0,0,0,0,0,0,0,-1.4688737440857575,-0.9974297217255857,-1.464259149212576,0,1,0,0,1,0,0,0,0,0,0,0
0,0,0,0,-0.915021468619082,1,0,0,0,0,0,0,0,1,-1.4539004265155577,-0.9086989186047448,-1.4140484769734643,0,1,0,0,0,1,0,0,0,0,0,0
0,0,0,0,0.7981026639849592,1,1,0,0,1,1,1,1,1,0.534223406416493,0.8541830554350207,0.546557814239892,0,0,0,1,0,0,0,0,0,1,0,0
0,0,1,0,0.9612573432805821,1,0,1,1,1,0,1,1,1,1.354428468872979,1.6604951133142016,1.4396328232301085,1,0,1,0,1,0,0,0,0,1,0,0
1,1,0,0,-0.4255574307322131,1,1,0,0,0,1,1,0,1,0.8519904792951721,-0.1668803989027973,0.7263000617952942,1,0,0,0,0,0,0,1,0,0,0,1
0,0,1,1,-0.915021468619082,1,1,1,0,0,0,1,1,1,1.1764123599828291,-0.5386576297105005,1.3765380593520833,1,0,0,0,0,1,0,0,0,0,0,1
0,0,0,0,-0.30319142126049586,0,0,0,0,1,0,1,1,1,-0.5538376703513408,-0.43795102478162146,-0.4367797691749915,0,0,0,0,0,1,0,0,1,0,0,0
1,0,1,1,-0.7926554591473648,1,1,0,0,0,0,0,0,1,0.3162784506724775,-0.6124461480066331,0.13422226708206877,1,0,0,0,1,0,0,1,0,0,0,1
1,0,1,1,1.5730873906391682,1,1,1,0,0,0,1,1,1,1.074926540895921,2.030382584570545,1.0737219366207549,1,0,0,1,0,1,0,0,0,0,1,0
0,1,0,0,1.5730873906391682,1,1,1,1,1,1,1,1,0,0.8303623539159949,1.7592899847434489,0.785780197479807,0,0,0,1,0,0,1,0,0,0,1,0
1,0,1,1,-0.1400367419648729,1,0,1,0,0,0,1,1,0,0.9900777413314571,0.15769679101744533,0.8755913194879428,1,0,0,0,1,0,0,0,1,0,0,1
0,0,1,1,0.023117937330750068,1,0,0,0,1,0,1,1,1,0.9617948081433021,0.366603117235829,0.9860156301728178,1,0,1,0,0,1,0,0,1,0,0,1
0,0,0,0,1.1652006924001108,1,0,0,0,0,0,0,0,0,-1.5121299948441116,-0.4192511948024646,-1.4259009448076496,0,1,1,0,0,0,0,0,0,0,1,0
1,1,1,0,-0.017670732493155674,1,0,0,0,0,0,0,1,1,0.5125952810373157,0.08469933485909145,0.41972854337315285,1,0,0,0,1,0,0,0,1,0,0,1
1,1,1,0,-0.38476876090830736,1,0,1,1,0,0,0,1,1,0.8353534597727282,-0.11699953632619785,0.7647085176856855,1,0,0,0,0,1,0,1,0,0,0,0
1,0,1,1,0.5941593148654305,1,1,0,1,0,0,1,1,1,1.1464657248424297,1.0806026184258932,1.1969311599396408,1,0,0,0,0,1,0,0,1,0,0,1
1,0,0,0,-1.1597534875625164,1,1,0,0,0,0,0,0,0,-0.4373785336942332,-0.9181696903098173,-0.4857310318133861,0,0,0,0,1,0,0,0,0,0,0,1
1,0,1,0,0.3086386260980903,1,1,0,0,0,0,1,1,1,1.071599136991432,0.6225776406520436,0.9194635157760772,1,0,0,0,0,0,0,0,1,0,0,1
1,0,0,0,0.7981026639849592,1,0,0,1,0,0,0,1,1,0.6806291782139994,0.900174529167542,0.6132568095410228,1,0,0,0,0,1,0,0,0,1,0,1
0,0,1,0,0.0639066071546558,1,1,1,1,0,1,0,0,0,-0.07469150810495534,-0.0067782117957031025,0.0655531010701242,0,0,0,0,0,1,0,0,1,0,0,1
0,0,1,1,1.5730873906391682,1,1,0,1,1,0,0,1,1,1.0266791842808336,2.0036183155756992,1.0452941958188031,1,0,0,1,1,0,0,0,0,0,1,0
0,0,0,1,-0.30319142126049586,1,0,0,0,0,0,0,0,0,-1.492165571417179,-0.7992466822637573,-1.5266330668059809,0,1,0,0,1,0,0,0,1,0,0,0
1,0,0,0,-1.2413308272103278,1,0,0,0,0,0,0,0,0,-1.4821833597037126,-0.99195820860595,-1.601799934554037,0,1,0,0,0,0,1,0,0,0,0,1
1,0,0,0,-0.3439800910844016,1,0,0,0,1,0,0,0,1,-0.5055903137362533,-0.4933253744261284,-0.5393111771070477,0,0,0,0,0,0,1,1,0,0,0,0
0,0,0,0,0.4717933053937132,1,1,0,1,1,0,0,0,1,0.6623284567393112,0.6909605676733553,0.757446345880012,1,0,0,0,0,0,0,0,1,0,0,1
1,1,0,0,1.4099327113435454,1,1,0,0,0,0,0,0,1,0.35953470143083166,1.2175882119512333,0.3514474023945705,1,0,0,0,0,0,1,0,0,0,1,0
1,0,1,0,0.2270612864502788,1,1,1,0,1,1,1,1,1,1.5241260680019075,0.9397276360564755,1.710517088716736,1,0,1,0,0,1,0,0,1,0,0,0
1,0,0,0,-0.6295007798517418,1,0,1,0,0,0,1,1,0,0.9634585100955464,-0.292109930102815,1.0173236383302418,1,0,0,0,0,1,0,1,0,0,0,1
0,1,0,0,-0.9558101384429878,1,0,0,0,1,0,0,0,0,0.35287989362185396,-0.7264250176915764,0.19525236120588274,1,0,0,0,1,0,0,0,0,0,0,0
0,0,0,0,1.0836233527522994,1,0,0,0,1,0,1,1,0,1.028342886233078,1.4789024047974537,1.0249004505631327,1,0,0,1,0,1,0,0,0,1,0,0
0,1,1,0,-1.2821194970342338,0,0,0,0,0,0,0,0,1,-1.3341138859539616,-0.9956498319155836,-1.3300325996624756,0,0,0,0,0,1,0,0,0,0,0,1
1,0,0,0,-1.2821194970342338,1,0,0,0,0,0,0,0,1,-1.4871744655604457,-0.9976714351565737,-1.4824874460650588,0,1,0,0,0,0,1,0,0,0,0,1
1,0,1,0,1.4099327113435454,1,0,1,1,0,0,1,1,1,1.1980404853620064,1.9525288858441603,1.1786707626769848,1,0,1,0,1,0,0,0,0,0,1,0
1,0,0,1,0.3086386260980903,0,0,1,1,0,1,0,0,0,-0.8200299827104438,-0.31918183437346287,-0.8560554535505308,0,0,1,0,0,0,1,0,1,0,0,0
1,0,1,0,1.3283553716957337,1,1,1,1,1,0,0,0,0,0.0717142636925513,0.8874076652217251,0.04540074787360741,0,0,1,0,1,0,0,0,0,0,1,0
1,0,0,0,-1.2821194970342338,1,0,0,0,0,0,1,1,1,0.8054068246323289,-0.967391334438268,0.8010210141823308,1,0,0,0,0,1,0,0,0,0,0,1
1,0,0,0,-0.915021468619082,1,0,0,0,0,0,0,0,0,-1.4821833597037126,-0.9290687686525456,-1.5676633059030238,0,1,1,0,0,0,1,0,0,0,0,0
1,0,0,0,-0.7518667893234591,1,0,0,0,0,0,0,0,0,-1.4805196577514683,-0.8853845594885458,-1.4992953561498157,0,1,1,0,0,0,0,1,0,0,0,0
1,0,1,0,0.512581975217619,1,0,1,0,1,0,0,0,0,-0.3858037731746571,0.0026046641162827473,-0.4607822012728667,0,0,0,1,1,0,0,0,1,0,0,0
1,1,1,0,1.5322987208152625,1,1,0,1,1,0,1,1,1,1.2662522654040265,2.1144109627612564,1.210329134415354,1,0,0,0,0,1,0,0,0,0,1,1
0,0,0,0,-1.2821194970342338,1,0,0,0,0,0,0,0,1,-1.5237759085098224,-0.9981548620185495,-1.5189440397700242,0,1,0,0,0,0,1,0,0,0,0,1
1,0,0,0,-0.9965988082668935,1,0,0,0,0,0,0,0,0,0.19316450620639225,-0.7633412507879143,0.14065953275374982,1,0,0,0,0,0,0,0,0,0,0,0
0,0,1,0,1.2467780320479223,1,1,0,1,1,1,1,1,1,1.47587871138682,2.0001024838522388,1.447086565828337,1,0,0,1,0,0,0,0,0,0,1,0
1,0,0,1,-0.1400367419648729,1,1,0,1,1,1,0,1,0,1.1863945716962954,0.23737432745037457,1.0827881984443768,1,0,1,0,1,0,0,0,1,0,0,0
1,1,0,0,1.4099327113435454,1,1,0,0,0,0,0,0,0,-1.3241316742404952,-0.27167415821019936,-1.3248139149462286,0,1,0,1,1,0,0,0,0,0,1,0
0,0,1,1,-0.30319142126049586,1,0,0,0,0,0,0,0,0,-1.4905018694649346,-0.7929401591097995,-1.5076093533635715,0,1,0,1,0,0,1,0,1,0,0,0
1,0,1,1,-1.1597534875625164,1,0,0,0,0,0,0,0,0,-0.6686331050562041,-0.9319913037726724,-0.7463128209091059,0,0,0,0,0,1,0,0,0,0,0,0
1,0,0,0,-0.7518667893234591,0,0,0,1,0,0,0,0,1,-1.124487439971168,-0.8220995884662522,-1.158402531895592,0,0,0,0,0,0,1,1,0,0,0,0
0,0,0,0,-0.7518667893234591,1,0,0,0,0,0,0,0,1,0.2031467179198585,-0.6048651358529208,0.011759433582621784,1,0,0,0,1,0,0,1,0,0,0,1
0,1,1,0,-0.1400367419648729,1,1,0,0,1,0,1,1,1,1.1364835131289635,0.2911665528193242,1.2226718056383516,1,0,0,0,0,0,0,0,1,0,0,1
1,1,1,0,-0.7926554591473648,1,0,0,1,0,1,0,1,1,0.8037431226800846,-0.4926441820297079,0.829192018408895,1,0,0,0,0,0,0,1,0,0,0,1
0,0,1,0,-0.9965988082668935,1,0,1,0,0,1,0,1,0,0.02013950317297517,-0.7585289561164275,0.18602313514799695,0,0,0,1,0,0,1,0,0,0,0,0
0,0,1,0,1.613876060463074,1,1,0,1,1,1,1,1,0,1.4725513074823313,2.4168164388754247,1.433671801910926,1,0,1,0,1,0,0,0,0,0,1,0
0,0,1,1,1.613876060463074,1,1,1,1,0,1,1,0,0,1.1647664463171183,2.1804207033692324,1.186070769664701,1,0,0,1,0,0,0,0,0,0,1,0
0,0,1,1,-1.0373874780907992,1,0,0,0,0,0,0,0,0,-1.4722011479902464,-0.9476367549420727,-1.5172869218743439,0,1,1,0,0,0,1,0,0,0,0,0
1,1,1,0,0.4310046355698075,1,1,0,1,0,0,1,1,1,1.201367889266495,0.9220605816460848,1.2304072372909214,1,0,0,0,0,1,0,0,1,0,0,1
0,0,1,0,0.8388913338088649,1,1,0,1,1,1,1,1,1,1.560727510951284,1.546714009163703,1.4810334125436488,1,0,1,0,0,0,0,0,0,1,0,0
1,0,1,1,1.5730873906391682,1,0,1,1,1,1,1,1,0,1.4775424133390642,2.4138499558587547,1.4810228436280242,1,0,0,1,1,0,0,0,0,0,1,0
1,0,1,1,-0.3439800910844016,1,0,1,0,1,0,0,0,1,-0.2876453579922377,-0.3674366247779617,-0.14374332609237367,0,0,1,0,1,0,0,1,0,0,0,0
1,0,0,0,0.10469527697856156,1,1,0,0,0,0,0,0,0,0.3478887877651206,0.15193961657027838,0.34417728345608073,1,0,0,0,1,0,0,0,1,0,0,1
1,0,0,0,-1.1189648177386107,1,0,1,0,0,1,0,0,1,-0.3042823775146817,-0.8892300004360809,-0.3824925869125062,0,0,0,0,0,0,1,0,0,0,0,0
1,0,1,1,1.1652006924001108,1,1,0,0,1,1,1,1,1,0.5358871083687373,1.1803643435790923,0.5516655196831662,0,0,0,1,0,0,0,0,0,0,1,0
0,0,0,0,-0.9965988082668935,1,0,1,0,0,0,1,0,1,-0.16286771157390817,-0.7921930448685641,-0.13131494187477177,0,0,0,0,0,1,0,0,0,0,0,0
1,0,1,0,-0.7518667893234591,1,0,0,0,0,0,0,0,0,-0.6752879128651815,-0.7247330236746609,-0.6339247179127916,0,0,1,0,0,1,0,1,0,0,0,0
1,0,0,0,-1.2821194970342338,1,0,1,0,0,0,0,0,1,-0.5438554586378745,-0.9852122064865595,-0.5429015992143549,0,0,0,0,0,0,1,0,0,0,0,1
0,0,1,0,0.9204686734566764,1,1,0,1,1,0,1,0,1,0.9834229335224794,1.2229718292777825,0.9050277591984812,1,0,0,0,1,0,0,0,0,1,0,0
0,0,0,0,-0.9965988082668935,1,0,0,0,0,0,0,0,0,-1.5204485046053335,-0.9376166345302096,-1.5021657210762618,0,1,0,0,0,0,1,0,0,0,0,0
0,0,1,1,1.613876060463074,1,1,0,1,1,1,0,1,1,1.1231738975110086,2.126694399845098,1.1297978077905588,1,0,0,1,0,0,0,0,0,0,1,0
0,0,1,0,1.3691440415196396,1,1,0,1,1,1,0,0,1,0.8536541812474164,1.6878746528606523,0.9267360036318921,1,0,1,0,0,0,0,0,0,0,1,0
0,0,1,0,-1.1597534875625164,0,0,1,0,0,0,0,0,1,-1.192699220013188,-0.9495924363382479,-1.078150679519077,0,0,0,0,0,1,0,0,0,0,0,0
0,0,1,0,0.7981026639849592,0,0,1,1,1,1,1,1,0,0.04509503245664108,0.4569599925287704,-0.029513728071876338,0,0,0,1,1,0,0,0,0,1,0,0
0,0,0,0,-1.2005421573864221,1,1,0,0,0,1,1,0,0,-0.009807131967424113,-0.9299916744799542,-0.2274968264032133,0,0,0,0,0,1,0,0,0,0,0,0
1,0,1,0,0.7573139941610534,1,1,0,1,0,0,0,1,1,0.8469993734384388,1.0214487496786664,0.846802957613968,1,0,1,0,1,0,0,0,0,1,0,0
0,0,0,0,0.3902159657459017,1,1,1,1,0,0,0,0,1,-0.15787660571717504,0.05769335243325841,-0.24106941107259425,0,0,1,0,0,0,0,0,1,0,0,0
0,0,1,1,1.613876060463074,1,1,0,0,0,0,0,0,1,-1.2858665293388742,-0.13284275303004286,-1.23684273355679,0,1,0,1,0,0,0,0,0,0,1,0
0,0,0,0,1.5322987208152625,1,1,1,1,1,1,1,1,0,1.6855051573696136,2.5653603291916416,1.6961487552032137,1,0,1,0,1,0,0,0,0,0,1,1
0,0,0,0,-1.2821194970342338,1,0,0,0,0,0,0,0,0,-1.4971566772739122,-0.9978032788462033,-1.4924301534391404,0,1,0,0,0,0,0,0,0,0,0,0
1,0,1,0,1.4099327113435454,1,0,1,1,0,1,0,1,1,0.14325344763906042,1.0465429986048673,0.15892492926061322,0,0,0,1,1,0,0,0,0,0,1,0
1,0,1,1,1.613876060463074,1,1,1,1,1,0,1,1,1,1.4475957781986655,2.4069940839980064,1.423383861641911,1,0,0,1,1,0,0,0,0,0,1,0
1,0,1,1,0.0639066071546558,1,1,0,0,1,0,0,1,1,0.8370171617249725,0.3545174456864327,0.8669158199164402,1,0,0,0,1,0,0,0,1,0,0,0
1,0,1,0,1.0428346829283937,1,1,0,0,1,0,1,1,0,1.1797397638873177,1.4901750402607998,1.0943308817177362,1,0,1,0,1,0,0,0,0,1,0,0
1,0,0,0,-0.6702894496756475,1,0,0,0,0,0,0,0,0,-1.4855107636082014,-0.862641523027409,-1.4736840072442574,0,1,0,0,0,0,0,1,0,0,0,1
0,0,0,0,-1.0373874780907992,1,0,0,0,1,1,1,1,1,1.1814034658395625,-0.6923214499740071,1.233292053826923,1,0,0,0,0,1,0,0,0,0,0,0
0,0,0,0,-1.2821194970342338,1,0,0,0,0,0,0,0,1,-0.6486686816292713,-0.9865965652276723,-0.6473000266422109,0,0,0,0,0,0,1,0,0,0,0,1
1,0,1,0,-1.2821194970342338,1,0,1,0,0,0,1,1,1,1.0017236549971675,-0.9647984085422155,0.996560925872601,1,0,0,0,0,1,0,0,0,0,0,1
0,0,1,1,-0.5071347703800245,1,0,0,0,0,0,0,0,0,-1.4938292733694234,-0.823000520345389,-1.4598677867890233,0,1,0,0,0,1,0,1,0,0,0,0
1,0,1,1,1.2059893622240165,1,1,1,1,1,1,1,1,0,1.6855051573696136,2.1397029772219027,1.6749368824897062,1,0,0,1,0,0,0,0,0,0,1,0
0,0,1,0,1.5322987208152625,0,0,1,0,1,1,0,1,1,-0.5005992078795201,0.47458309904261736,-0.5563005810565695,0,0,0,1,0,0,0,0,0,0,1,0
1,0,1,0,1.4915100509913568,1,1,0,1,0,1,1,0,1,0.9168748554327036,1.8327269198672358,0.951194321453181,1,0,0,1,0,0,1,0,0,0,1,0
1,0,1,0,0.4717933053937132,1,0,1,1,0,1,0,0,1,-0.16785881743064132,0.13783234177989195,-0.19057573753051907,0,0,1,0,0,0,0,0,1,0,0,0
1,0,0,0,-1.2005421573864221,1,0,0,0,0,0,0,0,1,-1.500484081178401,-0.9809932084184066,-1.5095537050278363,0,1,0,0,0,0,1,0,0,0,0,1
1,0,1,0,1.0836233527522994,1,1,1,0,0,1,0,1,1,0.13992604373457135,0.7939524632224836,0.14940855350806165,0,0,1,0,0,0,1,0,0,1,0,0
0,0,1,0,-0.3439800910844016,1,1,0,0,0,0,0,0,1,0.34955248971736536,-0.23840560052695203,0.26169818571739517,1,0,0,0,1,0,0,1,0,0,0,1
0,1,1,0,1.002046013104488,1,1,0,1,1,0,0,1,0,0.9684496159522797,1.383755208781297,1.0104865306450719,1,0,0,0,1,0,0,0,0,1,0,0
1,1,1,0,0.0639066071546558,1,0,1,0,0,1,1,0,0,0.8403445656294616,0.3684928767871893,0.8979136723179885,1,0,1,0,0,0,1,0,1,0,0,0
0,0,1,1,-1.3229081668581395,1,1,0,1,1,1,1,0,0,0.28134070967534486,-1.006548910258312,0.2790288770430509,0,0,0,1,0,0,1,0,0,0,0,0
0,0,1,1,-0.3439800910844016,1,1,0,0,0,0,0,0,0,-1.3374412898584502,-0.7552768117722262,-1.3624154452072268,0,1,0,1,0,0,1,1,0,0,0,0
1,1,1,0,1.5322987208152625,1,1,0,1,1,0,1,1,1,1.3278092376370687,2.2055808741402485,1.308548879403602,1,0,1,0,0,1,0,0,0,0,1,0
0,0,0,0,-1.2413308272103278,1,0,1,1,0,1,0,0,1,0.7105758133543987,-0.9267175561874812,0.8581915815832999,1,0,0,0,0,1,0,0,0,0,0,1
0,0,1,1,1.1652006924001108,1,1,1,1,0,0,0,0,0,-0.16952251938288584,0.5938137423644803,-0.1734729719462275,0,0,0,0,0,1,0,0,0,0,1,0
0,1,0,0,-0.26240275143659014,1,0,0,0,0,0,0,1,1,0.46268422246998386,-0.12491015770398455,0.40522477832947024,1,0,0,0,0,1,0,0,1,0,0,0
1,0,0,0,-0.2216140816126844,1,0,1,1,0,0,0,0,0,-0.31426458922814793,-0.35715281698683893,-0.3381554769925278,0,0,1,0,0,0,0,0,1,0,0,0
0,0,1,0,1.613876060463074,1,1,0,1,1,1,1,1,1,1.47587871138682,2.557537603606942,1.581063232521153,1,0,1,0,0,1,0,0,0,0,1,1
0,0,1,1,-0.38476876090830736,1,0,1,1,0,1,0,0,1,-0.2377342994249059,-0.44276331945310843,-0.30341203898647817,0,0,1,0,0,0,1,1,0,0,0,0
1,0,1,0,0.6757366545132419,1,1,1,1,0,0,1,0,1,0.9634585100955464,1.0735489810307004,1.04938578613898,1,0,0,0,0,0,0,0,0,1,0,0
1,0,0,0,-1.0373874780907992,1,0,0,0,1,0,0,0,1,0.33291547019492146,-0.7909625037653529,0.1706060204399719,1,0,0,0,0,1,0,0,0,0,0,0
0,0,1,1,-0.915021468619082,1,0,0,0,0,0,1,1,1,0.797088314871107,-0.5980751858369872,0.9284533803601428,1,0,0,0,0,1,0,0,0,0,0,0
0,0,1,1,1.5730873906391682,1,0,0,0,1,0,0,0,0,0.3711806150965422,1.3826565113677154,0.38573793364939085,1,0,0,1,0,1,0,0,0,0,1,0
1,0,0,0,-1.2821194970342338,1,0,0,0,0,0,0,0,0,-1.5021477831306453,-0.9978692006910183,-1.497401507126181,0,1,0,0,0,0,1,0,0,0,0,1
0,0,0,0,-0.7110781194995532,1,0,0,0,0,0,1,0,0,-0.29097276189672655,-0.5969984623716773,-0.09293885327397661,0,0,1,0,0,0,1,1,0,0,0,0
0,1,1,0,0.0639066071546558,1,0,0,0,1,1,1,0,0,-0.02311674758537898,-0.08087436536763846,-0.09879400317204669,0,0,1,0,0,0,0,0,1,0,0,0
0,0,1,1,0.6757366545132419,1,1,0,1,0,0,1,1,1,1.113191685797542,1.1421516475347282,1.1549678692066074,1,0,0,0,0,1,0,0,0,1,0,0
1,1,1,1,0.7981026639849592,1,1,0,1,1,0,1,1,1,0.530896002512004,0.7863275031722283,0.44815050535795714,0,0,1,0,0,1,0,0,0,1,0,0
1,0,0,1,-1.2821194970342338,1,0,0,0,0,0,0,0,0,-1.492165571417179,-0.9977373570013884,-1.4874587997520996,0,1,0,0,0,0,1,0,0,0,0,0
0,0,1,1,-0.7926554591473648,1,0,0,0,0,0,0,0,1,-1.4788559557992238,-0.8947015135557168,-1.5031376844573818,0,1,0,0,0,0,1,1,0,0,0,0
1,0,0,0,0.512581975217619,1,1,0,0,1,1,1,1,1,1.289544092735448,1.0800312957708311,1.3448134578603383,1,0,0,0,0,0,0,0,1,0,0,0
1,0,0,0,-1.2821194970342338,1,0,0,0,0,0,0,0,0,-0.6802790187219147,-0.9870140702448333,-0.6787852666601355,0,0,0,0,0,0,1,0,0,0,0,0
0,0,0,0,-1.2821194970342338,1,0,1,0,0,0,0,0,0,-0.49061699616605386,-0.9845090401418674,-0.48987382655258677,0,0,0,0,0,1,0,0,0,0,0,0
0,1,0,0,-1.2413308272103278,1,0,0,0,0,0,0,0,1,0.1765274866839483,-0.9555913242164028,-0.23053487587862692,1,0,0,0,0,0,0,0,0,0,0,1
0,0,0,0,-0.30319142126049586,0,0,1,1,1,0,1,1,0,-0.127929970576776,-0.3296634076990302,-0.11012868957849958,0,0,1,0,0,1,0,0,1,0,0,0
1,0,1,1,-0.30319142126049586,1,1,0,0,0,0,0,0,0,-1.31082205862254,-0.7294134746565181,-1.3159802399071068,0,1,0,1,1,0,0,0,1,0,0,0
1,0,1,1,0.023117937330750068,1,0,0,0,0,0,0,0,1,-1.5121299948441116,-0.7427516612573973,-1.5491236717489285,0,1,1,0,0,0,0,0,1,0,0,0
1,0,0,0,-1.2005421573864221,1,0,0,0,0,0,1,0,0,-0.38247636927016826,-0.9236192294811816,-0.06730876315412201,0,0,0,0,1,0,0,0,0,0,0,1
0,1,0,0,-1.1189648177386107,1,0,0,0,1,0,0,0,1,0.35454359557409826,-0.8528850899948054,0.1656820129785215,1,0,0,0,1,0,0,0,0,0,0,1
0,0,0,0,-0.09924807214096716,1,1,0,1,1,0,1,0,1,0.13493493787783845,-0.11058314343088191,0.10028109336234094,0,0,1,0,1,0,0,0,1,0,0,0
1,0,1,0,1.2467780320479223,1,0,1,1,0,1,1,0,0,0.19649191011088085,0.9486051111582138,0.18841346195386913,0,0,1,0,1,0,0,0,0,0,1,0
0,0,0,0,-1.2821194970342338,0,0,0,0,0,0,0,0,0,-1.319140568383762,-0.995452066381139,-1.315118538601353,0,0,0,0,0,0,0,0,0,0,0,0
0,0,1,0,-0.30319142126049586,1,0,0,0,0,1,1,1,1,1.006714760853901,0.04631084722855418,1.0240027982250657,1,0,0,0,0,1,0,0,1,0,0,0
1,0,0,1,1.3691440415196396,1,0,0,0,0,0,0,0,0,-1.4954929753216677,-0.4488061552278066,-1.5146757057963025,0,1,0,1,1,0,0,0,0,0,1,0
0,0,1,1,-0.09924807214096716,0,0,0,0,0,1,1,1,0,-0.45567925516892144,-0.32030250573531593,-0.42690334651673717,0,0,0,0,1,0,0,0,1,0,0,1
1,0,1,0,-0.915021468619082,1,0,0,0,0,0,1,0,1,0.5009493673716051,-0.6298275410894921,0.6889998444343459,1,0,0,0,0,1,0,0,0,0,0,1
0,0,1,1,-1.3229081668581395,0,0,1,0,1,1,1,0,1,-0.410759302458323,-1.006548910258312,-0.4103321675599346,0,0,0,1,0,0,0,0,0,0,0,0
1,0,1,0,-0.8742327987951762,1,1,0,0,0,0,0,0,1,0.33457917214716576,-0.6436711285006189,0.33582282674045616,1,0,0,0,0,1,0,0,0,0,0,1
1,0,0,0,-1.2821194970342338,1,0,1,0,0,0,0,0,1,-0.4706525727391211,-0.9842453527626078,-0.46998841180442363,0,0,0,0,0,0,1,0,0,0,0,0
0,1,0,0,-1.1189648177386107,1,0,1,1,0,1,0,0,0,-0.16619511547839702,-0.8800448900585398,-0.24395753083363678,0,0,0,0,1,0,0,0,0,0,0,0
1,0,1,1,-1.2821194970342338,1,0,0,0,0,0,0,0,1,0.16987267887497062,-0.9757853826780304,0.1680019780324741,1,0,0,0,0,1,0,0,0,0,0,1
0,0,1,0,-0.7518667893234591,1,0,0,0,0,0,0,1,1,0.43939239513856226,-0.5132777194567681,0.5051071042394288,1,0,0,0,0,1,0,1,0,0,0,0
1,0,1,0,1.613876060463074,1,1,1,0,1,1,1,1,1,1.5307808758108852,2.6151313220268833,1.64138692702918,1,0,0,1,1,0,0,0,0,0,1,0
0,0,0,0,0.18627261662637304,1,0,0,0,0,0,1,1,1,-0.0048160261106907415,0.02411715947420816,-0.0512750278391619,0,0,0,0,0,1,0,0,1,0,0,1
0,0,0,1,1.3283553716957337,0,0,0,1,0,1,1,0,0,-0.6536597874860044,0.2828604003726481,-0.6559935220641643,0,0,0,1,0,0,1,0,0,0,1,0
1,0,0,1,0.9204686734566764,1,0,0,0,0,0,0,0,0,-1.5237759085098224,-0.5664107263775688,-1.5484708677294179,0,1,1,0,0,0,0,0,0,1,0,0
1,0,0,0,0.10469527697856156,1,0,0,0,0,0,0,0,1,-1.4871744655604457,-0.7057695063162445,-1.5038879400321297,0,1,0,1,0,0,1,0,1,0,0,0
0,0,0,1,0.5533706450415247,1,0,1,1,0,1,1,1,1,1.3411188532550242,1.1129922181782759,1.322833029811211,1,0,1,0,0,0,0,0,1,0,0,1
0,1,0,0,1.287566701871828,0,0,0,1,0,1,1,0,1,-0.7002434421488474,0.20245772364675502,-0.7273595349772631,0,0,0,0,0,1,0,0,0,0,1,0
1,0,0,0,-1.078176147914705,1,1,0,0,0,0,0,0,1,0.33291547019492146,-0.8000816922980792,0.4430835487153961,1,0,0,0,0,1,0,0,0,0,0,1
1,1,0,0,-1.2821194970342338,1,0,0,0,0,0,0,0,0,-1.492165571417179,-0.9977373570013884,-1.4874587997520996,0,1,0,0,0,0,1,0,0,0,0,1
1,0,1,0,-0.3439800910844016,1,0,0,0,0,0,0,0,0,-1.4905018694649346,-0.7719110906138499,-1.4146837055001416,0,1,1,0,0,0,1,1,0,0,0,0
1,0,1,1,1.5322987208152625,1,0,0,1,1,1,1,1,1,1.3727291903476677,2.278600304246874,1.3872146332228235,1,0,1,0,0,1,0,0,0,0,1,0
1,0,0,0,-0.6702894496756475,1,1,0,1,0,0,0,0,0,-0.31925569508488133,-0.6218509978668906,-0.3387653884402435,0,0,0,0,0,1,0,1,0,0,0,0
1,0,0,0,-0.38476876090830736,1,1,0,0,1,1,1,1,1,1.3028537083534029,0.07900808225673923,1.4073820667929837,1,0,0,0,0,0,1,1,0,0,0,1
1,0,1,1,-0.017670732493155674,1,0,1,1,1,0,0,1,0,0.99506884718819,0.3697014439421289,1.0913791404660558,1,0,1,0,0,0,1,0,1,0,0,0
0,0,1,0,1.1652006924001108,1,1,0,1,0,0,1,1,1,1.2030315912187393,1.617689862081067,1.0923206075492058,1,0,0,1,0,0,0,0,0,0,1,0
0,0,1,1,-1.2005421573864221,1,1,0,1,1,0,1,0,1,0.14158974568681612,-0.9032713533816523,0.4441882939791829,0,0,0,0,0,0,0,0,0,0,0,0
1,0,0,0,-1.2821194970342338,1,0,0,0,0,0,0,0,0,-1.4938292733694234,-0.9977593309496602,-1.4891159176477797,0,1,0,0,0,0,1,0,0,0,0,1
1,0,0,0,-1.0373874780907992,1,1,0,0,1,0,1,0,1,0.8137253343935509,-0.7288641259497274,0.8396081880388857,1,0,0,0,1,0,0,0,0,0,0,1
0,0,1,1,-0.38476876090830736,1,0,0,1,1,1,0,0,0,0.6290544176944233,-0.17142900619502463,0.586244125181338,1,0,0,0,0,1,0,1,0,0,0,1
0,0,1,0,1.2059893622240165,1,1,1,1,0,1,1,1,1,0.6673195625960445,1.257009475150537,0.6012848523368709,0,0,0,1,0,1,0,0,0,0,1,0
1,0,0,0,0.3086386260980903,1,0,1,0,1,0,0,1,0,0.08502387931050663,0.19366814433810314,0.11083141063150552,0,0,0,0,0,1,0,0,1,0,0,0
1,0,1,0,1.613876060463074,1,1,1,1,1,1,1,1,1,1.7320888120324567,2.7705091102555763,1.804129713700778,1,0,0,1,1,0,0,0,0,0,1,0
1,0,0,0,0.10469527697856156,1,0,0,0,0,0,0,0,0,-1.4738648499424907,-0.6751817703221359,-1.437981994009646,0,1,1,0,0,0,0,0,1,0,0,0
1,0,0,0,-1.2821194970342338,1,0,0,0,0,0,0,0,1,0.16488157301823725,-0.9758513045228454,0.16303062434543314,1,0,0,0,0,1,0,0,0,0,0,1
0,0,0,1,-0.915021468619082,1,0,0,0,1,1,1,0,1,0.8719549027221047,-0.5827373699433898,1.0441202094786244,1,0,0,0,0,1,0,0,0,0,0,0
1,0,1,1,1.002046013104488,1,0,0,0,0,0,0,0,0,-1.4688737440857575,-0.5129481102326936,-1.4989132638029419,0,1,0,1,0,0,1,0,0,1,0,0
0,0,1,1,1.5322987208152625,1,1,1,1,1,1,1,1,1,1.6721955417516585,2.6191525545605914,1.7541005353264316,1,0,0,1,1,0,0,0,0,0,1,0
0,0,1,0,0.1454839468024673,1,1,1,1,1,1,0,1,1,1.3694017864431787,0.6785892347964277,1.378066290300322,1,0,0,1,1,0,0,0,1,0,0,0
1,0,0,0,-1.1597534875625164,1,0,0,0,0,0,0,0,0,-0.676951614817426,-0.9095339286390668,-0.3229191985628011,0,0,0,0,0,0,1,0,0,0,0,0
0,0,0,0,1.1652006924001108,1,1,1,1,1,1,1,1,1,1.6705318397994138,2.067013156339351,1.6478082588749405,1,0,1,0,0,0,1,0,0,0,1,0
1,0,0,0,0.023117937330750068,1,0,0,0,0,0,0,0,0,0.11164311054641685,-0.052374154459334764,0.028552996326290436,1,0,0,0,0,1,0,0,1,0,0,1
1,0,1,0,0.023117937330750068,1,1,0,1,1,0,0,1,1,0.9468214905731025,0.3523200508592697,0.9533754291972977,1,0,0,0,0,1,0,0,1,0,0,0
1,1,1,0,1.3283553716957337,1,1,0,1,1,0,1,1,1,1.2729070732130041,1.9785899884943137,1.3113878319303771,1,0,1,0,0,0,0,0,0,0,1,0
0,1,0,0,-0.6702894496756475,1,0,0,0,0,1,1,1,1,0.9834229335224794,-0.34240829769657544,0.9783326290201183,1,0,0,0,0,1,0,1,0,0,0,1
1,0,1,0,0.5941593148654305,1,0,0,0,0,0,0,0,0,-1.4971566772739122,-0.5921422198036471,-1.4870357058212873,0,1,1,0,0,0,0,0,1,0,0,0
1,0,0,0,0.1454839468024673,1,0,0,1,0,1,0,1,1,0.01681209926848657,0.09144533697848174,0.14811656328431122,0,0,1,0,0,0,1,0,1,0,0,1
0,0,0,0,-0.1400367419648729,0,0,0,1,0,0,0,0,1,-1.1411244594936119,-0.63020109821011,-1.1732921035296846,0,0,0,0,0,1,0,0,1,0,0,1
0,0,1,1,-0.38476876090830736,1,1,0,0,0,0,0,1,0,0.6889476879752213,-0.1854264112440527,0.5403491643314111,1,0,0,0,0,1,0,1,0,0,0,0
0,0,0,0,1.3691440415196396,1,1,0,1,0,0,1,0,1,0.7987520168233517,1.6303688302337975,0.86102876828348,1,0,1,0,0,0,0,0,0,0,1,0
0,0,1,1,1.4099327113435454,0,0,0,1,1,1,1,1,1,-0.17784102914410782,0.7970288159805118,-0.1219194544028087,0,0,0,1,0,1,0,0,0,0,1,0
0,0,1,1,-1.0373874780907992,1,0,0,0,0,0,0,0,1,0.13659863983008275,-0.78377702268053,0.24801709928103483,1,0,0,0,0,1,0,0,0,0,0,1
1,0,0,0,-1.0373874780907992,1,0,0,0,0,0,0,0,0,-1.5187848026530892,-0.9571954224402316,-1.620264962534474,0,1,0,0,0,1,0,0,0,0,0,1
0,0,1,1,0.512581975217619,1,0,1,0,1,1,1,1,1,0.5358871083687373,0.5463939619943033,0.45052216682489415,0,0,0,1,0,0,1,0,1,0,0,0
0,0,0,0,1.450721381167451,1,1,1,0,0,0,0,0,0,-0.34753862827303583,0.6141396445157378,-0.3545993936272765,0,0,0,0,0,0,1,0,0,0,1,0
1,0,0,0,-1.1597534875625164,1,0,0,0,1,0,0,0,1,0.32958806629043236,-0.8650806312855599,0.5151681771774871,1,0,0,0,0,0,0,0,0,0,0,1
0,0,1,1,1.5730873906391682,1,1,1,0,1,1,0,1,0,1.1830671677918068,2.139988638549434,1.1901403037144604,1,0,0,1,0,1,0,0,0,0,1,0
0,1,0,0,-0.38476876090830736,1,0,1,0,0,0,0,0,1,0.34955248971736536,-0.2842432566215716,0.21634659142384158,1,0,0,0,0,0,0,1,0,0,0,0
0,0,1,1,1.450721381167451,1,1,1,1,1,1,1,1,0,0.7688053816829524,1.701476526840791,0.8512706774307527,0,0,0,1,1,0,0,0,0,0,1,0
0,0,0,0,-0.5071347703800245,1,0,0,0,0,0,0,0,1,-1.5154573987486004,-0.8159249090019243,-1.4331881886685711,0,1,1,0,1,0,0,1,0,0,0,0
1,0,0,0,-1.1597534875625164,1,0,0,0,0,0,0,0,0,-1.5271033124143112,-0.9718740198856803,-1.498230066074021,0,1,0,0,0,0,1,0,0,0,0,0
1,0,1,1,-0.6295007798517418,0,0,1,0,1,0,1,0,0,-0.6802790187219147,-0.6584156477908824,-0.6076266746691601,0,0,1,0,1,0,0,1,0,0,0,0
0,0,1,1,0.7981026639849592,1,0,1,0,1,0,1,1,0,1.1780760619350734,1.2982765500046574,1.1906030579263907,1,0,1,0,0,1,0,0,0,1,0,0
1,1,1,0,-0.915021468619082,1,1,0,0,1,0,0,1,1,0.8286986519637506,-0.6047332921632911,0.8782427081210307,1,0,0,0,0,1,0,0,0,0,0,1
1,1,0,0,-0.9965988082668935,1,0,0,1,0,0,0,0,1,0.3196058545769661,-0.7399829437751719,0.36084907314226344,1,0,0,0,0,1,0,0,0,0,0,1
1,0,0,0,-0.8334441289712705,1,0,1,0,0,1,0,0,0,-0.2743357423742826,-0.7187561097447777,-0.34335698594285763,0,0,0,0,0,0,1,0,0,0,0,1
1,0,0,0,0.2270612864502788,1,0,1,1,0,1,1,0,0,0.18983710230190318,0.1836480239262399,0.21004044254394164,0,0,1,0,0,0,1,0,1,0,0,0
0,0,1,1,0.5533706450415247,1,0,0,0,0,0,0,0,0,-1.4855107636082014,-0.6152588133854017,-1.5104783287812231,0,1,0,1,0,0,0,0,1,0,0,0
1,0,0,0,-0.26240275143659014,1,0,0,0,0,0,0,0,0,-1.500484081178401,-0.8055751793659867,-1.5690399884625121,0,1,1,0,1,0,0,0,1,0,0,0
0,0,0,1,-0.7518667893234591,1,1,1,0,0,1,0,0,1,0.7022573035931767,-0.4949734205465006,0.6037056190324037,1,0,0,0,0,0,1,1,0,0,0,0
0,0,0,1,-0.915021468619082,1,1,1,0,1,1,0,1,0,0.2879955174843225,-0.7018581435238944,0.14579659823035862,0,0,1,0,1,0,0,0,0,0,0,0
0,0,0,0,-0.2216140816126844,1,0,1,1,0,0,0,0,0,-0.40077709074485646,-0.3479237587127545,-0.31237808750416823,0,0,0,1,0,0,0,0,1,0,0,0
0,0,1,1,1.002046013104488,1,0,0,0,0,0,0,0,0,-1.5104662928918673,-0.49341327021921494,-1.4730680390790867,0,1,0,1,0,0,0,0,0,1,0,0
1,0,0,0,-0.8334441289712705,1,1,0,1,1,1,1,1,1,1.5989926558529053,-0.397980412875527,1.6725269341521711,1,0,0,0,0,0,1,0,0,0,0,1
0,0,1,0,-0.7926554591473648,1,0,0,0,0,0,0,0,0,-0.7019071441010919,-0.746091701394685,-0.6410539668815699,0,0,1,0,0,1,0,1,0,0,0,0
0,1,0,0,-0.3439800910844016,1,0,0,0,0,0,0,0,1,-1.4838470616559571,-0.8044105601075903,-1.5168035958214374,0,1,0,0,0,0,1,1,0,0,0,0
0,1,0,0,-0.26240275143659014,1,1,0,0,0,1,0,1,1,0.03844022464766341,-0.2803538677774931,-0.04563875990291847,0,0,0,0,0,1,0,0,1,0,0,0
0,0,1,1,0.1454839468024673,1,1,1,1,1,1,1,1,1,0.9318481730029032,0.47856038367978243,0.9590456179565064,0,0,0,1,1,0,0,0,1,0,0,0
0,0,0,1,0.4310046355698075,1,1,0,0,0,0,0,0,1,-1.3241316742404952,-0.5362404954006211,-1.327142277751405,0,1,0,1,0,1,0,0,1,0,0,0
0,0,1,1,-1.2413308272103278,1,0,0,0,0,0,1,1,0,0.02679431098195284,-0.9475049112524431,0.07437481692653965,0,0,0,0,0,0,1,0,0,0,0,1
1,0,0,0,0.5533706450415247,1,0,0,0,0,0,0,0,0,-1.4954929753216677,-0.6079195146626774,-1.4984462118865014,0,1,0,1,0,1,0,0,1,0,0,0
0,0,0,0,1.002046013104488,1,1,1,1,1,0,1,1,1,1.5989926558529053,1.8346826012634103,1.6070780453337472,1,0,0,1,0,0,0,0,0,1,0,1
0,0,1,1,0.7165253243371477,1,0,0,0,0,0,0,0,1,0.16155416911374865,0.5569854050612288,0.20624825906477423,1,0,0,0,0,0,0,0,0,1,0,0
0,0,0,0,0.7165253243371477,1,0,0,0,0,0,0,0,0,-1.5021477831306453,-0.5718822394972046,-1.4963740940308594,0,1,1,0,0,0,0,0,0,1,0,0
0,0,1,1,1.4099327113435454,1,1,1,0,1,1,0,1,1,1.1764123599828291,1.9331258895203114,1.1568314327980942,1,0,1,0,0,0,0,0,0,0,1,0
1,1,1,0,-1.0373874780907992,1,1,1,1,0,0,0,1,1,0.9917414432837014,-0.7107356186256328,1.0349113686012013,1,0,0,0,1,0,0,0,0,0,0,1
1,0,1,0,1.2467780320479223,1,1,0,0,1,1,1,1,0,0.49595826151487177,1.2058101756776396,0.49629544558779537,0,0,0,1,1,0,0,0,0,0,1,0
0,0,0,0,-0.9558101384429878,1,0,0,0,0,0,0,0,1,-1.5104662928918673,-0.9279480972906926,-1.493350774492296,0,1,0,0,0,1,0,0,0,0,0,0
1,0,1,0,-1.1189648177386107,1,1,0,1,0,1,0,0,1,0.6822928801662442,-0.8302738972232985,0.506716875909518,1,0,0,0,0,1,0,0,0,0,0,1
0,0,0,0,0.7981026639849592,1,0,0,0,1,0,0,1,1,-0.18116843304859642,0.3310932168288753,-0.21205163781142436,0,0,0,0,0,1,0,0,0,1,0,0
1,0,0,1,-0.7110781194995532,1,0,1,0,1,0,0,1,0,-0.001488622206202143,-0.588714283873273,-0.051289956829212856,0,0,1,0,0,0,1,1,0,0,0,0
0,0,0,0,-1.2821194970342338,1,0,0,0,0,0,0,0,1,-0.6403501718680493,-0.9864866954863141,-0.6390144371638096,0,0,0,0,0,1,0,0,0,0,0,1
0,0,0,0,-0.5887121100278361,0,0,0,0,1,1,0,0,1,-0.9880638798871275,-0.7396533345510975,-1.0337767447569723,0,0,0,0,0,1,0,1,0,0,0,0
0,0,0,0,1.3283553716957337,1,1,1,1,1,0,1,1,1,1.535771981667618,2.116828097071136,1.471771350110754,1,0,0,0,1,0,0,0,0,0,1,0
1,0,0,0,1.450721381167451,1,1,1,1,1,0,0,1,1,1.2379693322158714,2.135440031257206,1.3325415792217725,1,0,0,1,0,0,0,0,0,0,1,0
1,0,0,0,-0.5479234402039304,1,0,0,0,0,0,0,0,1,-0.6619782972472263,-0.6260260480385003,-0.6416309391043572,0,0,0,0,0,0,0,1,0,0,0,0
1,0,1,1,0.5941593148654305,0,0,1,0,1,1,0,0,0,-0.8183662807581995,-0.21777206309989172,-0.8863480975509793,0,0,1,0,0,1,0,0,1,0,0,0
0,0,1,1,1.613876060463074,1,0,1,1,1,1,1,1,1,1.4442683742941764,2.3684957266261106,1.383060659513691,1,0,0,1,0,0,0,0,0,0,1,0
0,0,0,0,1.002046013104488,1,0,0,0,1,0,1,1,1,1.0100421647583897,1.3950498181929145,1.025429663949978,1,0,0,1,0,1,0,0,0,1,0,1
0,1,0,0,-0.05845940231706142,1,1,0,1,0,0,1,1,1,1.1664301482693626,0.3939167349374648,1.2549109513507517,1,0,0,0,0,1,0,0,1,0,0,1
1,0,1,1,0.5533706450415247,1,0,0,0,0,0,0,0,0,-1.4954929753216677,-0.6275422504692426,-1.5306159136439461,0,1,0,1,1,0,0,0,1,0,0,0
0,0,0,0,-0.6295007798517418,1,1,1,1,0,0,1,0,1,0.9817592315702351,-0.29569168367109067,1.0014348020363664,1,0,0,0,0,1,0,1,0,0,0,1
0,0,1,0,1.4915100509913568,1,1,0,0,0,0,0,0,0,-1.3524146074286498,-0.2850123448110786,-1.363367087187174,0,1,0,1,0,0,0,0,0,0,1,0
1,1,1,0,0.2678499562741845,1,1,0,1,1,0,1,1,1,1.3560921708252238,0.8765305608272683,1.48927731352153,1,0,0,0,0,1,0,0,1,0,0,1
0,0,0,0,-0.05845940231706142,1,1,0,0,0,0,0,0,1,0.3711806150965422,-0.027477671067578258,0.22979643891655097,1,0,0,0,0,1,0,0,1,0,0,0
1,0,1,1,1.4915100509913568,1,1,0,1,1,0,1,1,1,1.3344640454460464,2.2006587097274033,1.353321597471589,1,0,0,1,0,1,0,0,0,0,1,0
0,0,1,1,1.613876060463074,1,1,1,1,1,1,1,0,0,1.371065488395423,2.3587173196452356,1.3728187502973341,1,0,0,1,1,0,0,0,0,0,1,0
1,0,0,0,0.2678499562741845,1,0,1,0,1,0,1,1,1,1.1830671677918068,0.6642182726267818,1.0787369774173603,1,0,0,1,0,1,0,0,1,0,0,0
1,0,1,1,1.5322987208152625,1,1,1,1,1,1,1,0,1,0.4776575400401835,1.512478597756504,0.5618515556100796,0,0,0,1,0,0,0,0,0,0,1,0
0,0,1,1,0.3902159657459017,1,0,0,0,0,0,0,0,0,-1.4938292733694234,-0.640221218621973,-1.4942056368987977,0,1,0,1,0,0,1,0,1,0,0,0
0,0,0,0,-1.2413308272103278,1,0,0,0,0,0,0,1,0,0.5275685986075154,-0.936473989220085,0.4903114087422833,1,0,0,0,0,1,0,0,0,0,0,1
0,1,0,0,-1.2413308272103278,1,0,0,0,0,0,0,1,1,0.49429455956262747,-0.9364959631683565,0.48948284979444345,1,0,0,0,0,0,0,0,0,0,0,1
0,0,1,1,-0.9558101384429878,1,0,0,0,0,0,0,0,0,-1.5021477831306453,-0.913972666189936,-1.3762477765308916,0,1,0,1,0,0,1,0,0,0,0,0
0,0,1,0,0.3086386260980903,1,1,0,0,0,1,0,0,1,0.46434792442222816,0.3676358928045956,0.4388164701340196,1,0,0,0,1,0,0,0,1,0,0,0
0,0,1,0,1.450721381167451,1,1,0,0,0,0,0,0,0,-1.3008398469090738,-0.16648486783390792,-1.2203216472161151,0,1,0,1,1,0,0,0,0,0,1,0
0,0,1,0,0.6757366545132419,1,1,1,0,0,0,1,1,1,1.1963767834097616,1.1237594528313744,1.1266615900497838,1,0,0,0,0,0,1,0,0,1,0,0
0,0,0,0,0.8796800036327707,1,1,0,1,1,0,1,0,1,0.9934051452359457,1.2443524809460782,0.9914975100802449,1,0,1,0,0,0,0,0,0,1,0,0
0,0,0,0,0.18627261662637304,1,0,0,0,0,0,0,0,0,-1.500484081178401,-0.6491206676719831,-1.423458219402719,0,1,0,1,0,0,1,0,1,0,0,0
0,0,1,0,-0.46634610055611886,1,1,0,0,0,0,0,1,1,0.7188943231156206,-0.21166330548037862,0.7025408649533333,1,0,0,0,0,1,0,1,0,0,0,1
1,0,0,0,-1.2005421573864221,1,0,1,0,1,0,1,1,1,0.4161005678071411,-0.9159503215343827,0.12546928537668098,0,0,0,0,0,1,0,0,0,0,0,0
0,0,1,0,1.1652006924001108,1,1,0,0,1,1,1,1,1,1.277898179069737,1.8581288040692394,1.3895695258202445,1,0,1,0,0,0,0,0,0,0,1,0
0,0,0,0,-0.6702894496756475,1,1,0,0,0,0,0,0,1,0.32792436433818806,-0.5102233406470117,0.18736954343823686,1,0,0,0,1,0,0,1,0,0,0,0
0,0,1,1,-1.1597534875625164,1,0,0,0,0,0,0,0,0,-1.4655463401812687,-0.9789056833326019,-1.6307994977284415,0,1,0,0,0,0,1,0,0,0,0,0
1,0,0,0,-0.915021468619082,1,1,0,0,0,0,0,0,1,0.3079599409112555,-0.6497798861201319,0.5385335395065786,1,0,0,0,0,0,1,0,0,0,0,1
1,0,0,0,-0.4255574307322131,1,1,1,1,1,0,0,0,0,0.005166185602775528,-0.379170713155012,-0.0014006650304754398,0,0,0,0,0,0,1,1,0,0,0,0
0,0,1,1,0.4310046355698075,0,0,1,0,1,1,1,1,1,-0.14955809595595307,0.15391727191472507,-0.11675253664616295,0,0,1,0,1,0,0,0,1,0,0,0
0,0,1,1,-0.9558101384429878,1,0,1,1,1,1,0,0,0,0.003502483650531228,-0.7151523822282304,0.289708081259657,0,0,0,0,0,0,1,0,0,0,0,1
0,0,1,1,1.4099327113435454,1,1,1,1,0,1,1,0,0,0.30296883505452216,1.1330104850537301,0.25624968925317754,0,0,0,1,1,0,0,0,0,0,1,0
1,0,1,0,-0.7926554591473648,0,0,1,0,0,1,1,1,1,-0.34753862827303583,-0.6959032035422827,-0.34991109967128525,0,0,0,0,0,1,0,1,0,0,0,1
0,0,1,0,1.613876060463074,1,0,0,0,0,0,0,0,0,-1.492165571417179,-0.380884681120199,-1.4966419947573275,0,1,0,1,0,0,0,0,0,0,1,0
1,0,0,0,1.287566701871828,1,1,0,1,1,1,1,1,0,0.7205580250678649,1.4688383364890474,0.7648492376156856,0,0,0,1,1,0,0,0,0,0,1,0
1,0,0,0,0.5533706450415247,1,1,1,1,0,0,0,1,1,0.9584674042388135,0.819398295321031,0.8415123297202576,1,0,0,0,0,1,0,0,1,0,0,1
0,0,1,1,1.3283553716957337,1,1,1,1,1,1,1,1,0,0.8869282202923043,1.614481665633409,0.8889502391392724,0,0,0,1,0,0,0,0,0,0,1,0
0,0,1,1,-1.1597534875625164,1,1,0,0,0,0,0,0,0,-0.4673251688346322,-0.901271724088934,-0.16715011636885715,0,0,0,0,0,0,1,0,0,0,0,1
0,0,1,1,-0.5071347703800245,1,1,0,1,1,0,1,1,1,1.362746978634201,-0.022269845327202054,1.5594010191403993,1,0,0,0,0,0,0,1,0,0,0,1
1,0,0,0,0.3902159657459017,1,1,0,0,0,1,1,1,1,1.1780760619350734,0.8493487868152622,1.1803826467291318,1,0,0,0,0,1,0,0,1,0,0,0
0,1,1,0,1.5730873906391682,1,1,1,0,0,0,0,0,1,0.5259048966552711,1.4879336975370936,0.4975583820748008,1,0,0,1,1,0,0,0,0,0,1,0
0,0,0,0,-0.7926554591473648,1,0,0,0,0,0,0,0,1,0.174863784731704,-0.6168629116092306,0.10860067500270514,1,0,0,0,0,0,1,1,0,0,0,0
1,0,0,0,-0.38476876090830736,1,1,0,0,0,1,1,0,1,0.8553178831996607,-0.15255338462969467,0.6481338761547877,1,0,0,0,0,1,0,1,0,0,0,1
0,0,0,0,-1.2821194970342338,1,0,0,0,0,0,0,0,0,-1.508802590939623,-0.9979570964841047,-1.5040299787089022,0,1,0,0,0,0,1,0,0,0,0,0
1,1,1,0,1.613876060463074,0,0,1,1,1,1,1,1,1,-0.01479823782415701,1.0331169162109017,-0.015615891019429482,0,0,0,1,1,0,0,0,0,0,1,0
0,1,0,0,-1.2413308272103278,0,0,0,0,1,0,0,0,1,-1.1477792673025895,-0.9719838896270384,-0.8486398509673616,0,0,0,0,0,1,0,0,0,0,0,1
1,0,0,0,1.3691440415196396,1,0,0,0,0,0,0,0,0,-1.5038114850828896,-0.45553018339892526,-1.5223587069490017,0,1,0,1,0,0,0,0,0,0,1,0
1,0,0,0,1.4915100509913568,1,1,0,0,0,0,0,0,0,-1.362396819142116,-0.2536774945757347,-1.329119984009782,0,1,0,1,0,0,0,0,0,0,1,0
1,0,0,0,-0.4255574307322131,1,1,0,0,0,0,0,1,0,0.6040988884107574,-0.21579440775544503,0.5586298601687374,1,0,0,0,0,1,0,1,0,0,0,0
0,1,1,0,1.124412022576205,0,0,0,1,0,0,1,1,1,-0.5139088234974752,0.27125815568522776,-0.5459120300581739,0,0,0,1,1,0,0,0,0,1,0,0
0,0,1,1,0.10469527697856156,1,0,1,0,1,1,1,1,1,1.3976847196313336,0.6443318494409569,1.4051115064961694,1,0,0,0,0,1,0,0,1,0,0,0
1,0,0,0,-1.1597534875625164,1,0,0,1,0,0,0,0,0,-0.5205636313064529,-0.9149395199138878,-0.42483194914713684,0,0,0,0,0,0,1,0,0,0,0,0
1,0,0,0,1.613876060463074,1,0,0,0,0,0,0,0,1,-1.4672100421335132,-0.3380135080422495,-1.4517387028896584,0,1,0,1,0,0,1,0,0,0,1,0
0,1,0,0,-1.2821194970342338,1,0,0,0,0,0,1,1,1,0.8120616324413066,-0.9673034386451813,0.807649485765052,1,0,0,0,0,1,0,0,0,0,0,1
1,0,0,0,-0.5479234402039304,1,1,0,0,0,0,1,1,0,0.1565630632570153,-0.3936735190142876,0.28059877820737983,0,0,0,0,0,0,1,1,0,0,0,0
0,1,0,0,-1.1189648177386107,1,0,0,0,1,0,1,0,1,0.6639921586915555,-0.8239234261727975,0.6024982902798366,1,0,0,0,0,0,1,0,0,0,0,1
0,0,0,1,-0.30319142126049586,0,0,1,0,0,1,0,0,0,-0.9930549857438609,-0.6354308978987577,-1.032480510314129,0,0,0,1,0,0,0,0,1,0,0,0
0,0,0,0,-1.1597534875625164,1,1,0,0,0,0,0,0,0,0.3478887877651206,-0.8579610720455519,0.649394726727588,1,0,0,0,0,1,0,0,0,0,0,1
0,0,1,0,1.5322987208152625,1,0,0,0,0,0,0,0,0,-1.500484081178401,-0.3923111342214465,-1.490228553949165,0,1,0,1,0,0,0,0,0,0,1,0
1,0,0,0,0.10469527697856156,0,0,0,0,1,0,1,1,0,-0.5222273332586972,-0.2587095287299378,-0.5406289803859934,0,0,0,0,0,1,0,0,1,0,0,0
0,0,0,0,-0.5887121100278361,1,0,1,0,0,0,0,0,1,0.34955248971736536,-0.39989214637515874,0.3896875276323661,1,0,0,0,0,1,0,1,0,0,0,0
1,0,1,0,-0.8742327987951762,1,0,0,0,0,0,0,0,1,-1.4755285518947352,-0.9252672756015538,-1.5947195217270396,0,1,1,0,0,0,1,0,0,0,0,0
0,0,0,0,-1.2413308272103278,1,0,0,0,0,0,0,0,0,0.16987267887497062,-0.9392866545988534,0.3842558634187474,1,0,0,0,0,0,0,0,0,0,0,1
1,0,1,1,1.0836233527522994,1,0,0,0,0,0,0,0,0,-1.517121100700845,-0.4823823481868567,-1.4819818846731563,0,1,0,1,1,0,0,0,0,1,0,0
1,0,1,1,1.613876060463074,1,1,1,1,1,1,1,1,0,0.7920972090143741,1.8506576616568853,0.8406767660470129,0,0,0,1,1,0,0,0,0,0,1,0
0,1,0,0,0.4717933053937132,1,1,1,1,1,0,1,1,1,1.4941794328615081,1.129472679381998,1.5090246351117198,1,0,1,0,1,0,0,0,1,0,0,0
0,1,1,0,-0.5887121100278361,0,0,0,0,1,0,1,1,1,-0.550510266446852,-0.6502633129821078,-0.6592681003332348,0,0,0,0,0,1,0,1,0,0,0,1
1,0,1,0,0.3902159657459017,1,1,0,1,1,1,0,1,1,1.1497931287469187,0.8120370226500351,1.1133877375180592,1,0,0,0,0,1,0,0,1,0,0,1
1,0,0,1,-1.2005421573864221,1,0,0,0,0,0,0,0,0,-1.4871744655604457,-0.9843112746074228,-1.5929619724437423,0,1,0,0,0,0,0,0,0,0,0,0
1,1,1,0,-0.7926554591473648,1,0,0,0,0,0,0,0,0,0.18484599644517027,-0.6333873207094962,0.012742778267970324,1,0,0,0,0,0,0,1,0,0,0,0
0,0,0,0,-1.2821194970342338,1,0,0,0,0,0,0,0,1,-1.4855107636082014,-0.997649461208302,-1.4808303281693784,0,1,0,0,0,0,1,0,0,0,0,1
1,0,0,0,0.4717933053937132,0,0,0,1,1,0,1,1,1,-0.36417564779547973,0.03738942423027263,-0.3627276898294834,0,0,1,0,0,0,1,0,1,0,0,1
0,0,0,0,-0.7518667893234591,1,0,0,0,0,1,1,1,1,0.15822676520926007,-0.6016129915087196,0.02927753705124149,0,0,0,0,0,1,0,1,0,0,0,0
0,0,1,1,1.0428346829283937,1,0,0,0,0,0,0,0,0,-1.4771922538469795,-0.4829536708419191,-1.4711733307773107,0,1,0,1,1,0,0,0,0,1,0,0
0,1,0,0,-0.6702894496756475,1,1,0,0,0,0,1,0,1,0.6606647547870669,-0.41318638507949473,0.6447340826459873,1,0,0,0,0,1,0,1,0,0,0,1
0,0,1,1,-0.5071347703800245,1,1,0,0,1,1,0,1,1,1.0183606745196117,-0.16441931669637472,1.0234062357826212,1,0,0,0,0,0,0,1,0,0,0,0
0,0,0,1,-1.2821194970342338,1,0,1,0,0,1,0,0,0,-0.34587492632079153,-0.9825973066422357,-0.3457045696284046,0,0,0,0,0,1,0,0,0,0,0,0
1,1,1,0,1.5730873906391682,1,1,1,1,1,0,1,1,1,1.417649143058266,2.3833940635542765,1.4486740351292517,1,0,0,0,0,1,0,0,0,0,1,0
1,0,0,1,-0.6702894496756475,1,1,1,1,0,0,0,1,1,0.13992604373457135,-0.5302855554190096,0.09281025351598267,0,0,0,0,0,1,0,1,0,0,0,0
0,0,1,0,1.613876060463074,1,1,1,1,1,1,1,1,0,0.901901537862504,1.8388137035384764,0.8282713973557395,0,0,0,1,0,0,0,0,0,0,1,0
0,0,1,1,0.6349479846893362,1,1,1,1,0,0,1,1,1,1.3427825552072685,1.1897472194910783,1.2986397089393138,1,0,0,0,1,0,0,0,1,0,0,0
1,0,1,0,0.9612573432805821,1,0,0,0,0,0,1,1,0,0.825371248059262,1.170168431581056,0.7793305245835163,1,0,0,0,0,0,1,0,0,1,0,0
1,0,0,0,0.10469527697856156,1,0,0,0,0,0,0,0,0,-1.4688737440857575,-0.6813784237347354,-1.45133362962627,0,1,0,0,0,0,0,0,1,0,0,0
1,0,1,0,0.10469527697856156,1,1,0,0,0,1,1,0,1,0.88526451834006,0.4157588395194647,0.9126160678999986,1,0,0,0,1,0,0,0,1,0,0,0
0,0,1,0,0.512581975217619,1,1,0,0,0,0,0,0,0,-1.31082205862254,-0.5138710160601021,-1.3263132906077262,0,1,0,1,0,0,1,0,1,0,0,0
0,0,1,1,0.9204686734566764,1,1,1,1,0,1,1,0,1,0.33624287409941,0.8453715021780972,0.38728386975539913,0,0,1,0,1,0,0,0,0,1,0,0
0,0,0,0,1.0428346829283937,1,0,1,1,1,1,0,0,1,0.00017507974604262936,0.6614715290928281,0.01683282654895301,0,0,0,1,1,0,0,0,0,1,0,0
0,0,0,0,0.5941593148654305,1,1,1,0,1,1,0,0,1,0.003502483650531228,0.2591065622910165,-0.12118272367751398,0,0,0,1,0,0,1,0,1,0,0,0
1,0,1,1,1.450721381167451,1,1,1,1,1,1,1,1,1,0.797088314871107,1.6886437410501594,0.8370389590325578,0,0,0,1,1,0,0,0,0,0,1,0
0,0,1,1,-0.017670732493155674,1,1,0,1,0,0,1,1,1,1.1298287053199858,0.35126530134223144,1.0479315806386889,1,0,0,0,0,1,0,0,1,0,0,0
0,0,1,1,0.4717933053937132,1,1,0,1,1,0,0,1,0,0.9817592315702351,0.8811670639125823,1.0834466300847454,1,0,1,0,0,1,0,0,1,0,0,0
1,1,1,0,1.4099327113435454,1,1,0,0,0,0,1,1,1,0.9900777413314571,1.665043720606429,0.8550875771667645,1,0,0,0,1,0,0,0,0,0,1,0
1,0,1,1,-0.8742327987951762,1,1,0,0,0,0,0,0,1,0.3146147487202327,-0.6399355572944418,0.3614328305827876,1,0,0,0,0,1,0,0,0,0,0,1
1,0,0,0,-1.078176147914705,1,0,0,0,0,0,0,0,1,0.13992604373457135,-0.8153755602951335,0.2508578728164868,1,0,0,0,0,1,0,0,0,0,0,0
0,0,1,1,-1.078176147914705,1,0,0,0,0,1,0,0,1,-0.5355369488766525,-0.8758698398869301,-0.509483054984803,0,0,0,0,0,0,1,0,0,0,0,0
1,0,1,1,-0.8334441289712705,1,0,0,0,0,0,1,0,1,-0.2859816560399934,-0.7302704586391116,-0.4157178007208955,0,0,0,0,0,0,1,0,0,0,0,0
0,0,0,0,1.0428346829283937,1,1,1,1,1,1,0,0,1,0.2064741218243471,0.8828590579294975,0.3046856334278936,0,0,1,0,1,0,0,0,0,1,0,0
1,0,0,0,-1.078176147914705,1,0,0,0,1,0,1,0,0,-0.13292107643350912,-0.8245606706726748,0.1354119927507624,0,0,0,0,0,0,1,0,0,0,0,0
0,0,1,1,0.9612573432805821,1,0,1,1,1,0,0,0,1,-0.11961146081555403,0.46429929125149483,-0.17123372832606915,0,0,0,1,1,0,0,0,0,1,0,0
0,1,1,1,-0.017670732493155674,1,1,0,0,1,0,1,0,1,0.8802734124833267,0.2664238870654692,0.8479899495380184,1,0,0,0,0,0,1,0,1,0,0,0
0,0,0,0,-0.9965988082668935,1,0,0,0,0,0,0,0,0,-1.4938292733694234,-0.9443186887530567,-1.5653433408490713,0,1,0,1,0,0,1,0,0,0,0,0
1,1,0,0,0.10469527697856156,1,1,0,0,0,0,1,1,1,1.0166969725673674,0.5202229896027925,1.1377000243589679,1,0,0,0,0,1,0,0,1,0,0,1
0,0,0,0,-0.7110781194995532,1,0,1,0,0,0,1,0,0,0.7089121114021544,-0.44832272836583065,0.6545317922041969,1,0,0,0,0,1,0,1,0,0,0,1
0,0,0,0,0.6757366545132419,1,0,1,1,1,1,0,0,0,0.08336017735826233,0.44674210658246255,0.08470643972511765,0,0,0,1,0,0,0,0,0,1,0,0
0,0,1,0,0.9204686734566764,1,0,1,0,0,0,1,1,1,0.9934051452359457,1.3121860592605992,1.0273531893159689,1,0,1,0,0,1,0,0,0,1,0,0
1,0,0,0,-0.5071347703800245,1,1,0,0,1,0,1,0,1,0.7920972090143741,-0.2324286865970687,0.7669672414261021,1,0,0,0,0,1,0,1,0,0,0,1
0,0,0,0,-0.8334441289712705,1,0,0,0,0,0,0,0,1,-1.5154573987486004,-0.9101491991906725,-1.5461483918907752,0,1,1,0,0,0,0,0,0,0,0,0
1,0,0,1,-0.09924807214096716,1,1,0,0,0,0,0,0,0,-1.3158131644792732,-0.6886737745609166,-1.352900826622863,0,1,1,0,0,0,0,0,1,0,0,0
0,1,1,0,1.3691440415196396,1,1,0,1,0,0,1,1,1,1.1947130814575173,1.9338949777098184,1.2078434575718333,1,0,0,0,0,1,0,0,0,0,1,0
1,0,0,1,-1.2821194970342338,0,0,0,1,0,1,0,0,0,-1.0413023423589483,-0.9917824170197769,-1.0383798500227508,0,0,0,0,0,0,1,0,0,0,0,0
1,0,0,0,-0.6295007798517418,0,0,0,0,0,0,0,0,0,-1.3241316742404952,-0.8383163622907149,-1.4056751577241153,0,0,0,0,1,0,0,1,0,0,0,0
1,0,0,0,-1.0373874780907992,1,0,0,0,0,0,0,0,1,0.154899361304771,-0.777426551630029,0.31643239525983397,1,0,0,0,0,1,0,0,0,0,0,0
1,0,1,1,-0.09924807214096716,1,1,0,0,0,0,1,0,0,0.6839565821184885,0.09652131902922809,0.6208922989218872,1,0,0,0,0,1,0,0,1,0,0,0
0,0,1,1,1.4915100509913568,1,1,0,1,1,0,1,1,1,1.2995263044489143,2.2662069974216745,1.4249619262080264,1,0,0,0,0,1,0,0,0,0,1,1
1,0,0,1,0.3086386260980903,1,0,1,1,0,0,0,0,1,-0.32091939703712563,-0.06641550740490627,-0.3795097747002819,0,0,0,0,0,0,1,0,1,0,0,1
0,0,0,0,-1.2821194970342338,1,0,0,0,0,0,0,0,1,-1.5071388889873785,-0.9979351225358333,-1.5023728608132219,0,1,0,0,0,0,1,0,0,0,0,1
1,1,0,0,-1.1597534875625164,1,0,0,0,1,0,1,1,1,0.9934051452359457,-0.8209129952595842,1.3478699197568147,1,0,0,0,0,1,0,0,0,0,0,0
0,0,0,1,0.8388913338088649,1,1,0,1,1,1,1,1,1,0.6556736489303335,0.9490226161753746,0.6305880019303864,0,0,1,0,0,1,0,0,0,1,0,0
1,0,1,0,1.613876060463074,1,1,0,0,0,0,0,0,1,-1.3757064347600716,-0.248909147800791,-1.3584107436259998,0,1,0,1,0,0,0,0,0,0,1,0
1,0,0,0,0.0639066071546558,1,1,0,1,0,1,1,1,1,1.346109959111757,0.5494922887006032,1.2993748519273487,1,0,0,0,0,1,0,0,1,0,0,0
0,0,1,0,1.5730873906391682,1,1,0,0,0,0,0,0,0,-1.327459078144984,-0.23614228385497413,-1.3336735910952375,0,1,0,1,0,0,0,0,0,0,1,0
1,0,1,1,-1.2005421573864221,1,0,0,0,1,0,0,0,1,-0.49061699616605386,-0.9326505222208212,-0.2943339148623166,0,0,0,0,0,1,0,0,0,0,0,1
1,0,0,0,-0.7518667893234591,1,0,0,0,1,0,0,0,0,0.38449023071449756,-0.5154091924391162,0.49362564453364405,1,0,0,0,0,1,0,1,0,0,0,0
1,0,1,0,1.5322987208152625,1,0,1,1,1,1,0,1,0,1.201367889266495,2.107379299314335,1.2027537383208156,1,0,0,1,1,0,0,0,0,0,1,0
1,0,0,0,-1.1597534875625164,0,0,0,0,0,1,0,0,0,-1.1444518633981007,-0.9545146007510928,-1.170949281677171,0,0,0,0,0,1,0,0,0,0,0,0
1,0,1,1,-0.8334441289712705,1,0,0,0,0,0,0,0,0,-1.4771922538469795,-0.8942620345902842,-1.4463070386760397,0,1,0,0,0,0,1,0,0,0,0,0
1,1,1,0,1.4915100509913568,1,1,0,1,1,0,0,1,1,1.0133695686628783,1.798205847132505,0.9134648690747217,1,0,0,0,0,0,0,0,0,0,1,0
0,0,0,0,-1.1597534875625164,1,0,0,0,0,0,0,0,0,-1.46221893627678,-0.9689734587138252,-1.443545175516573,0,1,0,0,0,0,0,0,0,0,0,1
1,0,1,1,0.7165253243371477,1,1,1,0,0,1,1,0,1,0.18650969839741458,0.5257604245672431,0.15915296846954166,0,0,0,1,1,0,0,0,0,1,0,0
0,0,1,1,1.5322987208152625,1,1,1,1,1,1,1,0,0,0.5259048966552711,1.4624219435937313,0.507924204662085,0,0,0,1,0,1,0,0,0,0,1,0
0,0,0,1,0.5533706450415247,1,1,0,0,1,1,0,0,1,0.6623284567393112,0.7332823920445141,0.7003330898687158,1,0,0,0,0,0,0,0,1,0,0,0
1,1,1,0,0.4717933053937132,0,0,0,1,0,0,0,0,1,-1.1494429692548338,-0.40898936095961347,-1.1277888928487716,0,0,0,0,0,1,0,0,1,0,0,1
0,0,1,0,1.5730873906391682,1,1,0,0,0,0,0,0,0,-1.3257953761927397,-0.18309717272725998,-1.2773315826421092,0,1,0,1,1,0,0,0,0,0,1,0
1,0,0,0,0.1454839468024673,1,0,1,0,1,1,1,1,1,0.4759938380879392,0.24814156210347313,0.47636399978697447,0,0,0,0,1,0,0,0,1,0,0,0
1,1,0,0,-1.2821194970342338,1,0,0,0,0,0,0,0,1,0.17153638082721492,-0.9757634087297588,0.16965909592815426,1,0,0,0,0,1,0,0,0,0,0,0
1,0,0,1,-1.2413308272103278,1,0,0,0,0,0,0,0,0,-1.5187848026530892,-0.9853001022796462,-1.3507465733584787,0,1,0,0,0,0,1,0,0,0,0,0
1,0,0,0,-1.2005421573864221,1,0,0,0,0,0,0,0,1,0.1798548905884369,-0.9096877462769682,0.2828954854663051,1,0,0,0,0,0,1,0,0,0,0,0
1,0,0,0,-0.8334441289712705,0,0,1,1,0,1,1,0,1,-0.4639977649301434,-0.740334526947518,-0.4789644670726918,0,0,0,0,0,0,0,0,0,0,0,0
0,1,1,0,1.613876060463074,1,1,1,1,1,1,1,1,1,1.725434004223479,2.6310404605755426,1.6580501680912973,1,0,0,1,1,0,0,0,0,0,1,0
0,0,1,1,1.4915100509913568,1,1,1,1,0,1,1,0,0,0.2929866233410559,1.1406793930005292,0.1948280749813852,0,0,1,0,1,0,0,0,0,0,1,0
1,0,0,0,-1.2821194970342338,1,0,0,0,0,0,0,0,0,0.16820897692272632,-0.9758073566263021,0.16634486013679392,1,0,0,0,0,1,0,0,0,0,0,1
0,1,0,0,-1.2821194970342338,0,0,0,0,0,0,0,0,0,-1.3257953761927397,-0.9955399621742255,-1.3217470101840743,0,0,0,0,0,0,1,0,0,0,0,1
1,0,1,1,-0.3439800910844016,1,1,0,0,0,0,0,0,0,-1.3540783093808941,-0.7388842463615904,-1.3109066972831658,0,1,0,1,0,0,1,1,0,0,0,0
0,0,1,1,-0.4255574307322131,0,0,0,1,0,0,1,0,0,-0.854967723707576,-0.63303573753715,-0.871613530884747,0,0,0,0,0,1,0,1,0,0,0,0
0,0,0,0,-0.05845940231706142,1,1,1,0,1,0,0,0,1,0.6606647547870669,0.14198541800323008,0.6420446070290063,1,0,0,0,1,0,0,0,1,0,0,0
0,1,0,0,-0.8742327987951762,1,1,0,0,0,0,1,1,1,1.006714760853901,-0.5681027203944843,0.8538981397626735,1,0,0,0,0,0,0,0,0,0,0,1
0,0,1,1,-0.18082541178877864,1,0,0,0,0,0,1,1,1,0.8386808636772168,0.13563494695272899,0.9242987490645441,1,0,1,0,0,0,0,0,1,0,0,1
0,0,1,1,0.6349479846893362,0,0,1,1,0,1,0,0,0,-0.8483129158985986,-0.1369738553051092,-0.7857729407999919,0,0,0,1,0,0,1,0,1,0,0,0
0,0,0,0,1.0428346829283937,1,1,1,0,0,0,0,0,1,0.49595826151487177,0.9829064444102279,0.43476938823879396,1,0,0,0,0,0,0,0,0,1,0,0
0,0,1,1,-0.18082541178877864,1,0,0,0,0,0,0,0,1,-1.508802590939623,-0.7675602488560672,-1.50829113901208,0,1,0,0,0,0,0,0,1,0,0,0
0,0,0,0,-1.1189648177386107,1,1,0,0,0,0,1,0,1,0.6357092255034009,-0.8198802196908176,0.6634802288408701,1,0,0,0,0,1,0,0,0,0,0,0
0,0,0,0,0.7165253243371477,1,0,0,0,0,0,0,0,1,-1.5154573987486004,-0.552567138966442,-1.4672419614248005,0,1,1,0,0,0,1,0,0,1,0,0
0,0,1,1,1.450721381167451,1,1,0,1,0,1,1,1,1,1.2928714966399366,2.0871412929561646,1.27897768018199,1,0,0,1,1,0,0,0,0,0,1,0
0,0,1,1,0.8388913338088649,0,0,1,1,1,0,0,1,1,-0.5388643527811411,0.09003900428909731,-0.5916458784476666,0,0,0,0,0,0,0,0,0,1,0,0
1,0,0,0,-0.46634610055611886,1,1,1,0,1,0,1,1,0,1.2961989005444252,-0.033103001825115545,1.3437665802056067,1,0,0,0,0,0,1,1,0,0,0,0
0,0,1,1,-0.6295007798517418,1,0,1,1,0,0,1,1,0,0.3212695565292104,-0.47223038408536383,0.2183003800425335,0,0,0,0,0,0,1,1,0,0,0,0
1,1,0,0,-0.9558101384429878,1,1,0,0,0,0,0,1,1,0.6706469665005331,-0.6784778625628803,0.5970113888030286,1,0,0,0,0,1,0,0,0,0,0,1
0,0,1,1,0.7573139941610534,1,0,0,0,0,0,0,0,0,-1.4954929753216677,-0.5544349245695306,-1.4834297287900535,0,1,0,1,0,0,1,0,0,1,0,0
1,1,1,0,1.2059893622240165,1,1,1,1,1,0,0,0,1,0.8054068246323289,1.4625757612316328,0.8513225606286254,1,0,0,0,0,1,0,0,0,0,1,0
0,1,1,1,-0.38476876090830736,1,0,0,1,1,0,0,1,1,0.7837786992531521,-0.07021700045589806,0.9180999959423493,1,0,0,0,0,0,0,1,0,0,0,0
1,0,1,0,1.5730873906391682,1,0,0,0,0,0,0,0,0,-1.4655463401812687,-0.32986117323347486,-1.4332173632794107,0,1,1,0,0,1,0,0,0,0,1,0
1,0,1,0,1.613876060463074,1,1,1,1,1,1,0,1,0,1.354428468872979,2.325360866168902,1.3378811813300757,1,0,0,1,0,0,0,0,0,0,1,0
0,0,1,1,1.5730873906391682,1,1,1,1,1,1,1,1,0,0.8702912007698604,1.7594218284330787,0.7859202356118365,0,0,0,1,0,0,1,0,0,0,1,0
1,0,0,0,-0.18082541178877864,1,0,0,1,0,1,1,0,1,0.8769460085788381,0.08496302223835096,0.7878232537988779,1,0,1,0,0,0,0,0,1,0,0,0
1,0,0,0,-1.2821194970342338,1,0,0,0,0,0,0,0,0,0.1499082554480381,-0.9760490700572899,0.14811656328431122,1,0,0,0,0,0,1,0,0,0,0,1
1,0,0,0,0.5533706450415247,0,0,1,0,1,1,0,0,0,-0.8865780608002196,-0.23510950828620758,-0.8872579027971277,0,0,0,1,0,0,1,0,1,0,0,0
0,0,0,1,-0.6295007798517418,1,1,0,1,1,1,0,0,1,0.9251933651939256,-0.32234608292457756,0.8831945663034165,1,0,0,0,1,0,0,1,0,0,0,0
0,0,0,0,-0.6702894496756475,1,1,0,0,1,0,0,1,1,0.010157291459508899,-0.5480185316742148,0.009229369652609577,0,0,0,0,1,0,0,1,0,0,0,1
1,0,1,1,1.124412022576205,1,1,1,0,1,0,1,0,1,1.015033270615123,1.5477028368359262,1.0584266606446637,1,0,1,0,0,0,0,0,0,1,0,0
0,0,0,0,-1.2821194970342338,1,1,0,1,0,0,0,0,1,0.5092678771328271,-0.971302697230618,0.5060540287512459,1,0,0,0,0,0,1,0,0,0,0,1
1,0,1,0,0.9612573432805821,1,1,1,0,0,0,1,1,1,1.1863945716962954,1.417155610154174,1.1119377593593387,1,0,1,0,0,1,0,0,0,1,0,0
0,0,0,0,-0.017670732493155674,1,1,0,0,1,0,1,1,1,1.2130138029322055,0.45906949156284693,1.3019884680201679,1,0,0,0,0,1,0,0,1,0,0,0
1,0,0,0,-0.017670732493155674,1,0,0,0,0,1,1,1,1,1.0416525018510332,0.39248842829980884,1.145080117272944,1,0,0,0,0,1,0,0,1,0,0,1
1,0,0,0,-0.8742327987951762,0,0,0,0,1,0,1,0,1,-0.7751100299998451,-0.7997301091257332,-0.7340727455432859,0,0,1,0,0,1,0,0,0,0,0,1
1,0,1,1,-0.7926554591473648,1,1,0,0,0,0,0,0,0,-1.3440960976674279,-0.8555439377356726,-1.2759850621418272,0,1,1,0,0,0,0,1,0,0,0,0
1,0,0,0,1.4915100509913568,1,1,0,1,1,1,1,0,1,1.0898998584661208,1.95709946708466,1.0871260213017349,1,0,0,1,1,0,0,0,0,0,1,0
1,0,0,0,0.2678499562741845,0,0,0,0,1,1,0,0,0,-0.976417966221417,-0.4312050226622311,-1.0394421050840843,0,0,1,0,0,0,1,0,1,0,0,0
1,0,0,0,-0.05845940231706142,1,0,0,1,0,0,1,1,1,0.9850866354747237,0.302746823558473,1.0331244304095457,1,0,0,0,0,1,0,0,1,0,0,0
1,0,0,0,1.3691440415196396,1,1,1,1,1,0,0,1,1,0.3229332584814547,1.1022469574734486,0.25758677578682476,0,0,0,1,1,0,0,0,0,0,1,0
1,1,1,0,-0.2216140816126844,1,1,1,0,1,0,0,0,1,0.6989298996886881,-0.030861659101409353,0.5731979908947346,1,0,1,0,0,1,0,0,1,0,0,0
1,0,1,1,-1.2413308272103278,1,0,0,0,0,0,0,0,0,-1.4838470616559571,-0.9888598818996501,-1.4849731229085792,0,1,0,0,0,0,1,0,0,0,0,0
0,1,1,0,-0.26240275143659014,1,0,0,1,0,0,0,1,0,0.6673195625960445,-0.052989425010940436,0.6138304272741425,1,0,0,0,0,1,0,0,1,0,0,1
1,0,1,0,0.7981026639849592,1,1,1,0,1,1,0,0,1,0.8885919222445486,1.0272718459706482,0.7975793077836105,1,0,0,1,1,0,0,0,0,1,0,0
0,0,1,1,0.023117937330750068,1,1,0,0,0,0,0,0,1,-1.3440960976674279,-0.6812026321485625,-1.4084695133913407,0,1,0,1,0,0,1,0,1,0,0,1
0,0,0,0,-1.2821194970342338,1,0,0,0,0,0,0,0,1,0.16820897692272632,-0.9758073566263021,0.16634486013679392,1,0,0,0,0,0,1,0,0,0,0,1
1,0,0,0,1.3691440415196396,1,1,0,0,0,0,0,0,0,-1.3124857605747844,-0.2598082261435193,-1.2987231145728801,0,1,1,0,0,0,0,0,0,0,1,0
0,0,1,0,-0.4255574307322131,1,1,1,0,0,1,1,1,1,0.4759938380879392,-0.24064694325065822,0.47343893562263006,0,0,0,0,0,1,0,1,0,0,0,1
0,0,0,0,-1.1189648177386107,1,0,0,0,0,1,0,0,1,0.35787099947858736,-0.8309990375162623,0.49577989779802834,1,0,0,0,0,0,1,0,0,0,0,0
0,1,1,0,1.613876060463074,1,1,1,1,1,1,0,0,1,1.054962117468988,1.9939937262327256,0.9908070442903778,1,0,0,1,0,0,0,0,0,0,1,0
0,1,0,0,0.6757366545132419,1,0,0,1,1,0,0,1,1,0.8303623539159949,0.8775853103443064,0.7477903291251734,1,0,1,0,0,0,0,0,0,1,0,0
1,1,1,0,-0.3439800910844016,1,1,0,1,1,0,1,1,1,1.3095085161623805,0.0630989437080794,1.209086295993594,1,0,0,0,0,1,0,1,0,0,0,1
0,1,0,0,-1.2413308272103278,0,0,0,0,0,0,0,0,0,-1.349087203524161,-0.988156715554958,-1.4584592365776952,0,0,0,0,0,1,0,0,0,0,0,1
0,0,1,1,1.4915100509913568,1,0,0,0,0,0,0,0,0,-1.500484081178401,-0.3750396108799456,-1.4617614642683625,0,1,0,1,1,0,0,0,0,0,1,0
0,0,0,0,0.2270612864502788,1,1,0,1,0,1,0,1,0,0.10831570664192824,0.16083906562028844,0.1647749589724655,0,0,0,0,1,0,0,0,1,0,0,0
0,0,0,0,-0.7926554591473648,1,0,0,0,0,0,0,0,1,-1.4838470616559571,-0.8855164031781755,-1.4498549705808939,0,1,0,0,0,0,1,1,0,0,0,0
1,0,0,1,-0.9558101384429878,1,0,0,1,0,0,0,0,1,-0.49228069811829817,-0.7938191170406648,-0.3694565927998216,0,0,0,0,0,1,0,0,0,0,0,0
0,1,0,0,-1.1189648177386107,1,0,0,0,0,0,0,0,1,0.13826234178232705,-0.8665748597680307,-0.040794876823237805,1,0,0,0,0,0,1,0,0,0,0,1
0,0,1,1,0.7573139941610534,1,1,1,1,0,0,0,1,1,0.9617948081433021,0.9883999314781353,0.7979342259452799,1,0,0,0,0,1,0,0,0,1,0,0
1,0,0,0,1.2059893622240165,0,0,1,1,1,1,0,0,1,-0.7052345480055805,0.14413886493384984,-0.752339919061943,0,0,0,1,0,0,0,0,0,0,1,0
1,0,0,0,0.2270612864502788,1,0,0,0,0,0,0,0,1,0.18484599644517027,0.13504165034939503,0.11357873766908026,1,0,1,0,0,0,0,0,1,0,0,1
0,0,0,0,-0.7518667893234591,1,0,0,1,0,0,0,0,0,-0.48063478445258734,-0.6701497361679327,-0.33990465699352357,0,0,0,0,0,1,0,1,0,0,0,0
0,0,0,0,-0.6295007798517418,1,0,0,0,0,0,0,0,0,-1.492165571417179,-0.8580489678386384,-1.4932099736253428,0,1,1,0,1,0,0,1,0,0,0,0
0,0,1,1,-0.7926554591473648,1,0,1,0,0,1,0,0,0,-0.3575208399865023,-0.6984521815417918,-0.3646976901250476,0,0,1,0,0,0,0,1,0,0,0,0
1,1,1,0,1.2059893622240165,1,1,0,1,1,0,1,1,1,1.2928714966399366,1.7987991437358393,1.2602832206577153,1,0,1,0,0,1,0,0,0,0,1,1
1,1,1,0,1.4099327113435454,1,1,0,1,0,1,1,1,0,1.2645885634517822,2.0652772144258926,1.3055763137625873,1,0,0,1,0,0,0,0,0,0,1,0
0,0,1,1,1.0428346829283937,1,1,0,1,1,0,1,1,1,1.3411188532550242,1.7293834411457607,1.4053547681379985,1,0,1,0,1,0,0,0,0,1,0,0
0,0,1,1,1.3691440415196396,1,1,0,1,1,0,1,1,1,1.2496152458815823,1.900670367923114,1.1698803930526127,1,0,1,0,1,0,0,0,0,0,1,1
1,0,0,0,-0.30319142126049586,1,0,0,0,0,0,0,0,1,-1.4688737440857575,-0.7870731149212744,-1.4899113342377064,0,1,0,1,0,0,1,0,1,0,0,0
0,1,1,0,-0.2216140816126844,1,1,1,0,0,1,1,1,1,1.3111722181146248,0.2537668928610104,1.368184957663117,1,0,0,0,0,0,0,0,1,0,0,1
1,0,1,1,-1.2821194970342338,1,0,0,0,0,0,0,0,0,-1.4954929753216677,-0.9977813048979318,-1.4907730355434599,0,1,0,0,0,0,0,0,0,0,0,1
0,0,1,1,1.3691440415196396,1,1,1,1,1,1,1,1,0,0.8320260558682396,1.612240322909703,0.8403147945874768,0,0,0,1,1,0,0,0,0,0,1,0
1,0,0,0,0.349427295921996,1,1,0,0,1,0,0,1,0,0.003502483650531228,0.10612393442393042,-0.10538205724511686,0,0,1,0,0,0,1,0,1,0,0,0
1,0,0,0,-0.8334441289712705,1,0,0,0,0,0,0,0,0,-1.4788559557992238,-0.8943279564350991,-1.4467213181499599,0,1,0,0,0,0,1,0,0,0,0,0
1,0,1,0,-0.5887121100278361,1,0,0,0,0,0,0,0,1,-0.6836064226264035,-0.669007090857808,-0.7377970761674159,0,0,0,0,0,0,0,1,0,0,0,0
0,0,1,0,1.5730873906391682,1,1,1,0,1,0,1,1,1,1.3045174103056472,2.2509790512694354,1.3080290711944742,1,0,1,0,1,0,0,0,0,0,1,0
0,0,1,0,-0.46634610055611886,1,1,1,0,1,0,1,1,1,1.29786260249667,-0.015875426380157924,1.4056323149776688,1,0,0,0,0,1,0,1,0,0,0,1
0,0,0,0,1.124412022576205,1,0,0,1,1,1,1,0,1,0.174863784731704,0.8501178750047692,0.18164558204024134,0,0,1,0,1,0,0,0,0,1,0,0
0,0,1,0,-0.05845940231706142,1,0,0,1,0,0,0,1,1,0.6307181196466676,0.1686837651532602,0.7069929374564742,1,0,0,0,0,0,0,0,1,0,0,0
1,0,1,1,1.613876060463074,1,1,1,0,0,0,0,0,0,-0.31925569508488133,0.7441594964389708,-0.31827006224436494,0,0,0,1,0,0,0,0,0,0,1,0
1,0,1,1,-0.4255574307322131,1,0,1,1,0,1,0,0,1,-0.23107949161592822,-0.44761956202113856,-0.23603349435065704,0,0,0,0,0,0,1,1,0,0,0,0
0,0,1,1,0.023117937330750068,1,0,0,0,0,0,0,0,0,-1.500484081178401,-0.7246890757781177,-1.5078463714383474,0,1,0,1,1,0,0,0,1,0,0,0
1,0,1,1,1.450721381167451,1,0,1,1,1,0,1,1,1,1.3427825552072685,2.145899630634502,1.3441414044915343,1,0,0,1,0,0,0,0,0,0,1,0
0,0,0,0,-0.6295007798517418,1,1,0,0,1,1,1,0,1,0.13659863983008275,-0.5196062165589975,0.008138839860967107,0,0,0,0,0,0,1,1,0,0,0,0
1,0,0,0,-1.2821194970342338,1,0,0,0,0,0,0,0,1,-1.5320944182710443,-0.9982647317599077,-1.5272296292484255,0,1,0,0,0,0,1,0,0,0,0,1
0,0,0,0,-0.9558101384429878,0,0,1,0,1,1,1,1,0,-0.21277877014124,-0.769296190769526,-0.16397397373547007,0,0,0,0,0,0,1,0,0,0,0,1
1,0,1,1,1.2059893622240165,1,0,0,0,0,0,0,0,0,-1.4788559557992238,-0.4363908744543358,-1.4584592365776952,0,1,0,1,0,0,0,0,0,0,1,0
0,0,0,0,0.1454839468024673,0,0,1,0,0,0,0,0,0,-1.1261511419234125,-0.5115417775433094,-1.1150215526979628,0,0,0,1,0,0,0,0,1,0,0,0
0,1,1,0,1.4915100509913568,1,0,1,1,0,0,0,1,0,0.7455135543515309,1.6547379388670347,0.756663090221151,1,0,1,0,1,0,0,0,0,0,1,0
1,0,0,0,1.4099327113435454,1,0,0,0,0,1,0,0,0,-0.47730738054809874,0.4261964649484888,-0.5393152992908679,0,0,0,1,0,0,0,0,0,0,1,0
1,0,0,0,-1.2413308272103278,1,0,0,0,0,0,0,0,0,-1.492165571417179,-0.9877831584343404,-1.444373734464413,0,1,0,0,0,0,1,0,0,0,0,0
0,0,0,0,-1.078176147914705,1,1,1,0,0,0,0,0,1,0.47100273223120587,-0.8155952997778498,0.24809600965701986,1,0,0,0,0,1,0,0,0,0,0,1
1,0,0,0,-1.2821194970342338,1,0,0,0,0,0,0,0,0,-0.660314595294982,-0.9867503828655736,-0.6588998519119726,0,0,0,0,0,0,1,0,0,0,0,1
1,1,0,0,0.0639066071546558,1,0,0,1,1,0,1,1,1,1.1631027443648736,0.4626951930276658,1.1068567434586132,1,0,1,0,0,1,0,0,1,0,0,0
0,0,0,0,-0.38476876090830736,1,0,0,1,1,1,0,0,0,0.6090899942674908,-0.11339580880965056,0.7765244887679271,1,0,0,0,0,0,0,1,0,0,0,0
0,0,1,1,-1.0373874780907992,1,1,0,0,0,0,0,0,0,-0.5355369488766525,-0.8528191681499906,-0.49579210475144464,0,0,0,0,0,1,0,0,0,0,0,0
1,0,1,1,-1.3229081668581395,1,0,0,0,0,0,0,0,1,-1.5038114850828896,-1.006548910258312,-1.4990586250218612,0,1,1,0,0,0,1,0,0,0,0,0
0,0,1,0,-0.8742327987951762,1,0,0,0,0,0,0,0,1,-0.69358863433987,-0.7939729346785661,-0.6946032102098109,0,0,0,0,0,1,0,0,0,0,0,1
1,0,0,1,1.124412022576205,1,1,1,0,1,1,1,1,1,0.6673195625960445,1.184187810578356,0.6015316381740236,0,0,0,1,0,1,0,0,0,1,0,0
1,0,1,1,-0.5479234402039304,1,1,0,0,1,1,1,1,0,1.277898179069737,-0.12200959653212937,1.3588592279071154,1,0,0,0,0,1,0,1,0,0,0,1
0,0,1,1,0.512581975217619,0,0,1,0,0,0,1,1,1,-0.4656614668823879,0.019129073216548255,-0.4330899199939435,0,0,0,0,0,0,0,0,1,0,0,0
1,0,1,1,-0.5887121100278361,1,0,0,0,1,0,0,1,0,-0.24771651113837218,-0.5710911773594259,-0.3275683348812373,0,0,0,0,0,1,0,1,0,0,0,1
0,0,0,0,-0.46634610055611886,1,1,0,1,0,0,1,1,1,1.1631027443648736,-0.13086509768559618,0.9926943174493469,1,0,0,0,1,0,0,1,0,0,0,0
0,0,0,0,0.7165253243371477,1,1,0,1,0,1,1,1,1,0.4893034537058941,0.7620023424355341,0.5154664583987095,0,0,0,1,0,0,1,0,0,1,0,0
0,0,0,1,0.7165253243371477,1,0,0,0,0,0,0,0,0,0.1815185925406812,0.5463939619943033,0.1902736425504166,1,0,0,1,1,0,0,0,0,1,0,0
0,0,1,1,-0.3439800910844016,1,0,0,0,0,0,0,0,0,-1.4971566772739122,-0.772086882200023,-1.415236078132035,0,1,1,0,0,0,1,1,0,0,0,0
0,0,1,0,-1.0373874780907992,1,1,0,0,0,0,1,0,1,0.7188943231156206,-0.7505524128938258,0.6059545647479696,1,0,0,0,0,1,0,0,0,0,0,1
1,0,0,1,-0.2216140816126844,1,0,0,0,0,0,0,0,0,-1.522112206557578,-0.7703948881831075,-1.4923687787022633,0,1,0,0,0,0,1,0,1,0,0,0
1,0,0,1,1.3691440415196396,1,0,0,0,0,0,0,0,0,-1.4755285518947352,-0.4101320062697383,-1.470485895244829,0,1,0,1,0,0,1,0,0,0,1,0
0,0,1,1,0.349427295921996,1,1,1,1,1,1,0,1,0,0.4992856654193608,0.4552460245635832,0.5367713360858066,0,0,0,0,1,0,0,0,1,0,0,1
1,0,1,0,-1.2005421573864221,1,1,0,0,0,1,0,0,1,0.49096715565813887,-0.8959100807106564,0.6292331256634782,1,0,0,0,0,0,0,0,0,0,0,1
1,0,1,0,0.7165253243371477,1,0,0,0,0,0,0,0,0,-1.4755285518947352,-0.5373391928142026,-1.444274307390672,0,1,0,1,0,0,1,0,0,1,0,0
0,0,1,0,-0.30319142126049586,1,0,0,0,1,0,0,0,1,0.3229332584814547,-0.21647560015186554,0.23130388164745969,1,0,0,0,0,1,0,0,1,0,0,0
1,0,1,0,0.9204686734566764,1,1,0,0,1,1,1,1,1,1.306181112257892,1.517400762169349,1.308731808002476,1,0,1,0,0,1,0,0,0,1,0,1
1,1,0,0,1.4099327113435454,1,0,1,1,0,1,1,1,1,1.3361277473982907,2.145262386134625,1.3956048083935741,1,0,0,1,0,1,0,0,0,0,1,0
0,1,1,0,0.1454839468024673,1,1,0,1,0,0,1,0,1,0.9002378359102597,0.4441931285829536,0.8870530515997311,1,0,0,0,1,0,0,0,1,0,0,0
0,0,0,0,-0.18082541178877864,1,1,1,0,1,0,0,0,0,-0.19614175061879605,-0.2794529358983563,-0.19366400269974138,0,0,1,0,0,0,1,0,1,0,0,0
1,0,1,1,-0.6295007798517418,1,1,0,0,0,0,1,1,1,0.9202022593371922,-0.34069432973138836,0.8018008343685336,1,0,0,0,0,1,0,1,0,0,0,1
1,0,0,1,1.4915100509913568,1,1,1,1,1,1,1,0,1,0.4843123478491612,1.4117060709828102,0.49104390288457694,0,0,0,1,1,0,0,0,0,0,1,0
1,0,1,1,-1.2821194970342338,1,0,0,0,0,0,1,1,1,0.8386808636772168,-0.9669518554728354,0.8341633720959359,1,0,0,0,0,1,0,0,0,0,0,0
0,0,0,1,0.4717933053937132,1,0,0,0,0,0,0,0,0,-1.4971566772739122,-0.625037220366277,-1.4980794189925957,0,1,0,1,0,0,1,0,1,0,0,0
0,0,1,1,0.2678499562741845,1,1,0,0,0,1,1,1,1,1.1664301482693626,0.6491441441124439,1.0495886985343694,1,0,0,0,1,0,0,0,1,0,0,0
0,0,1,0,-1.0373874780907992,1,0,0,0,0,0,0,0,1,0.14325344763906042,-0.7966757303159766,0.10905592717184803,1,0,0,0,0,0,0,0,0,0,0,0
0,0,1,0,0.6349479846893362,1,0,0,1,1,0,1,1,1,1.0699354350391876,1.0559039005685815,1.0883583526353884,1,0,1,0,0,1,0,0,1,0,0,0
0,0,1,1,1.5730873906391682,0,0,1,1,0,1,1,1,0,-0.17284992328737445,0.805269046582373,-0.22753572588433268,0,0,0,1,0,0,0,0,0,0,1,0
0,0,0,0,-1.2005421573864221,1,0,0,1,0,0,1,1,0,1.015033270615123,-0.8777156515417469,1.0865976648712277,1,0,0,0,0,1,0,0,0,0,0,0
0,0,0,0,0.512581975217619,1,1,0,1,0,0,1,0,1,0.8120616324413066,0.7587721720396046,0.8064342659748867,1,0,0,0,1,0,0,0,1,0,0,1
0,0,0,0,-1.2413308272103278,1,0,0,0,0,0,0,0,0,0.15822676520926007,-0.942758538425771,0.2533435496600073,1,0,0,0,0,1,0,0,0,0,0,1
0,0,1,0,1.124412022576205,1,1,0,1,1,1,1,1,1,1.5274534719063961,1.9118990554899173,1.5161778606947391,1,0,0,1,1,0,0,0,0,1,0,0
0,1,1,0,1.0428346829283937,1,0,1,1,0,1,1,1,1,1.3511010649684905,1.7206378097336523,1.393983510853848,1,0,1,0,1,0,0,0,0,1,0,1
1,0,0,0,0.2270612864502788,1,1,1,1,1,1,0,0,0,0.16820897692272632,0.16138841432707918,0.16586516811436008,0,0,0,0,0,1,0,0,1,0,0,0
0,1,0,0,-1.2413308272103278,1,0,0,1,0,0,1,0,1,0.6290544176944233,-0.9346062036169964,0.5607389193086941,1,0,0,0,0,0,0,0,0,0,0,0
1,1,0,0,0.10469527697856156,1,1,1,0,0,0,0,1,0,0.8686274988176161,0.3912139393000543,0.8597303339150028,1,0,0,0,1,0,0,0,1,0,0,0
1,0,0,0,-1.2413308272103278,1,0,0,0,0,0,0,0,1,0.1798548905884369,-0.9432639392360185,0.23428669385968426,1,0,0,0,0,1,0,0,0,0,0,0
1,1,1,0,0.10469527697856156,1,1,1,1,0,0,0,1,1,0.986750337426968,0.47247360000854105,1.0348166761500197,1,0,0,0,0,1,0,0,1,0,0,0
1,0,0,0,0.8388913338088649,1,0,0,0,0,0,0,0,0,-1.5054751870351342,-0.5767384820652348,-1.5403927732876972,0,1,0,1,0,0,0,0,0,1,0,0
1,0,1,1,1.4099327113435454,1,1,0,0,0,0,0,0,0,-1.3391049918106948,-0.2943952207230645,-1.3503879433661299,0,1,0,1,0,0,0,0,0,0,1,0
1,0,0,1,-0.18082541178877864,1,0,1,0,0,0,0,0,1,0.33291547019492146,-0.09746469631271891,0.2964877977296824,1,0,0,0,0,0,0,0,1,0,0,1
0,0,0,0,0.349427295921996,1,0,0,0,0,0,0,0,0,0.1781911886361926,0.25389873655064027,0.16642569515609534,1,0,0,0,0,0,0,0,1,0,0,1
0,0,0,0,0.5533706450415247,1,0,0,0,0,0,0,0,1,-1.4572278304200468,-0.5947131717514279,-1.4767956063364178,0,1,0,1,0,1,0,0,1,0,0,0
0,0,0,0,-0.6702894496756475,1,1,0,0,0,0,0,1,1,-0.06138189248700023,-0.5376028801934623,0.05832148731213719,0,0,0,0,0,0,0,1,0,0,0,0
1,0,1,1,1.3691440415196396,1,1,0,0,0,0,0,0,1,-1.3174768664315177,-0.2715862624171129,-1.3121809205135564,0,1,0,1,1,0,0,0,0,0,1,0
1,0,1,1,1.450721381167451,1,1,0,1,0,0,1,1,1,1.2030315912187393,1.9689434252030678,1.1478947807575182,1,0,1,0,1,0,0,0,0,0,1,0
1,0,1,1,1.2467780320479223,1,1,1,0,1,1,0,1,0,0.35953470143083166,1.048762367380302,0.3083046265334023,0,0,0,1,0,0,1,0,0,0,1,0
1,0,0,1,-1.2821194970342338,1,0,0,0,0,0,0,0,1,0.22477484329903583,-0.9750602423850666,0.22268686858992265,1,0,0,0,0,1,0,0,0,0,0,1
0,0,1,0,0.5533706450415247,1,1,0,0,0,0,0,0,1,-1.3457597996196722,-0.5379984112623515,-1.3838168826679238,0,1,1,0,0,0,0,0,1,0,0,0
0,1,1,0,0.4310046355698075,1,1,1,0,1,1,1,1,1,1.4858609231002862,1.116244362522477,1.570964233665954,1,0,1,0,0,0,1,0,1,0,0,1
0,0,1,1,1.613876060463074,1,1,0,0,0,0,0,0,1,-1.3590694152376275,-0.25541343648919335,-1.3652233394193518,0,1,0,1,0,0,0,0,0,0,1,0
1,0,0,0,-0.915021468619082,0,0,0,1,0,1,0,0,0,-0.9697631584124393,-0.8352400095326867,-0.8600739644475552,0,0,0,0,0,1,0,0,0,0,0,0
0,0,0,0,0.2270612864502788,1,1,0,0,0,0,0,0,1,-1.3524146074286498,-0.6046893442667477,-1.3544532844409212,0,1,1,0,0,1,0,0,1,0,0,0
1,1,0,0,-0.8334441289712705,0,0,0,0,1,1,0,1,1,-0.706898249957825,-0.7749654694236064,-0.6965992840386983,0,0,0,0,0,1,0,0,0,0,0,1
1,1,0,0,-1.2821194970342338,0,0,0,0,0,0,0,0,1,-1.3241316742404952,-0.9955179882259539,-1.320089892288394,0,0,0,0,0,1,0,0,0,0,0,1
0,0,1,0,-0.26240275143659014,1,0,0,0,0,0,0,0,0,-1.5204485046053335,-0.8045643777454917,-1.5661081644932318,0,1,1,0,0,0,1,0,1,0,0,0
1,0,0,0,-1.2005421573864221,1,0,1,0,0,1,0,0,1,0.5791433591270915,-0.9123246200695637,0.21661076963909492,1,0,0,0,0,0,1,0,0,0,0,0
0,0,1,1,0.7981026639849592,1,0,0,0,0,0,0,0,0,-1.4988203792261565,-0.5360866777627198,-1.4696766500253768,0,1,0,1,0,0,1,0,0,1,0,0
0,0,1,1,0.18627261662637304,1,1,0,0,0,0,1,1,1,1.0100421647583897,0.44995030303012057,0.81665166676591,1,0,0,0,0,1,0,0,1,0,0,0
1,0,1,0,-0.915021468619082,1,1,0,0,1,0,1,1,1,1.1181827916542753,-0.5504796138806373,1.2873851165644858,1,0,0,0,0,1,0,0,0,0,0,1
0,0,1,0,0.5533706450415247,1,1,1,0,0,0,0,0,0,-0.3924585809836345,0.07448144891278363,-0.3797115107919298,0,0,0,0,0,1,0,0,1,0,0,0
0,0,0,0,-1.2821194970342338,1,1,0,0,0,0,1,1,1,0.9884140393792124,-0.9649742001283886,0.9833039827071588,1,0,0,0,0,1,0,0,0,0,0,1
0,0,0,0,-1.2821194970342338,1,0,0,0,0,0,0,0,1,0.14325344763906042,-0.9761369658503766,0.14148809170159013,1,0,0,0,0,1,0,0,0,0,0,1
1,0,0,0,-0.30319142126049586,1,0,0,0,0,0,0,0,1,-1.5104662928918673,-0.7796459204054635,-1.4675071002881093,0,1,1,0,0,0,0,0,1,0,0,0
1,0,0,0,0.349427295921996,1,0,0,1,0,1,1,0,1,0.8203801422025286,0.6325977610639067,0.8629810564769123,1,0,1,0,0,1,0,0,1,0,0,0
0,0,1,1,1.4099327113435454,0,0,1,1,1,1,1,0,0,-0.3558571380342578,0.5861008865211382,-0.3593325093376557,0,0,0,1,1,0,0,0,0,0,1,0
1,0,0,0,-1.2821194970342338,1,0,0,0,0,0,0,0,0,-0.6220494503933608,-0.9862449820553263,-0.6207861403113266,0,0,0,0,1,0,0,0,0,0,0,1
1,0,0,0,-1.0373874780907992,1,0,0,0,0,0,0,0,0,0.14158974568681612,-0.7917975137996748,0.16161023757770715,1,0,0,0,0,0,0,0,0,0,0,0
1,0,1,1,-1.1189648177386107,1,1,0,0,0,0,0,0,1,-1.297512443004585,-0.9472192499249118,-1.2571194122525442,0,1,0,0,0,0,0,0,0,0,0,1
1,0,0,0,-0.5887121100278361,1,0,0,0,1,1,0,0,0,-0.32258309898936993,-0.541536216934084,-0.20374480323179625,0,0,0,0,1,0,0,1,0,0,0,0
1,0,1,0,1.4915100509913568,0,0,0,1,1,1,1,1,1,-0.13624848033799797,0.8671257109670105,-0.10414961608127435,0,0,1,0,1,0,0,0,0,0,1,0
0,0,0,0,1.613876060463074,1,0,1,1,1,1,1,1,1,1.4975068367659972,2.344126617992874,1.3575364408149497,1,0,0,1,0,1,0,0,0,0,1,0
1,0,0,0,-0.5071347703800245,1,1,0,0,1,0,1,0,1,0.8586452871041499,-0.22368305518496012,0.7999438875501388,1,0,0,0,1,0,0,1,0,0,0,0
1,0,1,1,1.5730873906391682,1,1,1,1,1,1,1,1,0,0.8469993734384388,1.7732654158442054,0.8006242394749146,0,0,0,1,0,1,0,0,0,0,1,0
0,1,0,0,-0.9558101384429878,1,1,0,0,0,0,0,0,1,0.3212695565292104,-0.732797462690349,0.14185634012285223,1,0,0,0,0,1,0,0,0,0,0,1
0,0,0,0,-1.2821194970342338,1,0,0,0,0,0,0,1,0,0.5076041751805828,-0.9713246711788895,0.5043969108555658,1,0,0,0,1,0,0,0,0,0,0,1
1,0,0,0,0.023117937330750068,1,0,0,1,1,0,1,0,1,0.05008613831337445,-0.019742841275964637,0.10312330163190186,0,0,0,0,1,0,0,0,1,0,0,0
0,0,0,0,-1.2821194970342338,1,0,0,1,0,0,0,0,0,0.36286210533532026,-0.9732364046785213,0.36022765393138345,1,0,0,0,0,1,0,0,0,0,0,1
0,1,0,0,-0.9965988082668935,1,0,0,1,0,0,1,0,1,0.7388587465425532,-0.6929367205256127,0.8043352499736917,1,0,0,0,0,1,0,0,0,0,0,0
1,0,1,1,-0.5479234402039304,1,1,0,0,0,0,0,0,0,-0.49228069811829817,-0.6064252861802065,-0.5638336147387369,0,0,0,0,1,0,0,1,0,0,0,0
1,1,1,0,1.002046013104488,1,1,0,1,1,0,1,0,1,0.2064741218243471,0.8129379545291721,0.25527685387163435,0,0,1,0,1,0,0,0,0,1,0,0
1,0,0,1,-1.078176147914705,1,0,0,0,0,0,0,0,0,-1.5038114850828896,-0.9574810837677629,-1.5352390324108802,0,1,0,0,0,0,1,0,0,0,0,0
0,0,0,0,0.0639066071546558,1,0,0,0,0,0,0,0,1,0.16987267887497062,0.05527621812337914,0.20319136393486067,1,0,0,0,1,0,0,0,1,0,0,1
0,0,0,0,-0.7926554591473648,0,0,0,0,0,0,0,0,1,-1.3640605210943606,-0.8743536374561877,-1.3850999020420038,0,0,0,0,0,1,0,1,0,0,0,1
1,0,1,0,0.0639066071546558,1,0,0,0,0,0,0,0,0,-1.492165571417179,-0.7081426927295805,-1.4900906928805329,0,1,0,1,1,0,0,0,1,0,0,0
1,0,0,0,-0.7926554591473648,1,0,0,0,0,0,0,0,1,-1.4805196577514683,-0.8959540286071996,-1.5104035090769032,0,1,0,0,0,1,0,1,0,0,0,0
0,0,1,0,-1.2821194970342338,0,0,0,0,0,0,0,1,0,-0.9947186876961052,-0.9911671464681713,-0.9919805489437036,0,0,0,0,0,1,0,0,0,0,0,0
1,0,1,0,1.2467780320479223,1,0,1,1,1,1,1,1,1,1.5041616445749744,1.9404651882430362,1.3756989790207783,1,0,0,1,1,0,0,0,0,0,1,0
0,0,0,0,-1.0373874780907992,1,0,0,0,0,0,0,0,0,-1.4722011479902464,-0.9380341395473706,-1.4138354189583053,0,1,0,0,0,0,1,0,0,0,0,0
1,0,1,1,1.2467780320479223,1,1,0,0,0,0,0,0,0,-1.3391049918106948,-0.3145892791846922,-1.3236671626663703,0,1,0,1,1,0,0,0,0,0,1,0
0,1,0,0,0.4310046355698075,0,0,1,1,0,0,0,0,1,-1.0462934482156814,-0.34722059236806235,-0.9956416233643927,0,0,0,0,1,0,0,0,1,0,0,0
0,0,1,1,-0.8334441289712705,1,1,0,0,0,0,0,0,0,-1.319140568383762,-0.8858240384539784,-1.3932792660142719,0,1,0,1,1,0,0,0,0,0,0,0
0,0,0,1,-1.1597534875625164,1,1,0,0,0,0,0,0,1,-1.3124857605747844,-0.9695447813688877,-1.4543164418384946,0,1,0,0,0,0,1,0,0,0,0,0
0,1,0,0,0.5941593148654305,1,1,0,1,1,0,0,0,1,0.6756380723572665,0.7378969211815564,0.6470500811943378,1,0,0,0,0,0,0,0,1,0,0,1
0,0,1,1,0.6757366545132419,1,1,0,0,0,0,1,1,1,1.015033270615123,1.0211850622994065,0.9687957464368155,1,0,0,0,0,0,0,0,0,1,0,0
0,0,1,1,0.7165253243371477,1,1,1,1,1,1,0,1,1,0.5042767712760937,0.7699129638133207,0.5273977072476074,0,0,1,0,0,0,0,0,0,1,0,0
1,0,1,0,1.3691440415196396,1,1,1,1,1,0,0,0,1,0.040103926599907705,0.9396617142116603,0.07181381654230651,0,0,0,1,1,0,0,0,0,0,1,0
0,0,0,0,-1.2821194970342338,1,0,0,0,0,0,0,0,0,-0.6819427206741592,-0.9870360441931048,-0.680442384555816,0,0,0,0,0,0,1,0,0,0,0,1
1,0,1,1,1.4915100509913568,1,1,1,0,1,1,1,1,0,0.732203938733576,1.7156277495277208,0.8232119842636144,0,0,0,1,0,0,0,0,0,0,1,0
0,0,0,0,-1.2821194970342338,1,0,0,0,0,0,0,0,0,-1.4988203792261565,-0.9978252527944751,-1.4940872713348206,0,1,0,0,0,0,1,0,0,0,0,0
0,0,1,1,0.4310046355698075,1,1,0,0,0,0,0,0,1,-1.3457597996196722,-0.5700803757389309,-1.3864902209920469,0,1,1,0,0,0,0,0,1,0,0,0
0,0,0,0,-1.2413308272103278,1,0,0,0,1,1,1,1,0,0.38282652876225326,-0.9358806926167508,0.5126825003339671,0,0,0,0,0,1,0,0,0,0,0,1
1,0,1,1,0.3902159657459017,1,0,0,0,0,0,0,0,0,-1.5154573987486004,-0.625388803538623,-1.4675733850039365,0,1,0,1,0,0,1,0,1,0,0,0
0,1,0,0,-1.1189648177386107,1,0,0,1,0,0,1,0,1,0.6590010528348226,-0.8340534163260187,0.44971202029811724,1,0,0,0,0,1,0,0,0,0,0,0
1,0,0,0,0.8796800036327707,1,0,0,0,0,0,0,0,0,-1.5054751870351342,-0.5632464778264541,-1.532876105041114,0,1,0,1,1,0,0,0,0,1,0,0
0,0,0,0,-1.0373874780907992,1,1,0,0,0,0,0,0,0,0.35121619166960966,-0.7952693976265923,0.12420671936092459,1,0,0,0,0,0,1,0,0,0,0,1
0,0,0,0,-0.9558101384429878,1,0,0,0,0,0,0,0,1,-0.7035708460533362,-0.8282522939823085,-0.6579792308588169,0,0,0,0,0,1,0,0,0,0,0,0
0,0,0,0,-1.1597534875625164,1,0,0,1,0,0,0,0,0,-0.4723162746913654,-0.9400557427883605,-0.8983533878377692,0,0,0,0,1,0,0,0,0,0,0,1
1,0,0,0,0.0639066071546558,1,1,0,0,0,0,0,0,0,-1.2908576351956074,-0.5757057064964682,-1.196342176490389,0,1,0,1,0,0,0,0,1,0,0,0
1,0,1,0,0.3902159657459017,0,0,0,0,0,0,0,0,1,-1.3241316742404952,-0.5243745633339411,-1.2861978858029333,0,0,0,0,1,0,0,0,1,0,0,0
1,0,1,1,1.5730873906391682,1,1,1,1,1,1,1,1,0,0.8486630753906835,1.923918805194499,0.9606411450070811,0,0,0,1,0,1,0,0,0,0,1,0
1,1,0,0,-0.5071347703800245,1,0,0,0,0,0,0,0,0,0.21312892963332478,-0.39602473147935197,0.1501051047591276,1,0,0,0,1,0,0,1,0,0,0,1
0,1,1,0,1.5322987208152625,1,1,1,1,1,1,1,1,1,1.6006563578051496,2.5038332740310785,1.6298640393760035,1,0,0,1,1,0,0,0,0,0,1,0
1,0,1,1,0.6349479846893362,1,0,0,1,1,0,0,0,1,-0.3026186755624374,0.15859772289658203,-0.32140017382509445,0,0,1,0,1,0,0,0,1,0,0,0
0,0,1,0,-1.078176147914705,1,0,0,0,0,0,0,0,0,-0.6403501718680493,-0.8643994388891394,-0.36531379806062103,0,0,0,0,0,0,1,0,0,0,0,0
1,1,1,0,-0.9965988082668935,1,0,1,0,0,0,1,0,0,-0.13292107643350912,-0.7639784952877916,0.13465248038190916,0,0,0,0,0,0,0,0,0,0,0,0
0,0,0,0,-1.2821194970342338,1,0,0,0,0,0,0,0,0,-0.6702968070084484,-0.9868822265552034,-0.6688425592860541,0,0,0,0,0,0,1,0,0,0,0,0
1,0,1,0,1.4915100509913568,1,1,1,1,1,1,0,1,1,1.4076669313447998,2.209162627708524,1.362615867408231,1,0,1,0,1,0,0,0,0,0,1,0
1,0,1,1,-0.38476876090830736,0,0,0,0,0,1,0,0,1,-1.1494429692548338,-0.7082525624709386,-1.1739032744477316,0,0,0,0,0,0,0,1,0,0,0,0
0,0,0,0,-0.26240275143659014,0,0,0,0,1,1,1,0,1,-0.6802790187219147,-0.4862937109792069,-0.6429660259919702,0,0,0,0,1,0,0,0,1,0,0,0
1,0,0,1,-1.2413308272103278,1,1,1,1,0,0,0,0,0,-0.1312573744812646,-0.9473950415110849,0.07851761166574028,0,0,0,0,0,0,0,0,0,0,0,0
1,1,1,1,1.450721381167451,1,1,0,1,1,0,0,0,1,0.6573373508825783,1.4912737376743814,0.6181531805178516,1,0,0,0,0,1,0,0,0,0,1,0
0,1,1,0,-0.7518667893234591,1,1,0,1,0,0,1,1,1,1.1747486580305848,-0.4045506234087443,1.0907799147984212,1,0,0,0,0,1,0,1,0,0,0,1
1,0,1,0,1.0428346829283937,1,1,1,1,1,0,1,1,1,0.7055847074976653,1.1427229701897907,0.6425662581574572,0,0,0,1,0,1,0,0,0,1,0,0
0,0,1,0,1.2059893622240165,1,0,1,1,1,0,1,0,1,0.2364207569647464,0.8762668734480086,0.13817385591022932,0,0,0,1,1,0,0,0,0,0,1,0
1,0,1,1,-0.7110781194995532,0,0,1,0,0,0,0,0,1,-1.154434075111567,-0.800147614142894,-1.1142758496449063,0,0,0,0,0,0,0,1,0,0,0,0
0,0,1,0,0.6757366545132419,1,0,0,0,0,0,0,0,1,-1.4888381675126903,-0.5787820592544963,-1.493613809078912,0,1,0,1,0,0,0,0,0,1,0,0
1,1,0,0,-1.2821194970342338,1,0,0,0,0,0,0,0,1,0.22477484329903583,-0.9750602423850666,0.22268686858992265,1,0,0,0,0,1,0,0,0,0,0,1
1,0,0,0,-0.5887121100278361,0,0,0,1,1,0,0,0,1,-1.044629746263437,-0.7428615309987554,-1.0472178121330453,0,0,0,0,1,0,0,1,0,0,0,1
0,0,0,1,0.6757366545132419,1,0,0,0,0,0,0,0,0,-1.4788559557992238,-0.5562367883278042,-1.4589157894673213,0,1,0,1,1,0,0,0,0,1,0,0
1,0,1,1,0.512581975217619,1,1,0,0,0,0,0,0,0,-1.3457597996196722,-0.5282859261262912,-1.3504703870425319,0,1,0,1,0,0,1,0,1,0,0,0
1,0,0,0,-0.6295007798517418,1,1,0,0,1,1,0,1,1,1.023351780376345,-0.2858034069488573,1.0452996875102556,1,0,0,0,0,0,0,1,0,0,0,0
0,0,1,1,1.4915100509913568,1,0,0,0,0,0,0,0,0,-1.4888381675126903,-0.41874579399221706,-1.5095296888264496,0,1,0,1,0,0,0,0,0,0,1,0
1,0,0,0,-1.2821194970342338,1,0,0,0,0,0,0,0,1,0.16654527497048202,-0.9758293305745737,0.16468774224111377,1,0,0,0,0,1,0,0,0,0,0,0
0,0,0,0,-0.09924807214096716,1,0,1,1,0,0,0,0,1,-0.31925569508488133,-0.33388240576718314,-0.4610399751677504,0,0,0,0,0,0,0,0,1,0,0,0
0,0,1,0,1.5730873906391682,1,1,0,0,0,0,0,0,0,-1.3074946547180513,-0.17670275378021574,-1.270539733238687,0,1,0,1,1,0,0,0,0,0,1,0
0,0,1,1,-1.1189648177386107,1,1,0,0,0,0,0,0,1,-1.3507509054764055,-0.9484278170798515,-1.275347709105027,0,1,0,0,0,0,1,0,0,0,0,0
1,0,0,0,0.6757366545132419,1,1,0,1,0,0,1,1,0,1.124837599463253,1.1559293131010402,1.176172214524802,1,0,0,0,0,1,0,0,0,1,0,0
1,1,0,0,0.9204686734566764,1,1,1,0,0,0,1,1,1,1.1281650033677415,1.4623340478006448,1.2332274907920264,1,0,0,0,0,1,0,0,0,1,0,1
0,1,0,0,-1.1597534875625164,1,1,1,0,0,0,0,0,1,0.5109315790850714,-0.8730791484564331,0.3643704486705841,1,0,0,0,0,1,0,0,0,0,0,0
0,0,0,0,-1.1597534875625164,1,0,0,0,0,0,0,1,1,0.4743301361356949,-0.8671242084748215,0.47664018610292136,1,0,0,0,0,1,0,0,0,0,0,1
0,0,0,0,-0.5887121100278361,1,0,0,0,0,0,0,0,1,-1.508802590939623,-0.8354817229636747,-1.4352595860381716,0,1,0,0,0,0,1,1,0,0,0,0
1,0,1,1,-0.2216140816126844,1,1,0,0,0,0,0,0,1,0.36119840338307596,-0.15879398593883753,0.21587427279657026,1,0,0,0,0,0,0,0,1,0,0,0
0,1,1,0,1.613876060463074,1,1,1,1,1,1,1,1,0,0.8054068246323289,1.7851972697557001,0.7721135131132421,0,0,0,1,1,0,0,0,0,0,1,0
0,0,0,0,-1.2005421573864221,1,0,0,0,0,0,0,0,0,-1.4988203792261565,-0.9814107134355677,-1.5200487850338114,0,1,0,0,0,0,1,0,0,0,0,0
0,0,1,0,-1.2005421573864221,1,1,0,0,0,0,0,0,1,0.36452580728756456,-0.8937786077283084,0.6828132709571401,1,0,0,0,0,1,0,0,0,0,0,1
1,0,1,1,1.0836233527522994,1,0,0,0,0,0,0,0,0,-1.5104662928918673,-0.5020929797865087,-1.507175694036295,0,1,0,1,0,0,1,0,0,1,0,0
1,0,1,0,-0.6702894496756475,1,1,0,0,0,0,0,0,1,0.29797772919778875,-0.44217002284977436,0.5081254261208463,1,0,0,0,0,0,0,1,0,0,0,1
1,0,0,0,-0.7926554591473648,1,0,0,0,1,0,1,0,1,0.6090899942674908,-0.5404375195205025,0.5519434474008527,1,0,0,0,0,1,0,1,0,0,0,1
0,0,1,1,0.18627261662637304,1,1,0,0,0,0,0,0,1,-1.357405713285383,-0.6277839639002306,-1.3799700713836507,0,1,0,1,0,0,0,0,1,0,0,0
0,0,1,1,-1.078176147914705,1,1,0,0,0,0,0,0,1,-0.5305458430199191,-0.8864612829538556,-0.6426048592711169,0,0,0,0,1,0,0,0,0,0,0,0
1,0,1,1,0.349427295921996,1,1,1,1,1,0,1,0,1,0.3212695565292104,0.3222377156754087,0.29212415016989035,0,0,0,0,1,0,0,0,1,0,0,0
0,1,0,0,-0.915021468619082,1,0,0,0,1,0,0,1,1,0.6556736489303335,-0.62615789172813,0.7166737132922059,1,0,0,0,1,0,0,0,0,0,0,1
0,0,0,0,-0.9965988082668935,1,0,1,0,0,1,0,1,0,0.03844022464766341,-0.7540682446172866,0.22807250175088328,0,0,0,0,0,0,0,0,0,0,0,0
1,0,0,0,-1.1597534875625164,1,0,0,0,0,0,0,0,1,-1.5054751870351342,-0.9768621061433402,-1.5922715066538755,0,1,0,0,0,0,1,0,0,0,0,0
1,0,0,0,-1.2821194970342338,1,0,0,0,0,0,0,0,1,-0.6636419991994706,-0.986794330762117,-0.662214087703333,0,0,0,0,0,0,1,0,0,0,0,0
1,0,0,1,0.5941593148654305,1,0,1,1,0,0,0,0,1,-0.31925569508488133,0.15985023794806508,-0.2804423308006567,0,0,0,0,0,1,0,0,1,0,0,0
1,0,0,0,-1.2005421573864221,1,0,0,0,0,0,1,1,1,0.901901537862504,-0.8892959222808959,0.795497287863397,1,0,0,0,0,1,0,0,0,0,0,0
0,0,0,0,-1.0373874780907992,1,0,0,0,0,0,1,0,1,0.49263085761038317,-0.7489922625665402,0.6227624748327263,1,0,0,0,0,1,0,0,0,0,0,1
0,1,1,0,0.3902159657459017,1,1,1,0,1,0,1,1,1,1.3411188532550242,1.0146807736110042,1.4772434811838515,1,0,1,0,0,0,0,0,1,0,0,0
0,0,0,0,-0.46634610055611886,1,0,0,0,0,0,0,0,1,0.12495272616437218,-0.35031891907436213,0.2046163924894091,1,0,0,0,0,1,0,1,0,0,0,0
1,0,0,0,-1.2413308272103278,1,0,0,0,0,0,0,0,0,-0.6836064226264035,-0.9708412443169138,-0.8055547856796751,0,0,0,0,0,1,0,0,0,0,0,1
0,0,0,0,-0.26240275143659014,1,1,0,0,1,0,1,1,1,1.184730869744051,0.13607442591816157,1.1622089801369464,1,0,0,0,0,0,0,0,1,0,0,0
1,0,0,0,-0.8334441289712705,1,1,0,0,1,0,1,0,1,0.8203801422025286,-0.5575112773275588,0.6699706072656175,1,0,0,0,0,1,0,0,0,0,0,0
0,0,0,1,-1.2821194970342338,1,0,1,0,0,0,0,0,1,0.2896592194365668,-0.9742032584024731,0.2873144665214522,1,0,0,0,0,0,1,0,0,0,0,1
0,0,0,1,0.6349479846893362,1,0,0,1,1,1,1,0,1,1.0183606745196117,1.0272938199189199,1.0434090297150618,1,0,0,1,0,0,1,0,1,0,0,1
1,0,0,0,-1.2821194970342338,1,0,0,0,0,0,0,0,1,-1.4871744655604457,-0.9976714351565737,-1.4824874460650588,0,1,0,0,0,0,0,0,0,0,0,1
1,1,1,0,0.6757366545132419,1,0,0,1,0,0,0,0,0,-0.5022629098317647,0.0474974404352223,-0.5297461122466075,0,0,0,1,0,0,1,0,0,1,0,0
1,0,1,1,0.7165253243371477,1,0,0,0,0,0,0,0,1,-0.6686331050562041,-0.026137260223008964,-0.6732504928885636,0,0,1,0,0,0,0,0,0,1,0,0
1,0,1,0,-1.1189648177386107,0,0,0,0,0,0,0,0,1,-1.3291227800972283,-0.9624252221288795,-1.4864645290146914,0,0,0,0,0,1,0,0,0,0,0,1
0,1,0,0,-1.078176147914705,0,0,0,0,0,0,1,1,1,-0.6819427206741592,-0.8909439684012681,-0.6989468677242453,0,0,0,0,0,1,0,0,0,0,0,0
1,0,0,0,-1.2413308272103278,1,0,0,0,0,0,0,0,0,-1.4855107636082014,-0.9903760843303925,-1.542143690309548,0,1,0,0,0,0,1,0,0,0,0,0
0,0,0,1,0.7165253243371477,1,0,1,0,1,1,1,0,1,0.19649191011088085,0.5220248533610661,0.15351876762422875,0,0,1,0,1,0,0,0,0,1,0,0
1,1,0,0,-0.9965988082668935,1,1,0,0,1,0,1,1,1,1.1880582736485397,-0.6464398459828442,1.2426429333811186,1,0,0,0,0,1,0,0,0,0,0,1
0,1,1,0,0.9612573432805821,1,1,0,0,0,1,0,0,1,0.3977998463324524,0.8725532761901033,0.37854472495684915,1,0,0,0,0,0,0,0,0,1,0,0
1,0,1,0,0.2270612864502788,1,0,0,0,0,0,0,0,0,-1.4805196577514683,-0.6797962994591782,-1.5035066783207927,0,1,0,1,0,0,0,0,1,0,0,0
1,0,1,0,1.2467780320479223,1,0,0,0,0,0,0,0,1,-1.4954929753216677,-0.4638802837421446,-1.502372860813222,0,1,0,1,0,0,0,0,0,0,1,0
1,0,1,0,1.0428346829283937,0,0,0,0,0,0,1,1,1,-0.6619782972472263,0.17536384542783554,-0.615214795662057,0,0,1,0,1,0,0,0,0,1,0,0
0,1,0,0,-1.2413308272103278,1,0,0,0,0,0,0,1,1,0.4893034537058941,-0.9208285380506844,1.080245379604454,1,0,0,0,0,1,0,0,0,0,0,1
0,0,1,1,0.7573139941610534,1,0,1,1,1,1,1,1,0,0.6856202840707327,0.9368051009363485,0.721641817728471,0,0,0,1,1,0,0,0,0,1,0,0
0,0,1,0,-0.26240275143659014,1,1,0,0,0,0,0,0,0,-1.2941850391000962,-0.7059233239541459,-1.2800003862736677,0,1,1,0,0,0,1,0,1,0,0,0
0,0,0,0,-0.9558101384429878,1,0,0,0,0,0,0,0,0,0.2031467179198585,-0.7109773320566207,0.32469168127957354,1,0,0,0,0,1,0,0,0,0,0,1
0,0,0,0,-0.017670732493155674,0,0,1,0,0,0,0,0,0,-1.1560977770638114,-0.5988662479747658,-1.191197190965014,0,0,1,0,0,0,1,0,1,0,0,0
1,0,0,0,-1.0373874780907992,1,0,1,0,0,0,0,0,0,0.3146147487202327,-0.7720429343034797,0.37443152160864285,1,0,0,0,0,0,1,0,0,0,0,0
1,0,0,1,0.5941593148654305,1,0,0,0,0,0,0,0,0,-1.4755285518947352,-0.5613347443268224,-1.4376042315714213,0,1,1,0,1,0,0,0,1,0,0,0
1,0,0,0,1.3691440415196396,1,1,1,1,1,1,1,1,1,1.6439126085635036,2.238431926806335,1.5558131078177826,1,0,1,0,0,0,0,0,0,0,1,0
0,0,1,0,-1.1597534875625164,0,0,0,0,0,0,0,0,1,-1.3224679722882509,-0.9626229876633243,-1.3238184075536745,0,0,0,0,0,1,0,0,0,0,0,0
0,0,0,0,-1.2821194970342338,1,0,0,0,0,0,0,0,0,0.15989046716150437,-0.9759172263676603,0.15805927065839268,1,0,0,0,0,0,0,0,0,0,0,1
1,1,1,0,0.6757366545132419,1,1,1,1,1,0,0,0,1,0.7754601894919302,0.8214418725102924,0.6613834674218457,1,0,0,0,0,1,0,0,0,1,0,0
1,0,0,0,0.7981026639849592,1,0,0,0,0,0,0,0,0,-1.5054751870351342,-0.5560609967416312,-1.4986443455479412,0,1,0,1,0,0,1,0,0,1,0,0
1,1,1,0,1.3283553716957337,1,0,0,0,0,0,0,0,1,0.2014830159676142,0.9953656730802417,0.17065336666556244,1,0,1,0,0,0,0,0,0,0,1,0
1,0,1,0,1.124412022576205,1,1,0,1,1,0,1,1,0,1.2512789478338266,1.6995867672894311,1.2493266422270295,1,0,1,0,0,0,0,0,0,1,0,0
0,0,1,1,-1.2821194970342338,1,0,0,0,0,0,0,0,0,-1.5121299948441116,-0.9980010443806482,-1.5073442145002625,0,1,0,0,0,0,1,0,0,0,0,1
0,0,1,1,-1.1597534875625164,1,0,0,0,0,0,0,1,0,0.530896002512004,-0.8734966534735941,0.35649913866610294,1,0,0,0,0,1,0,0,0,0,0,1
0,0,1,1,1.613876060463074,1,1,1,1,1,1,1,1,1,1.7137880905577685,2.7480297611736995,1.7805848302663212,1,0,0,1,1,0,0,0,0,0,1,0
0,0,1,1,1.0428346829283937,1,0,0,0,0,0,0,0,1,-0.6919249323876254,0.053935807278809846,-0.7730981317229031,0,0,1,0,0,0,1,0,0,1,0,0
1,0,0,0,-0.8742327987951762,0,0,0,1,1,0,0,0,0,-1.0047008994095714,-0.8379867530666405,-0.9963493143050425,0,0,0,0,0,0,1,0,0,0,0,0
1,0,0,0,-0.18082541178877864,1,0,0,0,0,0,0,0,0,-1.5520588416979773,-0.7715595074415038,-1.5190624053340014,0,1,1,0,1,0,0,0,1,0,0,0
0,0,1,0,1.613876060463074,1,1,1,1,1,1,1,1,1,0.8736186046743495,1.9106685143867057,0.9035321684512175,0,0,0,1,0,0,0,0,0,0,1,0
1,0,1,0,1.613876060463074,1,1,0,1,1,0,1,1,1,1.2928714966399366,2.2219514656026127,1.2295701144263078,1,0,0,1,0,0,0,0,0,0,1,0
0,0,1,0,-0.18082541178877864,1,0,1,0,0,0,1,1,1,0.9135474515282146,0.13737088886618784,0.9289741888416422,1,0,0,0,0,0,1,0,1,0,0,1
1,0,0,0,-1.2821194970342338,1,0,0,0,1,1,0,0,0,-0.3275742048461033,-0.9823555932112477,-0.3274762727759219,0,0,0,0,0,0,1,0,0,0,0,0
1,0,0,0,-0.26240275143659014,1,1,1,1,0,0,0,0,0,-0.11129295105433205,-0.3113151608922194,-0.1354418027880524,0,0,1,0,0,1,0,0,1,0,0,0
0,0,0,1,-0.5479234402039304,1,0,0,0,0,0,0,0,0,-1.4771922538469795,-0.8313945685851516,-1.456758510316339,0,1,0,1,0,0,1,1,0,0,0,0
0,0,1,0,1.5322987208152625,1,1,0,0,1,0,1,1,1,1.2263234185501608,2.1002597400743275,1.1950836497750958,1,0,1,0,0,1,0,0,0,0,1,0
1,0,0,0,-0.1400367419648729,1,1,0,1,1,0,0,1,0,0.19981931401536993,-0.1431485347694372,0.09326024673765433,0,0,1,0,1,0,0,0,1,0,0,0
0,0,0,0,-0.7926554591473648,1,0,0,0,0,0,0,1,1,0.5192500888462934,-0.5618840930336131,0.4275321346174735,1,0,0,0,0,1,0,1,0,0,0,0
0,0,0,0,0.5941593148654305,1,0,0,0,1,1,1,1,0,0.3179421526247218,0.536154102099724,0.32334796629560625,0,0,0,1,0,0,1,0,1,0,0,0
1,0,1,1,1.5322987208152625,1,1,1,1,1,1,1,1,1,1.7187791964145014,2.5762154596378273,1.7078432729241568,1,0,0,1,1,0,0,0,0,0,1,0
1,0,1,1,1.2059893622240165,1,0,1,1,1,1,1,1,0,1.4392772684374435,1.9931806901466753,1.496716525580094,1,0,0,1,0,0,1,0,0,0,1,0
1,0,0,0,-0.4255574307322131,1,0,0,0,0,0,0,0,0,-1.5071388889873785,-0.8208690473630409,-1.5154791568972383,0,1,1,0,0,0,1,1,0,0,0,0
1,1,1,0,-0.3439800910844016,1,1,1,0,0,0,0,0,1,0.46434792442222816,-0.2276823137703967,0.2953929162628936,1,0,0,0,0,1,0,1,0,0,0,1
0,0,1,1,-1.2821194970342338,1,0,0,0,0,0,0,0,1,-1.5271033124143112,-0.9981988099150928,-1.522258275561385,0,1,0,0,0,0,1,0,0,0,0,0
1,0,1,1,-1.1597534875625164,1,0,0,0,0,0,0,0,0,-1.5104662928918673,-0.9639853724561653,-1.3495037349367185,0,1,0,1,1,0,0,0,0,0,0,0
1,0,0,0,1.0428346829283937,1,0,0,1,1,1,1,0,0,0.17320008277945922,0.7728794468299908,0.16168778742996828,0,0,0,1,0,0,0,0,0,1,0,0
0,0,0,0,-0.9558101384429878,1,0,0,0,0,0,0,0,1,-1.4788559557992238,-0.9417037889087326,-1.6086125303473893,0,1,0,0,1,0,0,0,0,0,0,0
1,0,0,0,-0.8334441289712705,1,1,0,1,1,0,1,1,1,1.391029911822356,-0.45548623550238193,1.3111371397359028,1,0,0,0,0,1,0,0,0,0,0,1
1,1,1,0,1.450721381167451,1,1,0,1,1,0,1,1,1,1.3444462571595126,2.201493719761725,1.405795937963167,1,0,0,0,0,1,0,0,0,0,1,1
1,1,0,0,0.8796800036327707,1,1,0,1,0,0,0,1,1,0.8370171617249725,1.1608734514621568,0.8749161973822952,1,0,0,0,0,1,0,0,0,1,0,0
1,1,1,0,-0.38476876090830736,1,0,0,0,0,0,0,0,1,-1.4688737440857575,-0.7933137162304172,-1.4528034211511345,0,1,1,0,0,1,0,1,0,0,0,0
0,0,0,0,-1.2821194970342338,1,0,0,0,0,0,0,0,1,-0.6653057011517152,-0.9868163047103885,-0.6638712055990134,0,0,0,0,0,0,0,0,0,0,0,1
0,0,1,0,0.18627261662637304,1,1,1,0,1,1,0,1,1,1.1414746189856968,0.6435188133549067,1.2111800868482707,1,0,1,0,0,1,0,0,1,0,0,1
1,0,1,1,1.5322987208152625,1,1,0,1,0,0,1,1,0,1.1115279838452976,2.008057053126569,1.095751268485462,1,0,0,1,0,0,0,0,0,0,1,1
1,0,0,0,-0.8742327987951762,1,0,0,1,0,0,1,0,1,-0.12127516276779832,-0.6857512394407898,0.047333665810666524,0,0,1,0,0,1,0,0,0,0,0,0
1,0,1,1,-0.8742327987951762,1,0,0,0,0,0,0,0,0,-1.46221893627678,-0.8890542088499079,-1.3464531315378523,0,1,0,0,0,0,0,0,0,0,0,0
0,0,1,1,-0.38476876090830736,1,1,1,0,1,1,1,0,1,0.40778205804591916,-0.23332961847620548,0.3832832072625871,0,0,0,1,0,0,0,1,0,0,0,0
1,1,0,0,-0.46634610055611886,1,1,0,1,1,0,1,1,1,1.312835920066869,-0.008118622640272594,1.4334876777002943,1,0,0,0,0,1,0,1,0,0,0,0
0,0,0,0,-1.1189648177386107,1,1,0,1,0,0,0,1,1,-0.029771555394356653,-0.843831823306894,0.30222852758257457,0,0,0,0,0,1,0,0,0,0,0,0
0,0,1,1,-1.2413308272103278,1,0,0,0,0,0,0,0,1,0.22477484329903583,-0.9468896407008374,0.0975744674660633,1,0,0,0,0,1,0,0,0,0,0,0
0,0,0,1,-0.7926554591473648,1,0,1,1,0,0,0,0,1,-0.2959638677534597,-0.6705452672368221,-0.20281001877782273,0,0,0,0,0,1,0,1,0,0,0,0
0,0,0,0,-0.30319142126049586,1,1,0,0,0,0,0,0,0,-1.335777587906206,-0.7023855182824136,-1.2344500394396385,0,1,0,1,1,0,0,0,1,0,0,1
0,0,1,0,-0.5479234402039304,1,0,1,0,0,0,0,0,1,0.27634960381861196,-0.3732157731734004,0.3617975550957119,1,0,0,0,0,1,0,1,0,0,0,1
0,0,1,1,1.287566701871828,1,1,1,0,0,1,0,0,1,0.7288765348290869,1.3346654083424763,0.6067498333809414,1,0,0,0,0,0,0,0,0,0,1,0
1,0,1,0,-0.6295007798517418,1,0,0,0,1,0,1,1,1,1.0566258194212328,-0.30854644340999404,0.9444104509203105,1,0,1,0,0,0,0,1,0,0,0,0
1,0,0,0,-0.5479234402039304,1,0,0,1,1,0,0,0,1,0.44438350099529567,-0.3513077467465855,0.44875263625325,1,0,0,0,0,1,0,1,0,0,0,1
0,0,0,0,0.0639066071546558,1,1,1,1,1,0,1,1,1,1.4941794328615081,0.569972008489762,1.3447993777736424,1,0,0,0,0,0,1,0,1,0,0,1
0,0,1,1,1.4915100509913568,1,1,0,1,0,1,0,1,1,0.9451577886208582,1.8052594845276986,0.9211740697198428,1,0,0,1,0,0,0,0,0,0,1,0
0,0,0,0,1.5322987208152625,1,1,1,1,1,0,1,1,1,1.5390993855721071,2.393941558724659,1.511474802286047,1,0,0,1,0,0,1,0,0,0,1,0
0,0,1,1,1.2059893622240165,1,1,1,0,0,0,1,1,1,1.2063589951232283,1.9108662799211507,1.3965945314314134,1,0,0,1,0,0,0,0,0,0,1,0
0,0,0,0,-1.078176147914705,1,0,0,0,1,1,1,1,1,1.1664301482693626,-0.7658682548391517,0.8731056426444218,1,0,0,0,0,0,1,0,0,0,0,1
1,0,0,1,-0.1400367419648729,1,0,0,0,0,0,0,0,0,-1.4988203792261565,-0.7714056898036025,-1.5404865724138677,0,1,1,0,0,0,1,0,1,0,0,0
1,0,1,0,0.2270612864502788,1,0,1,1,0,0,0,0,1,0.4843123478491612,0.31762318653836646,0.47592064806927087,1,0,0,0,0,1,0,0,1,0,0,1
0,0,1,1,-1.2005421573864221,0,0,0,1,0,0,0,1,0,-0.8183662807581995,-0.965897105955797,-1.1300737069170583,0,0,0,0,0,0,1,0,0,0,0,0
0,0,0,0,-1.2821194970342338,1,0,0,0,0,0,1,1,0,0.8536541812474164,-0.9667540899383905,0.8490774331570583,1,0,0,0,0,1,0,0,0,0,0,1
0,1,0,0,-1.2413308272103278,1,1,0,0,0,0,1,1,1,0.9634585100955464,-0.9314639290141533,0.6792228488498323,1,0,0,0,0,1,0,0,0,0,0,1
1,0,1,1,1.1652006924001108,0,0,1,0,1,0,0,0,0,-1.0413023423589483,-0.07608404464442335,-1.0016515976463622,0,0,0,0,0,0,0,0,0,0,1,0
1,0,0,0,-0.26240275143659014,1,0,0,1,0,0,0,0,0,0.35287989362185396,-0.11963641011879342,0.42052125121267275,1,0,1,0,0,0,0,0,1,0,0,0
1,0,0,0,-0.09924807214096716,1,0,0,0,0,0,0,0,0,-1.5038114850828896,-0.7318525829146689,-1.4614420487899198,0,1,1,0,0,0,1,0,1,0,0,0
1,0,0,0,1.5730873906391682,1,0,0,0,0,0,0,0,1,-1.4971566772739122,-0.41101096420060346,-1.5194108335434555,0,1,0,1,1,0,0,0,0,0,1,0
1,0,0,0,1.4915100509913568,1,1,0,0,1,1,1,1,1,1.3843751040133783,2.223094110912738,1.3778421390873794,1,0,0,1,0,0,0,0,0,0,1,1
0,1,0,0,-1.2821194970342338,1,0,0,0,0,0,0,0,1,0.18817340034965888,-0.9755436692470424,0.18623027488495678,1,0,0,0,0,1,0,0,0,0,0,1
0,0,1,0,-0.5887121100278361,0,0,0,0,1,0,1,0,1,-0.8599588295643094,-0.7121639252632888,-0.9186070510071946,0,0,0,0,0,1,0,1,0,0,0,1
0,0,0,0,-0.9558101384429878,1,0,0,1,1,0,0,0,0,0.5209137907985377,-0.7191736147619385,0.25601335071415854,1,0,0,0,0,1,0,0,0,0,0,0
1,0,0,0,1.4099327113435454,0,0,1,0,1,1,1,0,1,-0.5172362274019641,0.4531145515812352,-0.5090172482131319,0,0,1,0,0,0,0,0,0,0,1,0
1,0,1,1,-0.1400367419648729,1,1,1,0,0,1,1,0,0,0.13826234178232705,-0.1458513304068476,0.08623178118011422,0,0,1,0,0,0,0,0,1,0,0,0
0,0,0,0,0.349427295921996,1,0,0,1,0,1,1,1,1,1.1281650033677415,0.733414235734144,1.0484165907544978,1,0,0,1,0,0,0,0,1,0,0,0
1,0,1,1,0.3902159657459017,0,0,0,1,1,0,0,1,1,-0.6586508933427375,-0.1060345361386545,-0.5350500168038698,0,0,1,0,1,0,0,0,1,0,0,0
0,0,1,1,0.18627261662637304,1,1,0,0,0,0,0,0,0,-1.2792117215298964,-0.6059198853699591,-1.3354070360808978,0,1,0,0,0,0,1,0,1,0,0,0
0,1,1,0,1.3283553716957337,1,0,0,1,1,1,1,1,1,1.362746978634201,1.949166871758601,1.2772512032793637,1,0,0,1,1,0,0,0,0,0,1,0
0,0,1,1,1.287566701871828,1,1,0,1,1,0,0,1,1,0.9301844710506585,1.6218649122526767,0.9451643786393932,1,0,1,0,0,1,0,0,0,0,1,0
1,0,0,0,1.450721381167451,1,1,1,1,1,0,0,1,0,0.3944724424279638,1.2933543855918124,0.39865816748267396,0,0,1,0,1,0,0,0,0,0,1,0
1,1,1,1,-1.2821194970342338,1,0,0,0,0,1,0,0,1,-0.5205636313064529,-0.9849045712107568,-0.5197019486748313,0,0,0,0,1,0,0,0,0,0,0,1
0,0,0,1,-0.5479234402039304,1,0,1,1,1,0,0,0,1,-0.1429032881469754,-0.4361931089198911,0.11183440304204836,0,0,0,0,0,1,0,1,0,0,0,0
0,0,0,0,-0.915021468619082,1,1,0,0,0,0,0,1,0,0.7172306211633763,-0.641407811828641,0.6016697313319967,1,0,0,0,0,1,0,0,0,0,0,1
0,0,1,1,1.002046013104488,1,0,1,1,0,0,0,0,0,-0.3808126673179237,0.3351803712073985,-0.37681187047713915,0,0,1,0,0,1,0,0,0,1,0,0
0,0,1,0,-1.1597534875625164,1,0,0,0,0,0,0,0,0,-1.4888381675126903,-0.9663805328177729,-1.3946601975940052,0,1,0,0,0,1,0,0,0,0,0,0
1,0,0,0,-1.2413308272103278,1,0,1,0,1,0,0,0,0,-0.3808126673179237,-0.9540311738891171,-0.17170719058197795,0,0,0,0,0,1,0,0,0,0,0,0
0,0,0,0,-0.7926554591473648,1,1,0,1,1,0,0,0,1,0.6506825430736006,-0.5413164774513677,0.5468446231064521,1,0,0,0,0,1,0,1,0,0,0,1
0,0,1,1,0.4717933053937132,1,0,0,0,0,0,0,0,0,-1.5071388889873785,-0.6636454474795302,-1.5642511495087368,0,1,0,0,0,0,1,0,1,0,0,0
1,0,1,1,0.1454839468024673,1,0,1,0,1,0,0,1,1,-0.03975376710782292,-0.0447491944090793,-0.1371839010886394,0,0,1,0,1,0,0,0,1,0,0,0
0,0,1,0,0.10469527697856156,1,0,0,1,0,1,0,0,0,-0.26768093456530495,-0.18863460769171073,-0.3896418669767269,0,0,0,0,0,1,0,0,1,0,0,0
1,1,1,0,1.0836233527522994,1,1,0,0,0,0,1,1,1,0.9634585100955464,1.4434364522870433,0.9795684457558798,1,0,0,0,0,0,0,0,0,1,0,1
1,0,1,1,1.3283553716957337,1,0,1,0,0,1,1,1,1,0.32958806629043236,1.1118056249716075,0.30574671634571104,0,0,0,1,0,0,0,0,0,0,1,1
1,0,0,0,-1.1597534875625164,1,0,1,0,1,0,0,0,0,-0.2710083384697938,-0.8988106418825115,-0.1207508152898101,0,0,0,0,0,1,0,0,0,0,0,0
0,0,0,0,-0.3439800910844016,1,1,0,0,1,0,1,0,1,0.800415718775596,-0.0956188846579021,0.7103628559728237,1,0,0,0,1,0,0,1,0,0,0,0
0,0,1,0,0.9204686734566764,1,1,1,1,0,1,0,0,1,0.03844022464766341,0.5149712159658728,-0.06574203350729706,0,0,1,0,1,0,0,0,0,1,0,0
1,0,1,1,0.3902159657459017,1,0,0,0,1,1,1,1,0,0.27468590186636765,0.3506720047388975,0.2849866104299013,0,0,1,0,0,1,0,0,1,0,0,0
1,0,0,0,-1.2413308272103278,1,0,0,0,0,0,0,0,0,-1.517121100700845,-0.9941116555365695,-1.6829987114423695,0,1,1,0,1,0,0,0,0,0,0,1
1,0,0,0,-1.078176147914705,1,0,0,1,0,0,0,1,1,0.6490188411213563,-0.7620447878398882,0.9211620616191498,1,0,0,0,0,1,0,0,0,0,0,1
0,0,1,1,-0.09924807214096716,1,1,0,1,1,1,1,1,1,1.417649143058266,0.4184616351568752,1.430173441908934,1,0,0,0,0,1,0,0,1,0,0,0
1,0,1,1,1.613876060463074,1,1,1,1,1,1,1,1,1,0.8153890363457957,1.7958106867708976,0.7832300123300974,0,0,0,1,0,0,1,0,0,0,1,0
0,0,1,1,-0.46634610055611886,1,0,0,1,0,0,1,0,1,-0.2011328564755292,-0.47238420172326523,-0.23373074610601016,0,0,1,0,1,0,0,1,0,0,0,0
1,0,1,1,-1.078176147914705,1,0,0,0,0,0,0,0,1,-1.4805196577514683,-0.959260973577765,-1.5576101240025635,0,1,0,1,1,0,0,0,0,0,0,0
1,0,0,0,1.0428346829283937,1,1,0,0,0,1,0,0,0,0.5242411947030268,1.1061802942140706,0.5950526881485562,1,0,0,0,0,0,0,0,0,1,0,0
0,0,1,0,-0.5071347703800245,1,0,0,0,0,0,0,0,1,-1.4938292733694234,-0.8235278951039081,-1.4618563282638397,0,1,1,0,0,0,1,1,0,0,0,0
1,1,0,0,-1.1189648177386107,0,0,0,0,1,1,1,0,0,-0.6486686816292713,-0.9121708024316624,-0.7284988035305432,0,0,0,0,1,0,0,0,0,0,0,0
0,1,1,0,-1.1189648177386107,1,0,0,0,0,0,0,0,1,0.14824455349579332,-0.8564228956665378,0.1123228167376178,1,0,0,0,0,1,0,0,0,0,0,0
1,0,1,0,1.002046013104488,1,1,0,0,1,1,1,1,0,1.4326224606284659,1.6170745915294615,1.319175615142141,1,0,0,1,0,1,0,0,0,1,0,0
0,0,0,0,-0.09924807214096716,1,1,0,1,1,1,1,1,0,1.5158075582406856,0.4556195816842011,1.5235796539621111,1,0,1,0,1,0,0,0,1,0,0,0
1,0,1,1,-0.5071347703800245,1,0,0,0,0,0,0,0,0,-1.492165571417179,-0.8307573240852743,-1.4891159176477797,0,1,0,1,0,0,1,1,0,0,0,0
0,0,1,0,-0.5071347703800245,1,0,0,0,0,0,0,0,0,-1.5187848026530892,-0.841634428479731,-1.530129585565866,0,1,0,0,0,0,0,1,0,0,0,0
1,0,1,0,0.7573139941610534,1,1,1,0,1,1,1,1,1,1.552409001190062,1.5074245896540293,1.5654072591995465,1,0,1,0,0,1,0,0,0,1,0,0
1,0,1,1,0.9612573432805821,0,0,1,1,0,1,1,0,1,-0.42906002393301124,0.26130395711817944,-0.4445989983313226,0,0,1,0,0,0,1,0,0,1,0,0
1,0,0,0,-0.5887121100278361,1,1,0,0,0,0,0,0,0,-1.369051626951094,-0.8199900894321758,-1.3703558017906952,0,1,1,0,0,0,1,1,0,0,0,0
0,0,1,1,0.10469527697856156,1,1,0,0,0,0,0,0,1,-1.3025035488613181,-0.6186867493157759,-1.3162548480155338,0,1,0,0,0,1,0,0,1,0,0,0
0,0,0,0,1.5322987208152625,1,1,0,1,1,1,0,0,1,0.8436719695339502,1.7999417890459637,0.8715432171999237,1,0,1,0,0,0,0,0,0,0,1,0
1,0,0,0,1.613876060463074,1,1,0,0,0,0,0,0,0,-1.335777587906206,-0.22533110130533235,-1.3337150838750984,0,1,0,1,0,0,0,0,0,0,1,0
1,1,1,1,-0.3439800910844016,1,1,1,0,0,0,0,0,1,0.49762196346711607,-0.1901068622259099,0.4134625663301117,1,0,0,0,0,1,0,1,0,0,0,0
1,0,0,0,-0.7110781194995532,1,1,0,1,0,1,0,0,1,-0.20945136623675115,-0.5935705264413031,-0.07570482715890187,0,0,0,0,1,0,0,1,0,0,0,1
1,0,0,0,-0.3439800910844016,1,0,0,0,0,0,1,1,1,0.8469993734384388,-0.022775246137449575,0.9392522653136588,1,0,0,0,0,1,0,1,0,0,0,1
1,0,0,0,-1.2821194970342338,1,1,0,0,0,0,0,0,1,0.35121619166960966,-0.9733902223164229,0.34862782866162184,1,0,0,0,0,1,0,0,0,0,0,1
1,0,1,0,-0.6295007798517418,0,0,0,0,1,1,1,1,0,-0.3425475224163027,-0.5957239733719228,-0.32952330076470343,0,0,1,0,0,1,0,1,0,0,0,0
1,1,0,0,1.002046013104488,1,0,0,0,1,1,0,0,1,-0.3791489653656794,0.327621333001958,-0.3868127223387884,0,0,1,0,0,1,0,0,0,1,0,0
0,1,1,0,0.5533706450415247,1,1,0,0,0,1,1,1,0,1.1764123599828291,1.0826681695634268,1.2731194929408034,1,0,1,0,0,1,0,0,1,0,0,0
0,0,1,0,-1.0373874780907992,1,0,1,0,1,1,1,1,0,0.5442056181299593,-0.7516071624108641,0.5945914706061626,0,0,0,0,0,0,0,0,0,0,0,0
1,0,1,1,-1.1597534875625164,1,0,0,0,0,1,0,1,0,-0.11462035495882066,-0.9056665137432599,-0.25000601115286986,0,0,0,0,1,0,0,0,0,0,0,1
1,0,0,0,-1.2821194970342338,1,0,0,0,0,0,0,0,1,0.1565630632570153,-0.9759611742642035,0.15474503486703187,1,0,0,0,0,1,0,0,0,0,0,1
1,0,0,0,-1.2821194970342338,1,0,0,0,0,0,0,0,0,-1.5054751870351342,-0.9979131485875615,-1.5007157429175417,0,1,0,0,0,0,1,0,0,0,0,0
0,0,1,0,1.287566701871828,1,1,0,1,1,1,1,1,1,1.5390993855721071,2.049324127980689,1.44885054152483,1,0,0,0,0,1,0,0,0,0,1,0
1,0,1,1,0.3902159657459017,1,0,1,0,0,1,0,1,0,-0.03975376710782292,0.20788528886984753,0.02860679885537078,0,0,1,0,1,0,0,0,1,0,0,0
0,0,0,0,1.3283553716957337,1,1,1,1,0,1,0,0,1,0.8303623539159949,1.5620518250573003,0.8281212653070712,1,0,1,0,0,1,0,0,0,0,1,0
0,0,0,0,0.2270612864502788,1,1,1,1,1,0,0,0,1,0.04176762855215248,0.101992832148864,0.047991755692683054,0,0,0,0,0,0,0,0,1,0,0,0
0,0,0,0,-0.09924807214096716,1,1,1,0,0,1,1,1,0,1.3810477001088897,0.4050135788146378,1.396368236837057,1,0,0,0,0,0,0,0,1,0,0,0
0,0,0,0,1.3283553716957337,1,0,1,1,1,1,1,1,1,0.6639921586915555,1.392654657831307,0.6315870828793928,0,0,0,1,0,0,0,0,0,0,1,0
1,0,1,1,0.7165253243371477,1,1,0,0,0,0,0,0,0,-1.3291227800972283,-0.4521681693133659,-1.3158145281175389,0,1,0,1,0,0,1,0,0,1,0,0
0,0,0,0,-1.2821194970342338,1,0,0,0,0,0,0,0,0,0.154899361304771,-0.975983148212475,0.1530879169713517,1,0,0,0,0,0,1,0,0,0,0,1
1,0,0,0,-0.9965988082668935,1,0,1,0,1,0,0,1,1,0.06006835002684072,-0.7520905892728399,0.24671507807728615,0,0,0,0,0,1,0,0,0,0,0,0
1,0,0,1,-1.1189648177386107,1,0,0,0,0,1,0,0,1,-0.5405280547333856,-0.9031834575885659,-0.5929465596638985,0,0,0,0,0,0,0,0,0,0,0,0
1,0,0,0,-1.2821194970342338,0,0,0,0,0,0,0,0,1,-1.3524146074286498,-0.9958915453465716,-1.3482608965149583,0,0,0,0,0,1,0,0,0,0,0,1
1,0,0,0,-0.915021468619082,1,0,0,0,0,0,0,0,1,0.16987267887497062,-0.6813344758381922,0.3005714096868944,1,0,0,0,0,1,0,0,0,0,0,1
1,0,0,1,-1.2821194970342338,1,0,0,0,0,1,0,0,1,-0.4989355059272758,-0.9846189098832255,-0.498159416030988,0,0,0,0,0,0,1,0,0,0,0,1
0,0,0,0,-0.1400367419648729,1,0,0,0,0,0,1,0,1,0.46601162637447296,0.04123486517780783,0.5727387385532756,1,0,0,0,0,1,0,0,1,0,0,1
0,0,1,0,1.613876060463074,1,1,0,0,1,0,1,1,1,1.096554666275098,2.000058535955696,0.9971593295571525,1,0,0,1,0,1,0,0,0,0,1,0
0,0,0,1,-1.2413308272103278,1,0,0,0,0,0,0,0,0,-1.4771922538469795,-0.9897388398305154,-1.5181154808221842,0,1,1,0,0,0,0,0,0,0,0,0
1,0,0,0,-0.05845940231706142,1,0,0,0,0,0,0,0,0,-1.4788559557992238,-0.7259196168813289,-1.4692839583156065,0,1,0,1,0,0,1,0,1,0,0,0
1,0,1,1,1.4099327113435454,1,1,0,1,1,0,0,0,0,0.7488409582560199,1.5946391903441275,0.7758427154091596,1,0,1,0,0,1,0,0,0,0,1,1
1,0,1,0,1.613876060463074,1,1,1,1,1,1,1,1,1,0.8037431226800846,1.7421503050915776,0.7270260970349419,0,0,0,1,0,0,0,0,0,0,1,0
1,0,0,0,-1.2821194970342338,1,0,0,0,0,0,0,0,0,-1.492165571417179,-0.9977373570013884,-1.4874587997520996,0,1,0,0,0,0,0,0,0,0,0,1
0,0,0,0,-0.1400367419648729,1,1,0,0,0,0,1,1,1,0.2031467179198585,-0.09238871426197257,0.22525825842804684,0,0,1,0,1,0,0,0,1,0,0,0
0,0,0,0,0.6757366545132419,1,1,0,0,0,0,0,1,1,0.6523462450258449,0.7103635639972042,0.4904297743062606,1,0,0,0,0,1,0,0,0,1,0,0
0,0,0,0,0.7165253243371477,1,1,1,0,1,1,1,1,1,0.5857981669360691,0.8300776341810432,0.6181414832150585,0,0,1,0,1,0,0,0,0,1,0,0
0,0,0,1,0.0639066071546558,1,0,1,0,1,1,1,0,0,0.0916786871194843,0.021524233578156013,0.1283286260594236,0,0,0,1,1,0,0,0,1,0,0,0
1,0,1,1,1.450721381167451,1,0,0,0,1,1,1,1,1,0.26803109405738995,1.170300275270686,0.2621896348972415,0,0,0,1,0,0,0,0,0,0,1,0
0,0,1,0,-1.1189648177386107,1,0,1,0,1,0,0,1,1,0.7987520168233517,-0.8069595381070993,0.8583572933728678,1,0,0,0,0,0,1,0,0,0,0,1
1,1,0,0,-1.1597534875625164,0,0,0,1,0,0,1,1,1,-0.4639977649301434,-0.9154229467758637,-0.43394609757337815,0,0,0,0,1,0,0,0,0,0,0,0
1,1,0,0,-1.2821194970342338,1,1,0,0,1,0,1,0,1,0.7954246129188627,-0.9675231781278976,0.7910783068082494,1,0,0,0,0,1,0,0,0,0,0,1
1,1,1,1,1.287566701871828,1,1,1,0,1,1,1,1,1,1.5540727031423063,2.113312265347675,1.5242494057782818,1,0,0,1,0,0,0,0,0,0,1,0
0,0,1,0,1.613876060463074,1,1,0,0,0,0,0,0,0,-1.332450184001717,-0.18391020881331033,-1.290330816745136,0,1,0,1,1,0,0,0,0,0,1,0
0,0,1,0,1.613876060463074,1,1,1,1,1,0,1,1,1,1.4858609231002862,2.581840790395364,1.6065184046409078,1,0,0,1,0,1,0,0,0,0,1,0
1,0,1,1,1.5730873906391682,1,1,1,0,1,0,1,1,0,1.3527647669207348,2.2480125682527654,1.3048782132238144,1,0,0,1,0,1,0,0,0,0,1,0
0,0,1,0,1.5322987208152625,1,1,1,1,1,1,1,1,1,0.99506884718819,2.0078592875921246,1.095538210470303,0,0,0,1,1,0,0,0,0,0,1,0
1,1,0,0,-0.3439800910844016,1,1,0,1,1,0,1,1,1,1.2662522654040265,0.0906982227372462,1.2958087992008598,1,0,0,0,1,0,0,1,0,0,0,1
0,0,1,1,1.613876060463074,0,0,1,0,1,0,1,1,1,-0.36916675365221313,0.7304697266657454,-0.3326087351472649,0,0,0,1,1,0,0,0,0,0,1,0
0,0,0,0,-1.2821194970342338,1,0,0,0,0,0,0,1,1,-0.31426458922814793,-0.9821798016250748,-0.3142193296104797,0,0,0,0,0,1,0,0,0,0,0,0
1,1,0,0,-1.1189648177386107,1,0,0,1,0,0,0,1,1,0.687283986022977,-0.8270217528790973,0.5557675656216536,1,0,0,0,0,1,0,0,0,0,0,0
0,0,1,0,1.613876060463074,1,1,1,0,1,1,1,1,1,1.505825346527219,2.4570727121090505,1.4758362461454566,1,0,0,1,1,0,0,0,0,0,1,0
1,0,1,0,1.1652006924001108,1,0,0,1,1,1,0,1,0,0.9734407218090131,1.512478597756504,0.9622504356718772,1,0,0,0,1,0,0,0,0,0,1,0
0,0,0,0,-1.0373874780907992,1,0,0,0,0,0,1,0,1,0.46933903027896157,-0.7767233852853368,0.3240077913543727,1,0,0,0,0,1,0,0,0,0,0,1
0,0,1,1,1.287566701871828,1,1,1,0,0,1,1,1,1,1.3144996220191139,1.947452903793414,1.3288130639564921,1,0,1,0,0,0,0,0,0,0,1,0
0,1,0,0,-0.7926554591473648,1,0,0,1,1,0,0,0,1,-0.3358927146073252,-0.6851579428374558,-0.2875779726722359,0,0,0,0,0,1,0,1,0,0,0,0
1,1,0,0,-0.5071347703800245,1,0,1,0,0,1,0,0,0,-0.3625119458432355,-0.5425030706580356,-0.4022122898711012,0,0,1,0,0,0,1,1,0,0,0,0
0,0,1,0,-0.26240275143659014,1,1,0,1,0,0,0,0,0,0.4793212419924278,-0.12064721173928836,0.4175894272433921,1,0,0,0,0,0,0,0,1,0,0,0
1,1,1,0,-0.38476876090830736,1,1,0,1,1,0,1,1,1,1.3161633239713582,-0.046353292632908306,0.9963447800601211,1,0,0,0,0,1,0,1,0,0,0,0
0,0,0,0,-0.915021468619082,0,0,1,1,1,0,0,0,0,-0.8050566651402442,-0.8090910110894474,-0.6628769348616053,0,0,0,0,0,0,0,0,0,0,0,0
1,0,1,0,1.450721381167451,1,1,0,0,0,0,0,0,0,-1.3257953761927397,-0.2905497797755293,-1.3579111713192138,0,1,0,1,1,0,0,0,0,0,1,0
1,1,0,0,-1.0373874780907992,0,0,0,1,0,1,0,1,1,-0.6819427206741592,-0.8897354012463284,-0.8935003997147055,0,0,0,0,0,1,0,0,0,0,0,0
1,0,1,1,-1.0373874780907992,1,0,0,1,0,1,1,0,1,0.8270349500115063,-0.7389941161029486,0.7304751380519428,1,0,0,0,0,1,0,0,0,0,0,1
0,1,0,0,-0.26240275143659014,1,1,0,1,0,0,1,0,1,0.8070705265845737,-0.005569644640763468,0.7513712126156038,1,0,0,0,0,1,0,0,1,0,0,1
0,0,1,1,0.4310046355698075,1,0,0,0,0,0,0,0,0,-1.4938292733694234,-0.6470770904827214,-1.521526060677247,0,1,1,0,0,0,1,0,1,0,0,0
0,0,0,0,-1.2821194970342338,1,0,0,0,0,0,0,0,1,0.1798548905884369,-0.9756535389884006,0.17794468540655553,1,0,0,0,0,1,0,0,0,0,0,1
0,0,1,1,-1.1189648177386107,1,0,0,0,0,0,0,0,0,-0.6686331050562041,-0.9096657723286967,-0.6907165155090336,0,0,0,0,0,0,1,0,0,0,0,0
0,0,1,0,1.613876060463074,1,1,1,1,1,1,1,1,0,1.6721955417516585,2.6629686074142214,1.691491727847179,1,0,0,1,0,1,0,0,0,0,1,0
0,0,1,1,-0.18082541178877864,1,1,0,0,0,1,0,1,1,0.8503267773429278,0.09621368375342534,0.8181248381770309,1,0,1,0,0,1,0,0,1,0,0,0
0,0,0,0,0.7165253243371477,1,1,0,0,0,0,1,1,1,1.0250154823285893,1.0720767264965012,0.983138270917591,1,0,0,0,0,1,0,0,0,1,0,0
1,0,1,1,-0.6702894496756475,1,0,1,1,0,0,0,0,1,-0.30095497361019286,-0.6295638537102326,-0.3751184122767292,0,0,1,0,0,0,1,1,0,0,0,0
1,1,1,0,-1.1597534875625164,1,0,0,0,0,0,0,0,1,0.1765274866839483,-0.8833409822992843,0.1709019343499147,1,0,0,0,0,1,0,0,0,0,0,0
0,0,1,0,-0.5887121100278361,1,0,0,0,0,1,0,0,1,-0.4856258903093207,-0.6071724004214419,-0.4787343118094027,0,0,0,0,0,0,1,1,0,0,0,0
1,0,1,1,1.4099327113435454,1,1,1,0,0,1,1,1,0,1.321154429828091,2.0195933759691744,1.2541561927906586,1,0,0,1,0,0,0,0,0,0,1,0
0,0,0,0,-0.2216140816126844,1,1,0,0,0,0,1,1,1,0.986750337426968,0.1908554789593345,1.1924690859841334,1,0,0,0,0,0,1,0,1,0,0,1
1,0,0,0,-0.09924807214096716,1,0,1,1,0,1,1,0,0,0.18318229449292597,-0.10792429569001473,0.10696480220825134,0,0,1,0,0,1,0,0,1,0,0,0
0,0,0,0,-0.46634610055611886,1,0,0,1,1,1,1,1,1,1.3194907278758468,-0.0223797150685602,1.3822748436861767,1,0,1,0,0,0,1,1,0,0,0,0
0,0,0,0,1.450721381167451,1,1,0,0,0,0,0,0,0,-1.31082205862254,-0.20590613103321168,-1.2640403164050913,0,1,0,1,0,0,0,0,0,0,1,0
0,0,1,0,-0.5071347703800245,1,0,0,0,0,0,0,0,1,0.16321787106599295,-0.3295974858542154,0.4005784746911977,1,0,0,0,0,0,0,1,0,0,0,0
0,0,1,0,1.0836233527522994,1,0,1,0,1,0,0,0,1,0.5442056181299593,1.0323917759179377,0.45417781259325535,1,0,1,0,1,0,0,0,0,1,0,0
1,0,1,0,0.7573139941610534,1,1,0,1,1,0,1,1,1,1.3943573157268445,1.410058024862438,1.421432957321915,1,0,1,0,0,0,0,0,0,1,0,0
0,0,0,0,-0.5071347703800245,1,0,0,0,0,0,0,0,1,-1.5104662928918673,-0.8250440975346506,-1.4675733850039365,0,1,0,0,0,0,0,1,0,0,0,0
0,0,0,0,-1.078176147914705,1,0,0,0,0,0,0,0,0,-1.5054751870351342,-0.9551957931475135,-1.5065156555524226,0,1,0,1,1,0,0,0,0,0,0,0
1,0,0,0,-0.915021468619082,1,0,0,0,0,0,1,1,1,0.8187164402502843,-0.6272346151934399,0.708553835603373,1,0,0,0,0,1,0,0,0,0,0,1
1,0,0,1,-1.2821194970342338,1,0,0,0,0,0,0,0,0,-1.508802590939623,-0.9979570964841047,-1.5040299787089022,0,1,0,0,0,0,1,0,0,0,0,0
1,0,1,1,1.3691440415196396,0,0,0,1,1,0,1,1,1,-0.2710083384697938,0.6232148851519209,-0.28976428672574395,0,0,0,1,1,0,0,0,0,0,1,0
0,0,0,1,-0.4255574307322131,1,1,0,0,0,0,0,1,1,0.6606647547870669,-0.20812549980864625,0.5849177758774834,1,0,0,0,0,1,0,1,0,0,0,0
1,0,1,0,1.450721381167451,1,1,0,0,0,0,0,0,0,-1.319140568383762,-0.24704136219770245,-1.3096597972979358,0,1,0,1,0,0,0,0,0,0,1,0
0,0,1,1,0.7981026639849592,1,0,0,0,1,0,0,0,1,-0.4639977649301434,0.14077685084829045,-0.4880573703977063,0,0,1,0,0,0,0,0,0,1,0,0
0,0,0,0,-1.1597534875625164,0,0,1,0,1,0,0,0,0,-0.9947186876961052,-0.9468896407008374,-1.027194304226909,0,0,0,0,0,0,1,0,0,0,0,0
0,0,1,1,0.6349479846893362,1,1,0,1,0,1,1,1,0,0.49096715565813887,0.694366529655458,0.5203466706014883,0,0,0,1,0,1,0,0,1,0,0,0
0,0,0,0,-0.5071347703800245,1,0,0,0,0,0,0,0,1,-0.6836064226264035,-0.5990859874574821,-0.6155662189399339,0,0,0,0,0,1,0,1,0,0,0,0
0,1,0,0,0.6757366545132419,1,0,0,0,0,0,0,0,0,-0.7019071441010919,-0.08098423510899662,-0.727484241553596,0,0,0,0,0,0,1,0,0,1,0,0
1,0,1,1,0.023117937330750068,1,0,0,0,0,0,0,0,0,-1.4905018694649346,-0.7338302382591156,-1.5287361000626805,0,1,1,0,1,0,0,0,1,0,0,0
1,0,0,0,-0.915021468619082,1,0,0,0,0,0,0,1,1,-0.2710083384697938,-0.785381120904359,-0.4840739139177057,0,0,0,0,0,0,0,0,0,0,0,0
1,0,0,0,1.124412022576205,1,1,0,1,0,0,1,0,1,0.8320260558682396,1.38891908662513,0.8588544287415719,1,0,0,0,0,0,0,0,0,1,0,0
0,1,1,0,-0.05845940231706142,1,1,0,0,1,0,1,0,1,0.8586452871041499,0.23959369622580926,0.8794935648551896,1,0,1,0,0,1,0,0,1,0,0,0
1,0,0,0,-1.2005421573864221,1,0,0,0,0,0,0,1,0,-0.3408838204640584,-0.9234434378950085,-0.06288978209897468,0,0,0,0,0,0,1,0,0,0,0,0
0,0,1,0,1.002046013104488,0,0,1,1,1,0,1,1,1,-0.20446026038001802,0.5041380594679593,-0.1532753880230081,0,0,0,0,0,0,0,0,0,1,0,0
0,0,1,0,0.349427295921996,1,0,1,1,1,0,1,1,1,1.3161633239713582,0.8225845178204174,1.2124308449171923,1,0,1,0,0,0,0,0,1,0,0,0
0,0,1,1,-1.2821194970342338,0,0,1,0,0,0,0,0,0,-1.1444518633981007,-0.9931448018126179,-1.1411211595549264,0,0,0,0,0,0,0,0,0,0,0,1
0,0,1,0,1.613876060463074,1,1,1,0,1,1,1,1,1,0.6490188411213563,1.6727126285532277,0.6542970338356419,0,0,0,1,1,0,0,0,0,0,1,0
0,0,0,0,-0.9558101384429878,1,1,0,0,0,0,0,0,1,0.3977998463324524,-0.714932642745514,0.29154932336596845,1,0,0,0,0,1,0,0,0,0,0,0
0,0,1,1,-1.2821194970342338,0,0,0,0,0,1,1,0,0,-0.8250210885671769,-0.988925803744465,-0.8229545235843176,0,0,0,0,0,1,0,0,0,0,0,1
1,0,0,0,-1.2821194970342338,1,1,0,0,0,0,1,0,1,-0.16785881743064132,-0.9802460941771713,-0.1683929547906174,0,0,0,0,0,1,0,0,0,0,0,1
1,0,1,1,1.5730873906391682,1,1,1,0,1,1,1,1,0,0.6839565821184885,1.7625421290876502,0.7892344714031968,0,0,1,0,0,1,0,0,0,0,1,0
0,0,0,0,0.18627261662637304,1,1,1,1,1,0,0,0,0,0.8752823066265938,0.4799007945243519,0.8776963070851582,1,0,0,0,0,0,0,0,1,0,0,0
0,0,1,1,1.0836233527522994,1,1,0,0,1,1,1,0,1,0.23974816086923498,0.8369994278866065,0.20443048499344543,0,0,0,1,0,0,0,0,0,1,0,0
0,0,0,0,-1.0373874780907992,1,1,0,0,0,0,0,0,1,0.3395702780038986,-0.763539016322359,0.4660464681269656,1,0,0,0,0,0,0,0,0,0,0,1
1,0,1,1,-0.9965988082668935,1,0,0,0,0,0,0,0,0,-0.6736242109129372,-0.8443152501688698,-0.6226503979439671,0,0,0,0,0,0,0,0,0,0,0,0
1,0,1,1,1.2059893622240165,1,0,1,1,0,0,0,0,1,0.5508604259389369,1.1833967484405774,0.5117470305541475,1,0,1,0,1,0,0,0,0,0,1,0
0,0,0,0,-1.2821194970342338,1,0,0,0,0,0,0,0,1,-0.6519960855337601,-0.9866405131242154,-0.6506142624335715,0,0,0,0,0,0,1,0,0,0,0,1
0,1,0,0,0.512581975217619,0,0,0,0,0,0,0,1,0,-1.0213379189320153,-0.30487679404863194,-0.9760722171451733,0,0,1,0,0,1,0,0,1,0,0,0
0,1,1,0,-1.2821194970342338,1,0,0,0,0,0,0,0,0,-0.6287042582023386,-0.9863328778484127,-0.6274146118940478,0,0,0,0,0,1,0,0,0,0,0,1
1,0,1,1,1.613876060463074,1,0,0,0,0,0,0,0,0,-1.4954929753216677,-0.4251841608358046,-1.5430412958363746,0,1,0,1,0,0,0,0,0,0,1,0
0,0,0,0,-1.2821194970342338,1,0,1,0,0,0,0,0,1,-0.5421917566856299,-0.985190232538288,-0.5412444813186745,0,0,0,0,1,0,0,0,0,0,0,1
0,1,0,0,1.4099327113435454,1,1,0,1,0,0,0,0,0,-0.3325653107028364,0.6307299754608182,-0.3090995773059155,0,0,0,0,0,1,0,0,0,0,1,0
1,0,1,1,-0.8334441289712705,1,1,0,0,0,0,0,0,1,-1.3607331171898718,-0.8880434072294129,-1.4072266749695805,0,1,0,1,0,0,0,0,0,0,0,0
0,1,0,0,-1.2413308272103278,1,0,0,0,0,0,0,0,1,0.1815185925406812,-0.9454393601149097,0.15225935802351187,1,0,0,0,0,1,0,0,0,0,0,1
1,1,1,0,-0.5071347703800245,1,1,0,0,0,0,1,1,1,0.986750337426968,-0.17169269357428413,0.995980934609113,1,0,0,0,0,1,0,1,0,0,0,1
1,0,1,1,0.18627261662637304,1,1,0,1,1,0,1,0,1,0.9335118749551475,0.4943816264353558,0.9072109204163277,1,0,0,0,0,1,0,0,1,0,0,0
1,0,0,1,1.2059893622240165,1,1,0,0,1,1,1,1,1,1.3028537083534029,1.889837211425201,1.3710161148803486,1,0,0,1,0,1,0,0,0,0,1,0
1,0,1,1,-1.078176147914705,1,0,0,0,0,0,0,0,0,-1.5121299948441116,-0.9566680476817125,-1.5250201387208517,0,1,1,0,0,0,1,0,0,0,0,0
0,0,1,0,1.4099327113435454,1,1,0,1,1,1,1,1,0,0.7072484094499101,1.5792794005022583,0.7585542764676598,0,0,0,1,0,0,0,0,0,0,1,0
0,0,0,0,-1.2413308272103278,1,0,0,0,1,0,0,1,1,0.7089121114021544,-0.9280140191355075,0.8093066036607321,1,0,0,0,0,0,1,0,0,0,0,1
0,0,0,0,1.0836233527522994,1,1,0,1,1,0,0,0,1,0.6107536962197351,1.1684764375641408,0.6281190181516935,1,0,0,0,0,1,0,0,0,1,0,0
0,0,0,0,-0.8334441289712705,1,0,0,1,0,0,0,0,1,-0.5155725254497198,-0.7377416010514657,-0.4626694744318359,0,0,0,0,0,1,0,0,0,0,0,0
0,0,1,0,-1.0373874780907992,1,0,1,0,0,0,0,0,1,-0.4856258903093207,-0.8504899296331978,-0.47069860518828643,0,0,0,0,0,0,0,0,0,0,0,0
1,0,1,1,0.10469527697856156,1,1,1,1,1,1,0,0,1,0.14158974568681612,0.08781963551366283,0.20602099718193806,0,0,0,1,1,0,0,0,1,0,0,0
1,0,1,0,-1.2821194970342338,1,0,0,0,0,0,1,1,1,0.8603089890563942,-0.9666661941453041,0.8557059047397795,1,0,0,0,0,1,0,0,0,0,0,1
0,0,0,0,0.3902159657459017,1,0,1,1,1,0,0,0,0,-0.17451362523961897,0.10821145950973525,-0.15036193387809635,0,0,0,0,0,0,0,0,1,0,0,0
0,0,0,0,0.6349479846893362,1,1,0,0,1,1,1,1,1,1.2961989005444252,1.1671360267195714,1.2631152440506688,1,0,0,0,0,1,0,0,1,0,0,0
1,0,0,0,1.287566701871828,1,1,1,0,1,1,0,1,0,1.143138320937941,1.8717965998941932,1.239665299662318,1,0,0,1,1,0,0,0,0,0,1,0
0,0,1,0,1.3283553716957337,1,1,0,1,1,1,1,1,1,1.4226402489149996,2.1062146800559387,1.4594576894397762,1,0,0,1,0,0,0,0,0,0,1,0
0,0,0,0,-0.6295007798517418,1,1,0,0,0,0,0,0,0,-1.3341138859539616,-0.7976865319364715,-1.2254392171880688,0,1,0,0,0,0,1,1,0,0,0,0
0,1,0,0,-1.2413308272103278,1,0,0,0,0,0,0,0,1,0.1565630632570153,-0.948691504459111,0.029632633743172987,1,0,0,0,0,1,0,0,0,0,0,1
0,0,0,1,-0.3439800910844016,1,0,0,0,0,0,0,0,0,-1.5021477831306453,-0.7876444375763368,-1.4641210560546027,0,1,0,1,0,0,1,1,0,0,0,0
1,0,1,1,-1.1189648177386107,1,1,0,1,0,0,0,0,1,0.5076041751805828,-0.8373495085667633,0.39999848342770966,1,0,0,0,0,1,0,0,0,0,0,1
1,0,1,1,-0.05845940231706142,1,1,0,0,0,0,0,1,0,-0.17284992328737445,-0.20428005886111106,-0.20030583813645966,0,0,0,0,0,0,0,0,1,0,0,0
0,0,0,0,-0.8334441289712705,1,0,0,0,0,0,0,0,1,-0.660314595294982,-0.776657463440522,-0.7072324572026466,0,0,0,0,0,1,0,0,0,0,0,0
0,0,1,0,1.613876060463074,1,1,1,1,1,1,1,0,1,1.2995263044489143,2.31454968361926,1.3265575423762606,1,0,0,1,0,0,0,0,0,0,1,0
0,0,0,0,0.9612573432805821,1,1,1,1,0,0,1,1,1,1.3877025079178669,1.5837181380531273,1.3362405030960587,1,0,0,0,1,0,0,0,0,1,0,0
1,1,1,0,-0.09924807214096716,1,1,0,0,1,0,1,1,0,0.33125176824267666,-0.04771567742574931,0.25831490334704776,0,0,0,1,0,1,0,0,1,0,0,0
1,0,0,0,-1.2821194970342338,1,0,0,0,1,1,1,1,1,0.35287989362185396,-0.9733682483681512,0.350284946557302,0,0,0,0,0,1,0,0,0,0,0,0
1,0,0,0,1.2467780320479223,1,1,0,0,0,0,0,0,0,-1.319140568383762,-0.32126935945926766,-1.331663414099494,0,1,0,1,0,0,1,0,0,0,1,0
0,0,1,0,1.613876060463074,1,1,1,1,1,1,1,1,1,1.6838414554173693,2.6467298596414865,1.6744832538901273,1,0,0,1,0,0,0,0,0,0,1,0
0,0,1,1,-0.7110781194995532,1,1,0,1,1,0,1,1,1,1.346109959111757,-0.3212913334075393,1.2931850291993665,1,0,0,0,0,0,0,1,0,0,0,0
1,0,0,0,-1.2821194970342338,1,1,0,0,0,0,0,0,1,-1.327459078144984,-0.9955619361224972,-1.3234041280797544,0,1,0,0,0,0,1,0,0,0,0,0
0,1,1,0,-0.7926554591473648,1,0,0,0,0,0,0,0,1,0.174863784731704,-0.6036565686979811,0.18521051002607689,1,0,0,0,0,1,0,1,0,0,0,1
1,0,1,0,-0.2216140816126844,1,1,1,0,0,1,1,1,0,0.530896002512004,-0.03778345280697271,0.553864948778465,0,0,1,0,0,0,1,0,1,0,0,0
0,1,1,1,0.3086386260980903,1,1,0,0,0,0,1,1,1,0.986750337426968,0.593352289450776,0.8643643457447084,1,0,0,0,1,0,0,0,1,0,0,1
0,0,1,1,-1.1597534875625164,1,1,0,1,0,1,0,0,1,-0.21277877014124,-0.9077320648807933,-0.28894828170135595,0,0,0,0,0,0,1,0,0,0,0,0
1,1,0,0,-1.2005421573864221,1,1,0,1,0,0,0,0,1,0.5475330220344479,-0.9038426760367149,0.42982660554995394,1,0,0,0,0,1,0,0,0,0,0,1
1,0,0,0,-0.5887121100278361,1,0,1,0,0,0,0,0,0,-0.5155725254497198,-0.6220927112978785,-0.5412444813186748,0,0,0,0,0,1,0,1,0,0,0,1
0,0,1,0,-1.2413308272103278,1,0,1,0,0,1,0,0,1,0.5076041751805828,-0.9210482775334007,1.0719597901260527,1,0,0,0,0,1,0,0,0,0,0,0
0,0,0,1,-1.2413308272103278,1,1,0,0,0,0,1,1,1,0.9751044237612574,-0.9213778867574752,1.0595314059084509,1,0,0,0,0,0,0,0,0,0,0,1
0,0,0,0,-1.0373874780907992,1,0,0,0,0,0,0,1,1,0.4793212419924278,-0.7766354894922503,0.3249547158661894,1,0,0,0,0,1,0,0,0,0,0,1
0,1,1,0,1.613876060463074,1,1,1,1,1,1,1,1,1,1.6555585222292146,2.6560468137086577,1.6842418370535779,1,0,0,1,0,0,0,0,0,0,1,0
1,0,0,0,0.18627261662637304,0,0,1,1,0,1,0,0,1,-0.8100477709969776,-0.39529959118638824,-0.9061239271594052,0,0,0,1,0,0,1,0,1,0,0,0
1,0,0,0,-1.2821194970342338,0,0,0,0,0,0,0,0,1,-1.3457597996196722,-0.9958036495534852,-1.341632424932237,0,0,0,0,0,0,1,0,0,0,0,1
0,0,0,0,-1.1597534875625164,0,0,0,0,0,0,0,0,1,-1.3457597996196722,-0.9684900318518495,-1.4344310270903315,0,0,0,0,0,1,0,0,0,0,0,1
1,0,0,1,1.2467780320479223,0,0,1,1,0,1,0,0,1,-0.808384069044733,0.13124015729840305,-0.7899962898813438,0,0,1,0,0,0,0,0,0,0,1,0
1,0,1,0,0.1454839468024673,1,0,1,0,0,0,1,1,1,0.9551400003343244,0.47275926133607227,0.9468934200548514,1,0,0,0,0,1,0,0,1,0,0,0
1,0,0,1,-0.7110781194995532,1,0,0,0,1,1,0,0,0,-0.32258309898936993,-0.6265973706935626,-0.24174804030606348,0,0,1,0,1,0,0,1,0,0,0,0
0,0,0,0,-0.5887121100278361,1,0,0,0,0,0,0,0,1,0.16321787106599295,-0.4696594321375831,0.09739034325543248,1,0,0,0,0,1,0,1,0,0,0,0
1,0,0,0,1.2059893622240165,1,0,0,0,0,0,0,0,1,-1.492165571417179,-0.478449011446235,-1.5096160696798242,0,1,0,1,1,0,0,0,0,0,1,0
0,0,0,0,0.0639066071546558,1,1,1,1,0,1,0,0,1,-0.01646193977640131,-0.08858722121098059,-0.1159013085068634,0,0,1,0,0,0,1,0,1,0,0,1
0,0,0,0,1.124412022576205,1,0,0,1,1,0,1,1,1,1.1564479365558964,1.6044175973250028,1.1297103487905094,1,0,0,1,0,1,0,0,0,1,0,0
1,0,0,1,-1.2005421573864221,1,1,0,0,1,0,0,1,0,0.8969104320057706,-0.8935808421938637,0.6877846246441806,1,0,0,0,0,1,0,0,0,0,0,1
0,1,0,0,0.3086386260980903,1,0,1,1,0,0,0,0,1,0.4759938380879392,0.4146601421058832,0.527472277552913,1,0,0,0,1,0,0,0,1,0,0,1
0,0,1,1,0.6349479846893362,1,0,1,1,1,0,0,1,1,0.17320008277945922,0.41665977139860155,0.08404133798467463,0,0,0,1,1,0,0,0,1,0,0,0
1,0,0,1,1.5730873906391682,1,1,1,0,1,0,1,1,0,1.391029911822356,2.2377946823064576,1.2940252579915426,1,0,0,1,0,0,0,0,0,0,1,0
1,0,0,1,-1.2005421573864221,1,0,0,0,0,0,1,0,1,-0.33922011851181383,-0.932079199565759,-0.27997222643308806,0,0,0,0,1,0,0,0,0,0,0,1
0,0,1,0,-0.2216140816126844,1,0,0,1,0,0,0,0,1,0.3728443170487865,-0.08654364402171898,0.41767440764829894,1,0,0,0,0,1,0,0,1,0,0,0
1,0,0,0,0.5533706450415247,1,0,0,0,0,0,0,0,1,-0.6553234894382487,-0.09895892479518976,-0.6640513271094134,0,0,0,0,1,0,0,0,1,0,0,0
1,0,0,0,-1.1189648177386107,1,1,0,1,1,0,1,1,0,1.3045174103056472,-0.7683952588903891,1.4400056747566368,1,0,0,0,0,0,1,0,0,0,0,1
0,0,1,0,1.3283553716957337,1,0,1,0,1,0,0,0,1,-0.32424680094161445,0.607723251620422,-0.2790884302220585,0,0,0,0,0,0,1,0,0,0,1,0
0,0,0,0,-1.2821194970342338,1,1,0,0,0,0,0,1,1,0.6839565821184885,-0.968995432662097,0.6800514077976726,1,0,0,0,0,0,1,0,0,0,0,1
1,0,0,0,-0.3439800910844016,1,0,0,1,1,1,0,0,1,0.7005936016409324,-0.0805008082470208,0.7578669023156578,1,0,0,0,0,1,0,1,0,0,0,0
1,0,0,0,-0.6295007798517418,1,0,0,0,0,0,0,0,0,-1.5121299948441116,-0.8443591980654132,-1.4324814766248253,0,1,0,1,1,0,0,1,0,0,0,0
0,0,1,1,1.613876060463074,1,1,1,0,1,1,1,1,0,0.6590010528348226,1.5836961641048557,0.5610611366772986,0,0,0,1,1,0,0,0,0,0,1,0
0,1,0,0,1.613876060463074,1,1,0,1,1,1,1,1,1,1.4376135664851988,2.4099825409629485,1.4265139732226402,1,0,0,1,0,0,0,0,0,0,1,0
0,0,0,0,-0.05845940231706142,1,1,0,0,1,0,0,1,1,0.8320260558682396,0.2270245978144371,0.8489170669090894,1,0,0,0,0,1,0,0,1,0,0,1
0,1,0,0,-1.2821194970342338,1,0,0,0,0,0,1,1,1,0.8786097105310824,-0.9664244807143161,0.8739342015922622,1,0,0,0,0,1,0,0,0,0,0,1
0,0,1,1,1.002046013104488,1,1,1,1,0,1,0,0,0,0.010157291459508899,0.614183592412281,-0.007681591153416639,0,0,0,0,0,0,0,0,0,1,0,0
0,0,1,1,-0.26240275143659014,1,1,0,1,0,1,0,0,1,-0.16120400962166387,-0.2962849802744246,-0.0918468550709257,0,0,0,0,0,1,0,0,1,0,0,1
0,0,1,1,1.613876060463074,1,1,1,1,1,1,1,1,1,1.687168859321858,2.606143977183786,1.6319735767606627,1,0,0,1,0,0,0,0,0,0,1,0
0,0,0,0,-0.46634610055611886,1,0,0,1,1,0,0,1,1,0.8370171617249725,-0.18784354555393198,0.7880797125208283,1,0,0,0,0,1,0,1,0,0,0,0
1,1,1,0,1.613876060463074,1,1,1,1,1,0,1,1,0,0.6506825430736006,1.58631106394918,0.563799984310437,0,0,0,1,1,0,0,0,0,0,1,0
0,0,0,0,1.002046013104488,1,0,1,1,1,1,1,0,1,0.3129510467679884,0.8244742773717776,0.2705397818581632,0,0,0,1,1,0,0,0,0,1,0,0
0,0,1,0,1.5730873906391682,1,1,0,0,0,0,0,0,1,-1.3391049918106948,-0.2549739575237608,-1.3536757042867584,0,1,0,1,0,0,0,0,0,0,1,0
1,1,0,0,1.613876060463074,1,1,0,0,0,0,0,0,0,-1.314149462527029,-0.2113776441528475,-1.3191002246562515,0,1,0,1,0,0,0,0,0,0,1,0
1,0,0,0,-1.2821194970342338,1,0,0,0,0,0,0,0,0,-1.4788559557992238,-0.9975615654152156,-1.4742018565866575,0,1,0,0,0,0,1,0,0,0,0,0
0,0,0,0,0.1454839468024673,1,0,0,0,1,1,0,1,1,0.7538320641127528,0.3462112932397566,0.6818005877986685,1,0,0,0,0,1,0,0,1,0,0,1
0,0,0,0,-1.0373874780907992,1,1,0,0,0,0,0,0,1,0.3478887877651206,-0.7583971124267976,0.5214415520682767,1,0,0,0,0,1,0,0,0,0,0,0
1,0,0,0,0.5941593148654305,1,1,0,1,1,0,1,1,1,1.2712433712607594,1.1421955954312717,1.295758850611806,1,0,1,0,0,1,0,0,1,0,0,0
1,0,0,0,-1.1597534875625164,1,0,0,0,0,0,0,0,0,-1.5137936967963561,-0.9655015748869077,-1.3780890186372028,0,1,0,0,0,0,1,0,0,0,0,0
1,0,1,0,-0.30319142126049586,0,0,0,0,1,0,1,0,1,-0.8915691666569527,-0.5800785222025224,-0.8655093111453865,0,0,1,0,1,0,0,0,1,0,0,0
1,0,0,0,-0.6702894496756475,1,0,1,0,0,0,1,1,1,0.9767681257135017,-0.3546917347804165,0.9204370725397893,1,0,0,0,0,1,0,1,0,0,0,1
1,0,0,0,0.10469527697856156,1,0,0,0,0,0,0,0,0,-1.5187848026530892,-0.7086261195915563,-1.5100429493589418,0,1,0,1,0,0,1,0,1,0,0,0
0,0,1,1,0.5533706450415247,1,0,0,0,0,0,0,0,1,-1.4954929753216677,-0.5991079614057538,-1.484000466752419,0,1,0,1,0,0,1,0,1,0,0,0
0,0,1,0,1.124412022576205,1,1,0,1,1,0,1,1,1,1.3727291903476677,1.8110606068714084,1.3894359603067947,1,0,0,0,0,1,0,0,0,1,0,0
1,0,1,0,1.5322987208152625,1,1,1,1,0,1,0,0,1,0.7688053816829524,1.6243699423556424,0.68239504596442,1,0,0,1,1,0,0,0,0,0,1,0
0,0,1,0,0.9612573432805821,1,1,0,1,0,0,1,1,1,1.1098642818930533,1.4142550489823191,1.108031695748093,1,0,1,0,0,1,0,0,0,1,0,1
0,0,0,0,-1.1189648177386107,1,0,0,0,0,0,0,0,1,-1.5054751870351342,-0.9660948714902416,-1.541812266730412,0,1,0,0,1,0,0,0,0,0,0,0
1,0,0,0,-1.2005421573864221,1,0,0,0,0,0,0,0,1,-1.5054751870351342,-0.9765105229709943,-1.396869688121579,0,1,0,0,0,0,1,0,0,0,0,0
1,0,0,0,-1.1597534875625164,1,0,0,0,1,0,0,1,0,0.703921005545421,-0.8711454410085298,0.40082704237554995,1,0,0,0,0,1,0,0,0,0,0,0
0,0,1,0,-0.7518667893234591,1,0,1,1,0,1,1,1,0,1.36607438253869,-0.4137357337862855,1.0413031090559681,1,0,1,0,0,0,1,1,0,0,0,1
1,0,0,0,0.7165253243371477,1,1,0,0,1,1,0,1,0,0.1532356593525267,0.4956780893833819,0.11378108048581585,0,0,0,1,0,0,0,0,0,1,0,0
1,0,0,0,-0.30319142126049586,1,0,0,0,0,0,0,0,0,-1.4738648499424907,-0.7685710504765622,-1.4340996035111955,0,1,0,0,0,0,1,0,1,0,0,0
1,0,0,0,-0.6702894496756475,1,0,0,0,0,0,0,0,0,-1.4938292733694234,-0.8853845594885458,-1.5808788211210738,0,1,0,0,0,0,1,1,0,0,0,0
1,1,1,0,-0.5071347703800245,1,0,0,1,0,0,0,0,1,0.2913229213888116,-0.3633714443477102,0.2732289644081701,1,0,0,0,0,1,0,1,0,0,0,1
1,1,0,0,0.7573139941610534,1,0,0,0,1,0,1,1,1,0.9684496159522797,1.1494250244126376,1.0360393227991012,1,0,1,0,0,0,0,0,0,1,0,0
1,1,0,0,-1.2821194970342338,1,1,0,0,0,0,1,1,1,0.9684496159522797,-0.9652378875076482,0.9634185679589959,1,0,0,0,0,1,0,0,0,0,0,1
1,0,0,1,-0.2216140816126844,1,0,0,0,0,0,0,0,0,-1.4738648499424907,-0.7508380742213571,-1.437745262881692,0,1,0,1,0,0,1,0,1,0,0,0
0,0,0,0,-0.8334441289712705,0,0,1,0,1,1,0,1,0,-0.5005992078795201,-0.7639125734429767,-0.6271384255781011,0,0,0,1,0,0,1,0,0,0,0,0
1,1,0,0,-0.5071347703800245,1,1,0,0,1,0,1,1,1,1.1198464936065196,-0.19667707275912719,0.9017737822396905,1,0,0,0,0,1,0,1,0,0,0,1
0,1,0,0,-0.1400367419648729,1,1,1,1,0,0,0,0,1,-0.2111150681889957,-0.25110654262795395,-0.18747838158914182,0,0,0,0,0,0,0,0,1,0,0,0
1,0,0,0,0.023117937330750068,1,1,1,0,0,0,0,0,0,0.505940473228338,0.13754668045236093,0.4625672379130914,1,0,1,0,0,0,0,0,1,0,0,0
0,0,0,0,0.18627261662637304,0,0,0,0,1,0,0,1,1,-0.8216936846626881,-0.35662544222831993,-0.8272988596892092,0,0,0,0,1,0,0,0,1,0,0,0
1,0,0,0,-0.5071347703800245,0,0,1,1,1,1,1,0,1,-0.3292379067983476,-0.4943142020983517,-0.22050931260976156,0,0,0,0,1,0,0,1,0,0,0,0
0,0,0,0,0.349427295921996,1,0,0,0,0,0,0,0,0,-1.4938292733694234,-0.6504391045682808,-1.4969569145200228,0,1,0,1,0,0,1,0,1,0,0,0
0,0,0,0,-0.7926554591473648,1,1,1,0,0,0,1,1,1,1.1797397638873177,-0.40936291808023123,1.3123056203033692,1,0,0,0,0,1,0,1,0,0,0,1
1,0,0,0,-1.1189648177386107,1,0,0,0,1,0,1,1,1,0.17153638082721492,-0.8543133966324613,0.14413948033467847,0,0,0,0,0,1,0,0,0,0,0,1
1,0,1,1,0.18627261662637304,1,0,0,0,0,0,0,0,0,-1.500484081178401,-0.6874432334577053,-1.5015666953504585,0,1,0,1,0,0,0,0,1,0,0,0
0,0,0,0,1.1652006924001108,0,0,1,1,1,1,0,0,0,-0.7052345480055805,0.17852809397895034,-0.6868806950685407,0,0,1,0,1,0,0,0,0,0,1,0
0,0,1,0,0.4310046355698075,1,1,0,1,0,0,0,0,0,0.5175863868940491,0.48719614535053296,0.46774762902319533,1,0,0,0,0,1,0,0,1,0,0,0
0,0,1,1,-0.6295007798517418,1,0,0,0,1,1,1,1,0,1.1215101955587639,-0.2572592481440103,1.1719229902448822,1,0,1,0,0,0,0,1,0,0,0,1
1,0,1,1,-0.4255574307322131,1,0,1,0,1,1,1,0,1,0.08668758126275093,-0.32797141368211474,0.17410318483020604,0,0,1,0,0,0,0,1,0,0,0,1
1,0,1,1,0.7165253243371477,1,1,1,1,1,0,1,1,1,1.4426046723419321,1.3804371425922808,1.4482249795192106,1,0,1,0,0,1,0,0,0,1,0,0
1,0,0,1,-0.7518667893234591,1,0,1,1,1,1,0,1,0,0.3728443170487865,-0.5429864975200115,0.3450768617423069,0,0,0,1,0,0,0,1,0,0,0,0
0,0,0,0,-0.9558101384429878,0,0,0,1,0,0,0,1,0,-0.8033929631879999,-0.8486001700818376,-0.828478249903252,0,0,0,0,0,1,0,0,0,0,0,0
1,0,1,1,0.8796800036327707,0,0,0,0,1,1,0,1,0,-0.6287042582023386,0.058770075898568384,-0.6642087666518369,0,0,0,1,1,0,0,0,0,1,0,0
1,0,1,1,1.5730873906391682,1,1,1,1,1,1,1,1,0,0.7305402367813312,1.7462594334183725,0.7719397620975764,0,0,0,1,0,0,0,0,0,0,1,0
0,0,0,0,-1.2413308272103278,1,0,0,0,0,0,0,0,0,-0.6436775757725381,-0.969456885575801,-0.753355571965747,0,0,0,0,0,1,0,0,0,0,0,0
1,1,0,0,0.3902159657459017,1,1,0,1,0,0,0,0,1,0.4809849439446721,0.4631126980448267,0.48687880738694567,1,0,0,0,0,0,0,0,1,0,0,0
0,0,1,1,0.3902159657459017,1,0,0,0,0,0,0,0,1,-1.5254396104620669,-0.6717318604434901,-1.5507843764798805,0,1,1,0,0,1,0,0,1,0,0,0
0,0,1,1,-0.38476876090830736,1,1,0,0,0,0,0,0,1,-1.3074946547180513,-0.780327112801884,-1.4102226960925677,0,1,0,1,1,0,0,1,0,0,0,0
0,0,1,1,-0.38476876090830736,1,1,0,0,0,0,1,0,1,0.627390715742179,-0.1935347981562841,0.5137632293963672,1,0,0,0,0,1,0,1,0,0,0,0
1,1,1,0,0.6757366545132419,1,1,0,1,0,0,0,1,0,0.8370171617249725,0.9918718153050526,0.9236815571952348,1,0,0,0,1,0,0,0,0,1,0,1
0,1,0,0,-0.5887121100278361,1,0,0,0,0,0,0,0,0,-1.4821833597037126,-0.8441174846344252,-1.4714399934271905,0,1,1,0,0,0,0,1,0,0,0,0
1,0,0,0,0.18627261662637304,1,0,0,0,0,0,0,0,0,-1.4888381675126903,-0.661228313169651,-1.4481358399573088,0,1,1,0,1,0,0,0,1,0,0,0
1,0,0,1,-1.2005421573864221,1,1,0,0,0,0,0,0,1,-1.280875423482141,-0.95326208569961,-0.8124594435783429,0,1,0,1,0,0,1,0,0,0,0,0
1,0,0,0,1.613876060463074,1,0,0,0,0,0,0,0,0,-1.4988203792261565,-0.3762921259314285,-1.4918317497545892,0,1,0,1,0,0,0,0,0,0,1,0
0,0,0,1,-0.6702894496756475,1,0,0,0,0,0,0,0,1,-1.517121100700845,-0.8481826650646767,-1.405535033784407,0,1,1,0,0,0,0,1,0,0,0,0
1,0,0,0,0.023117937330750068,1,0,1,0,0,1,1,0,1,0.800415718775596,0.3240395794336823,0.8887478312657676,1,0,0,1,0,1,0,0,1,0,0,0
0,0,1,1,1.5322987208152625,1,1,1,1,1,0,1,1,1,1.4392772684374435,2.4787609990531494,1.6028530176764149,1,0,1,0,1,0,0,0,0,0,1,0
1,0,0,0,1.4915100509913568,1,1,0,1,0,1,1,1,1,1.32448183373258,2.1666430378029204,1.3161445177250235,1,0,1,0,0,0,0,0,0,0,1,1
1,0,0,0,-0.7926554591473648,1,0,0,0,0,0,0,0,0,-1.5021477831306453,-0.8897573751946001,-1.4744567978013776,0,1,0,1,0,0,1,1,0,0,0,0
0,0,0,0,-1.2821194970342338,1,0,0,0,0,0,0,0,0,-0.6353590660113162,-0.9864207736414992,-0.6340430834767689,0,0,0,0,0,1,0,0,0,0,0,1
1,0,1,1,1.124412022576205,1,1,0,1,0,1,1,1,1,1.2928714966399366,1.6171185394260046,1.1456739178522293,1,0,0,0,0,0,0,0,0,1,0,0
1,0,1,1,0.1454839468024673,1,0,0,0,0,0,0,0,0,-1.5121299948441116,-0.6749620308394196,-1.4573544913139085,0,1,0,1,1,0,0,0,1,0,0,0
1,1,1,0,1.4915100509913568,1,1,0,1,1,1,1,1,1,1.4991705387182415,2.348543381595471,1.5149506328038806,1,0,0,1,0,1,0,0,0,0,1,0
0,0,0,0,-1.078176147914705,0,0,0,0,0,0,1,1,0,-0.6619782972472263,-0.875276543283596,-0.5020260244542419,0,0,0,0,1,0,0,0,0,0,0,0
1,0,0,0,-1.2821194970342338,1,0,0,0,0,0,0,0,0,-0.6187220464888722,-0.9862010341587828,-0.6174719045199664,0,0,0,0,0,0,1,0,0,0,0,1
0,0,0,0,0.349427295921996,1,1,0,1,1,0,1,1,1,1.3777202962044006,0.9462538986931492,1.439900589231545,1,0,0,0,0,1,0,0,1,0,0,1
0,0,0,0,-1.2413308272103278,1,0,0,0,0,0,0,0,1,-0.6536597874860044,-0.9739395710232136,-0.9223815973251329,0,0,0,0,0,0,1,0,0,0,0,0
0,0,1,0,-1.1597534875625164,1,0,0,0,0,0,0,0,0,-1.4771922538469795,-0.9718080980408654,-1.4969872276522609,0,1,1,0,0,0,0,0,0,0,0,0
1,0,1,1,1.613876060463074,1,1,1,1,0,1,0,1,1,1.0932272623706094,2.066112224460215,1.0663440017018029,1,0,0,1,1,0,0,0,0,0,1,0
0,0,1,0,0.3902159657459017,1,1,0,0,0,0,0,0,0,-1.319140568383762,-0.519518320765911,-1.2774782892566159,0,1,0,1,0,1,0,0,1,0,0,0
0,1,1,0,0.2270612864502788,1,1,0,0,0,0,0,0,1,0.33457917214716576,0.25468979868841884,0.3510262887737906,1,0,0,0,0,0,0,0,1,0,0,1
0,0,0,0,-0.915021468619082,1,0,0,0,1,1,0,0,0,-0.3541934360820135,-0.7503326734111095,-0.2197636095567054,0,0,0,0,0,1,0,0,0,0,0,0
1,0,1,1,0.8388913338088649,1,0,0,1,0,1,1,0,1,0.9202022593371922,1.093918831078501,0.8367584812533222,1,0,0,0,0,1,0,0,0,1,0,0
1,0,1,1,-0.017670732493155674,1,1,1,0,0,0,1,1,1,1.1531205326514073,0.4018273563152515,1.1670887143249473,1,0,0,0,1,0,0,0,1,0,0,1
1,0,0,0,-0.9558101384429878,0,0,1,0,1,1,0,1,0,-0.4689888707868768,-0.8028064618837614,-0.4447633949479575,0,0,1,0,0,0,1,0,0,0,0,0
1,1,0,0,-0.1400367419648729,1,0,0,1,1,0,1,1,1,1.2163412068366946,0.28929876721623565,1.2178147359441163,1,0,0,0,0,0,0,0,1,0,0,0
0,0,1,1,-0.5479234402039304,1,0,0,0,1,0,0,0,1,-0.5089177176407421,-0.5833746144432669,-0.47234326355091677,0,0,0,0,0,0,0,1,0,0,0,0
1,0,0,1,-0.05845940231706142,0,0,0,0,0,0,0,0,0,-1.327459078144984,-0.6597121107389086,-1.3082227899386836,0,0,0,0,1,0,0,0,1,0,0,0
1,0,0,0,-0.6295007798517418,1,0,1,1,0,0,0,0,1,-0.3126008872759036,-0.596009634699454,-0.3307905085672825,0,0,0,0,1,0,0,1,0,0,0,0
0,0,0,0,-1.2821194970342338,1,0,0,0,0,0,0,0,0,-1.4805196577514683,-0.9975835393634871,-1.4758589744823378,0,1,0,0,0,0,1,0,0,0,0,1
0,0,1,0,0.9204686734566764,1,1,0,0,1,0,0,0,1,0.4277464814728517,0.9527142394850083,0.5344660683080906,1,0,0,0,0,1,0,0,0,1,0,1
0,0,0,0,-0.8334441289712705,1,0,0,0,0,0,0,0,1,-0.6619782972472263,-0.7761081147337312,-0.7037801282533128,0,0,0,0,0,0,0,0,0,0,0,0
0,0,1,1,0.7981026639849592,1,0,0,0,0,0,0,0,1,-1.4805196577514683,-0.527231176609253,-1.4568339863338549,0,1,1,0,0,1,0,0,0,1,0,0
0,0,0,0,-1.2413308272103278,1,0,0,0,0,0,0,0,1,-1.4938292733694234,-0.9885742205721189,-1.4742018565866575,0,1,0,0,0,0,1,0,0,0,0,0
1,0,1,0,-1.2005421573864221,1,0,0,0,0,0,0,0,1,0.1798548905884369,-0.9147637283277148,0.15529740749892526,1,0,0,0,0,1,0,0,0,0,0,1
0,0,0,0,-0.30319142126049586,0,0,0,0,1,1,1,1,0,-0.3558571380342578,-0.38110442060291533,-0.2653012093299986,0,0,1,0,0,1,0,0,1,0,0,0
0,0,0,0,-0.7518667893234591,1,1,0,1,0,0,0,0,1,-0.3541934360820135,-0.6667437741858301,-0.3215579945770636,0,0,1,0,0,0,1,1,0,0,0,0
1,0,0,0,-1.2005421573864221,1,0,0,0,0,0,1,0,1,0.4527020107565176,-0.9001730266753525,0.5220728350761551,1,0,0,0,0,1,0,0,0,0,0,1
1,1,1,0,-0.8334441289712705,1,1,0,1,0,0,1,1,1,1.2130138029322055,-0.4710218169304242,1.213505277048741,1,0,0,0,0,1,0,0,0,0,0,1
1,0,0,0,0.9612573432805821,1,1,0,0,0,0,0,0,0,-1.3307864820494728,-0.42028397037123116,-1.3624647641922176,0,1,1,0,0,1,0,0,0,1,0,1
0,0,0,0,-1.2005421573864221,1,0,0,0,0,0,0,0,0,-1.508802590939623,-0.9797187194186521,-1.4775160923780182,0,1,0,0,0,1,0,0,0,0,0,0
1,0,0,0,-0.7926554591473648,1,0,1,0,0,0,0,0,1,0.2946503252933002,-0.5861213579772206,0.28693205469937205,1,0,0,0,1,0,0,1,0,0,0,0
1,0,0,0,1.3283553716957337,1,1,0,1,1,0,1,1,0,1.337791449350535,1.9080096666458388,1.2295007137623009,1,0,0,1,1,0,0,0,0,0,1,0
1,0,1,1,1.2467780320479223,1,0,0,0,0,0,0,0,0,-1.508802590939623,-0.45913391091547257,-1.4966913137423181,0,1,0,1,0,0,1,0,0,0,1,0
1,0,0,1,1.5322987208152625,1,1,1,1,0,1,0,0,0,0.0018387816982869288,0.9937396009081412,0.003000381848311695,0,0,1,0,0,0,0,0,0,0,1,0
0,0,1,0,0.6349479846893362,1,1,0,1,0,1,1,1,1,1.337791449350535,1.2275643844665531,1.3580542901573498,1,0,0,0,1,0,0,0,1,0,0,0
0,1,1,0,1.613876060463074,1,1,1,1,1,1,1,1,1,1.6921599651785912,2.704279630164885,1.7347609173454968,1,0,0,1,1,0,0,0,0,0,1,0
1,0,0,0,-0.9965988082668935,1,0,0,0,0,0,0,1,1,-0.3375564165595695,-0.8140351494505641,-0.33721184041304325,0,0,0,0,1,0,0,0,0,0,0,0
1,0,0,0,-1.2821194970342338,0,0,0,0,0,0,0,0,0,-1.3341138859539616,-0.9956498319155836,-1.3300325996624756,0,0,0,0,0,0,0,0,0,0,0,1
1,0,0,0,-1.2005421573864221,1,1,0,0,1,0,1,1,1,1.1997041873142507,-0.8615428256138276,1.4931439219447837,1,0,0,0,0,1,0,0,0,0,0,1
0,0,0,0,-1.2005421573864221,1,0,0,0,0,0,0,0,0,-1.4871744655604457,-0.9775652724880325,-1.423383574452463,0,1,0,0,0,1,0,0,0,0,0,0
0,0,1,1,1.613876060463074,1,0,1,1,1,1,1,1,1,0.6257270137899347,1.6729103940876724,0.6545041735726017,0,0,0,1,0,0,0,0,0,0,1,0
0,0,0,0,-0.8334441289712705,1,0,0,1,0,1,0,0,1,-0.3525297341297692,-0.718909927382679,-0.34432363804867117,0,0,0,0,0,1,0,0,0,0,0,0
1,0,0,0,-0.26240275143659014,1,0,0,1,1,0,1,0,0,0.8286986519637506,0.019766317716425636,0.8248580177586547,1,0,0,0,0,1,0,0,1,0,0,1
0,0,0,0,-1.2821194970342338,0,0,0,0,0,0,0,0,0,-1.3474235015719167,-0.9958256235017567,-1.3432895428279175,0,0,0,0,0,0,1,0,0,0,0,0
0,0,1,1,1.613876060463074,1,0,1,1,1,1,1,1,1,1.4559142879598874,2.389019394311813,1.404557161104877,1,0,0,1,0,0,0,0,0,0,1,0
1,0,1,0,0.6349479846893362,1,1,1,1,1,0,1,0,1,1.0649443291824547,0.959438267656127,0.9368011117596315,1,0,0,1,0,0,0,0,1,0,0,0
1,0,1,0,1.3283553716957337,1,1,0,1,0,0,0,1,1,0.8569815851519056,1.600000833722405,0.8721496130892219,1,0,0,0,0,1,0,0,0,0,1,0
1,0,1,0,-0.6702894496756475,1,0,1,1,0,0,0,0,0,0.5275685986075154,-0.42586535323222513,0.5849742685330179,1,0,0,0,0,0,0,1,0,0,0,0
1,0,0,0,-0.8742327987951762,1,0,0,0,0,1,0,0,1,0.29797772919778875,-0.5994815185263715,0.6387741074870916,1,0,0,0,0,1,0,0,0,0,0,1
0,0,1,1,0.10469527697856156,1,0,0,0,0,0,0,0,0,-1.5038114850828896,-0.6855534739063451,-1.4603294124885342,0,1,0,1,1,0,0,0,1,0,0,0
0,0,1,0,1.002046013104488,1,0,1,1,0,1,1,0,1,0.1815185925406812,0.8061480045132381,0.24629353054242012,0,0,0,1,1,0,0,0,0,1,0,0
0,0,1,1,1.613876060463074,1,0,0,0,0,0,0,0,1,-1.4705374460380018,-0.35510923979757747,-1.4696447823735368,0,1,0,1,0,0,1,0,0,0,1,0
1,0,1,1,0.3086386260980903,1,0,0,0,0,0,0,0,0,-1.5071388889873785,-0.6510324011716149,-1.4817003150646106,0,1,0,1,0,0,1,0,1,0,0,0
1,0,0,0,-1.2413308272103278,1,0,0,0,0,0,0,0,0,-1.492165571417179,-0.9917384691232337,-1.5935143450756357,0,1,0,0,0,0,1,0,0,0,0,0
1,0,0,0,-0.09924807214096716,1,1,1,0,0,0,0,1,1,-0.013134535871912711,-0.1766148579871292,-0.0657068825216309,0,0,0,0,0,0,1,0,1,0,0,0
1,0,0,0,-0.26240275143659014,1,0,0,1,0,0,1,0,1,0.6939387938319548,-0.06320731095724826,0.5841935110629378,1,0,0,0,0,1,0,0,1,0,0,0
0,1,0,0,-0.8742327987951762,1,1,0,0,0,0,0,1,1,0.6623284567393112,-0.6080074104557639,0.5803230398940062,1,0,0,0,1,0,0,0,0,0,0,1
0,0,1,0,0.349427295921996,1,0,0,1,1,1,0,0,1,0.7089121114021544,0.4608933292693922,0.5471586360660462,1,0,1,0,0,0,0,0,1,0,0,0
1,0,1,1,0.7981026639849592,1,0,1,1,1,0,1,1,0,0.4759938380879392,0.7585304586086168,0.4078379257803507,0,0,0,1,0,1,0,0,0,1,0,0
1,0,0,0,-1.1189648177386107,1,0,0,0,0,0,0,0,0,-1.4588915323722913,-0.9565142300438112,-1.397311586227094,0,1,0,0,0,0,1,0,0,0,0,1
0,0,1,1,-1.0373874780907992,1,0,1,1,1,1,1,0,1,0.35953470143083166,-0.7630555894603832,0.4712545529419603,0,0,0,0,0,1,0,0,0,0,0,0
0,0,0,0,-0.8334441289712705,1,0,0,0,1,0,1,1,0,1.0183606745196117,-0.5164639419561544,0.9279286263598441,1,0,1,0,0,0,1,0,0,0,0,1
0,0,0,0,-1.2821194970342338,1,0,0,0,1,0,0,0,1,-0.48063478445258734,-0.9843771964522378,-0.47993111917850506,0,0,0,0,0,0,1,0,0,0,0,1
1,0,1,1,-0.5071347703800245,1,0,0,0,0,0,0,0,1,0.18484599644517027,-0.36009732605523737,0.28557449273098806,1,0,0,0,0,1,0,1,0,0,0,1
1,0,0,0,-1.2821194970342338,1,0,0,0,0,0,0,0,1,-0.685270124578648,-0.987079992089648,-0.6837566203471765,0,0,0,0,0,0,1,0,0,0,0,0
1,0,1,0,-0.09924807214096716,1,1,0,0,0,0,0,0,0,-0.4989355059272758,-0.3728422160527826,-0.5589756428024532,0,0,0,0,0,1,0,0,1,0,0,0
1,0,1,1,1.450721381167451,1,1,1,1,1,0,1,1,1,1.5074890484794634,2.275260264109586,1.4876039493719704,1,0,0,1,0,1,0,0,0,0,1,0
1,0,0,0,-0.1400367419648729,1,0,0,1,0,1,1,0,0,0.8237075461070177,0.14649007739891418,0.8464489013225314,1,0,0,0,0,0,1,0,1,0,0,0
0,0,0,0,-1.2413308272103278,1,0,0,0,0,0,0,0,1,0.15989046716150437,-0.9471313541318254,0.08846031903982171,1,0,0,0,0,1,0,0,0,0,0,0
1,0,0,0,-1.1189648177386107,1,0,0,1,0,0,0,0,1,0.32459696043369946,-0.8379428051700972,0.39105004679103594,1,0,0,0,0,1,0,0,0,0,0,0
0,0,0,0,-0.8334441289712705,1,0,0,0,0,0,0,0,0,-1.4838470616559571,-0.898129449486091,-1.4706114344793502,0,1,0,0,0,0,1,0,0,0,0,0
0,1,1,1,1.124412022576205,1,0,1,1,1,1,0,1,1,0.33125176824267666,0.95192317734723,0.30960270221835207,0,0,1,0,1,0,0,0,0,1,0,0
1,0,1,1,-0.6295007798517418,1,0,0,0,0,0,0,0,0,-1.4971566772739122,-0.8616307214069141,-1.5090988099192182,0,1,1,0,0,0,0,1,0,0,0,0
1,0,1,1,1.2059893622240165,1,1,0,0,1,0,1,0,1,0.8054068246323289,1.371757433024987,0.7408569434859398,1,0,0,1,1,0,0,0,0,0,1,0
1,0,1,1,1.4099327113435454,1,0,0,1,1,1,1,1,0,1.2729070732130041,2.023878295882142,1.2589791478601753,1,0,0,1,0,0,0,0,0,0,1,0
1,0,1,1,-0.7926554591473648,1,0,0,0,0,0,1,1,1,-0.0048160261106907415,-0.6209720399360255,0.08476367142638125,0,0,1,0,0,1,0,1,0,0,0,0
1,0,1,0,-0.3439800910844016,1,1,0,0,1,0,1,1,1,1.2030315912187393,0.044596879263367216,1.1509490764868118,1,0,0,0,0,1,0,1,0,0,0,1
0,0,1,1,-0.7518667893234591,1,1,0,0,0,0,1,0,1,0.6623284567393112,-0.47746018377401167,0.6980429735222011,1,0,0,0,0,1,0,1,0,0,0,0
1,0,1,0,0.3086386260980903,1,1,0,1,1,0,1,1,1,1.3677380844909344,0.8298798686465982,1.3102947714722648,1,0,1,0,0,0,0,0,1,0,0,0
1,0,0,0,-1.2821194970342338,1,0,0,0,0,0,0,0,1,0.18983710230190318,-0.9755216952987709,0.18788739278063696,1,0,0,0,0,0,1,0,0,0,0,0
0,1,0,0,-1.2821194970342338,1,0,0,0,1,0,0,0,1,0.3462250858128763,-0.9734561441612376,0.3436564749745809,1,0,0,0,0,0,0,0,0,0,0,1
0,0,1,0,-1.2413308272103278,1,0,0,0,0,0,0,0,0,-1.4905018694649346,-0.9875853928998956,-1.4369167039338517,0,1,0,0,0,0,0,0,0,0,0,0
0,0,0,0,-0.30319142126049586,1,0,0,1,0,1,0,1,1,0.03012171488644144,-0.2683780659694549,0.07473938286358964,0,0,0,0,0,0,0,0,1,0,0,0
0,0,1,0,-0.017670732493155674,1,0,0,0,0,0,0,0,0,-1.5137936967963561,-0.7247769715712041,-1.4879248641602596,0,1,0,0,0,0,0,0,1,0,0,0
1,0,0,0,-0.017670732493155674,1,0,0,0,0,0,0,0,0,-1.4821833597037126,-0.6956175422147516,-1.419206256423769,0,1,1,0,1,0,0,0,1,0,0,0
1,0,0,0,-1.2821194970342338,1,0,0,0,0,0,1,0,1,0.5009493673716051,-0.9714125669719762,0.4977684392728447,1,0,0,0,0,1,0,0,0,0,0,1
0,1,1,0,-0.5887121100278361,1,1,0,0,0,1,1,1,0,1.159775340460385,-0.19955565998271066,1.2290177417944144,1,0,0,0,0,0,0,1,0,0,0,1
0,0,0,0,-1.2005421573864221,0,0,0,0,0,0,0,0,0,-1.319140568383762,-0.9806635991943322,-1.501268115549435,0,0,0,0,0,1,0,0,0,0,0,1
0,0,1,1,1.4915100509913568,1,1,1,0,0,1,0,0,0,-0.11628405691106519,0.7776697675532062,-0.2019195719264092,0,0,0,1,1,0,0,0,0,0,1,0
0,0,1,0,-0.915021468619082,1,0,0,0,0,0,0,0,0,-1.4905018694649346,-0.9255089890325416,-1.5408179959930037,0,1,1,0,0,0,1,0,0,0,0,0
1,0,1,0,0.5941593148654305,1,1,1,0,1,1,1,1,1,1.5291171738586404,1.3120542155709694,1.5683018577098566,1,0,1,0,1,0,0,0,1,0,0,1
0,0,0,0,0.4310046355698075,1,1,0,1,1,1,1,1,0,0.6723106684527774,0.6029329308972067,0.6707253024312861,0,0,1,0,1,0,0,0,1,0,0,0
1,0,0,0,-1.2821194970342338,1,0,0,0,0,0,0,0,0,-1.4755285518947352,-0.9975176175186722,-1.470887620795297,0,1,0,0,0,1,0,0,0,0,0,1
1,0,1,0,1.287566701871828,1,0,0,1,1,1,1,1,1,1.2496152458815823,1.917788073626714,1.2938582333444868,1,0,1,0,1,0,0,0,0,0,1,0
0,0,0,0,-1.2005421573864221,1,0,0,0,0,0,0,0,1,0.1781911886361926,-0.9056005918984452,0.38563679499848064,1,0,0,0,0,1,0,0,0,0,0,0
1,0,1,1,-0.9558101384429878,1,0,0,1,0,1,0,0,0,-0.3358927146073252,-0.8075528347104334,-0.4845342244442837,0,0,0,0,0,0,1,0,0,0,0,0
1,0,0,0,-1.1597534875625164,1,1,0,1,0,0,0,1,1,0.8370171617249725,-0.8447767030825741,0.8979624110796262,1,0,0,0,0,1,0,0,0,0,0,1
0,0,1,1,0.10469527697856156,0,0,1,0,0,1,1,0,1,-0.6170583445366277,-0.2761128957610686,-0.5781271910539579,0,0,0,1,1,0,0,0,1,0,0,0
0,0,0,0,-1.2821194970342338,1,0,0,0,0,0,1,0,1,-0.3774852634134351,-0.9830148116593965,-0.37718980964632953,0,0,0,0,0,0,1,0,0,0,0,1
0,0,0,0,-1.2413308272103278,0,0,0,0,0,0,1,1,1,-0.6536597874860044,-0.9689734587138252,-0.7351272751132643,0,0,0,0,0,1,0,0,0,0,0,1
0,0,0,0,0.0639066071546558,1,1,0,0,0,0,1,0,0,0.6806291782139994,0.26644586101374074,0.6715708632727204,1,0,0,0,0,1,0,0,1,0,0,0
1,0,1,1,0.4310046355698075,1,1,1,0,1,1,0,0,1,0.8769460085788381,0.7574317611950353,0.9416833471877483,1,0,1,0,1,0,0,0,1,0,0,0
0,0,1,0,1.613876060463074,1,1,1,1,1,1,1,1,1,0.8669637968653718,1.8362647255389677,0.8256015963015882,0,0,0,1,0,0,0,0,0,0,1,0
1,1,1,0,-0.6295007798517418,1,0,0,1,0,0,0,0,1,0.38449023071449756,-0.4644955542937501,0.25261246823544264,1,0,0,0,0,1,0,1,0,0,0,1
0,1,1,0,0.023117937330750068,1,1,0,1,0,0,0,0,1,0.522577492750782,0.16092696141337487,0.5159967361253274,1,0,0,0,0,0,0,0,1,0,0,1
1,1,0,0,-0.09924807214096716,1,1,0,0,1,1,1,0,1,0.13992604373457135,-0.08632390453900268,0.1612630319233744,0,0,0,1,1,0,0,0,1,0,0,0
0,0,1,1,0.9612573432805821,1,1,1,0,1,0,0,1,1,0.12828013006886077,0.6669869901090073,0.10171726220526393,0,0,1,0,0,0,0,0,0,1,0,0
0,0,0,0,1.4915100509913568,1,1,0,0,1,1,1,1,0,1.3011900064011586,2.082328998284677,1.223994353004369,1,0,0,1,0,1,0,0,0,0,1,0
1,0,0,0,-0.8742327987951762,0,0,0,1,0,1,0,0,1,-0.9730905623169281,-0.8197264020529162,-0.8711615896404705,0,0,0,0,0,1,0,0,0,0,0,0
0,1,0,0,0.349427295921996,1,0,0,0,1,1,1,1,1,1.2046952931709836,0.7584865107120733,1.0945329692659895,1,0,1,0,0,0,0,0,1,0,0,0
0,0,1,1,-1.2005421573864221,1,0,0,1,0,1,0,0,1,0.5026130693238494,-0.9005026358994269,0.5137872455977539,1,0,0,0,0,1,0,0,0,0,0,0
1,0,1,1,-1.2821194970342338,1,0,0,1,0,0,0,0,0,0.3229332584814547,-0.9737637794370405,0.32045682443505724,1,0,0,0,1,0,0,0,0,0,0,0
1,0,1,0,0.3086386260980903,1,1,0,1,0,1,1,0,0,0.19482820815863655,0.27749875699437054,0.26887902993200963,0,0,1,0,1,0,0,0,1,0,0,0
1,0,0,0,-1.2821194970342338,1,0,0,0,1,0,0,0,0,-0.4656614668823879,-0.9841794309177929,-0.4650170581173829,0,0,0,0,0,0,1,0,0,0,0,1
0,0,1,1,1.4915100509913568,1,1,1,1,1,1,1,0,1,1.337791449350535,2.172993508853422,1.3230851999257713,1,0,1,0,1,0,0,0,0,0,1,0
0,0,0,0,-0.8742327987951762,1,0,1,0,0,1,0,0,1,-0.3425475224163027,-0.7350168314657837,-0.29041709074525424,0,0,1,0,0,0,1,0,0,0,0,0
0,0,1,1,-1.2821194970342338,1,1,1,0,1,0,1,1,1,1.2496152458815823,-0.9615242902497428,1.243471492328959,1,0,0,0,0,1,0,0,0,0,0,1
0,1,1,0,1.450721381167451,1,1,1,1,0,0,0,1,1,1.0532984155167437,1.8860576923224803,1.0559734763089015,1,0,1,0,1,0,0,0,0,0,1,1
0,0,0,0,-0.915021468619082,1,1,0,0,0,0,0,0,1,0.32792436433818806,-0.6551195555501379,0.4982655746415488,1,0,0,0,0,1,0,0,0,0,0,1
0,0,0,0,0.349427295921996,1,0,0,0,0,0,0,0,0,-1.4788559557992238,-0.6656890246687919,-1.525006666217635,0,1,0,0,0,1,0,0,1,0,0,0
0,0,0,0,-0.05845940231706142,1,1,0,0,0,1,0,0,1,0.49762196346711607,0.05002444448645972,0.41833369111217206,1,0,0,0,1,0,0,0,1,0,0,1
0,1,0,0,-1.2821194970342338,0,0,0,0,0,0,0,0,1,-1.3008398469090738,-0.995210352950151,-1.2968902417488704,0,0,0,0,0,0,1,0,0,0,0,1
0,0,1,1,-1.0373874780907992,1,0,0,0,0,0,0,0,0,-1.4722011479902464,-0.9366937287028012,-1.399394820153092,0,1,0,0,0,0,1,0,0,0,0,0
1,0,0,0,1.613876060463074,1,1,0,1,1,0,1,1,1,1.1980404853620064,2.2715466668516813,1.281516157350618,1,0,0,1,0,0,0,0,0,0,1,0
1,0,0,0,-1.2821194970342338,1,1,1,1,0,0,0,0,0,-0.12460256667228715,-0.9796747715221088,-0.1253078895029309,0,0,0,0,0,1,0,0,0,0,0,0
1,0,0,0,-0.8334441289712705,1,0,0,0,0,0,0,0,1,-0.6486686816292713,-0.7785032750953388,-0.7188322824724084,0,0,0,0,0,0,0,0,0,0,0,1
1,0,1,1,-1.0373874780907992,1,0,0,0,1,0,0,0,0,-0.5388643527811411,-0.8570161922698718,-0.5410077501907203,0,0,0,0,0,1,0,0,0,0,0,1
0,0,0,1,-1.1597534875625164,1,0,0,0,0,0,0,0,1,-1.4805196577514683,-0.9693030679378997,-1.4497593676253737,0,1,1,0,0,0,1,0,0,0,0,0
0,0,0,0,-1.2005421573864221,1,0,0,0,0,0,0,0,0,-0.6702968070084484,-0.9414840494260164,-0.5163877128834707,0,0,0,0,0,0,1,0,0,0,0,0
1,0,0,0,-1.1189648177386107,1,1,0,0,0,0,0,0,0,-0.5904391133007175,-0.9084791791220286,-0.6728196422356867,0,0,0,0,0,1,0,0,0,0,0,1
0,0,1,1,1.1652006924001108,0,0,0,1,1,1,1,0,0,-0.4506881493121883,0.41929664519119714,-0.3892242887903679,0,0,0,1,1,0,0,0,0,0,1,0
1,0,0,0,-1.2821194970342338,1,0,0,0,0,0,0,0,1,0.22144743939454675,-0.9751041902816099,0.21937263279856187,1,0,0,0,0,0,1,0,0,0,0,1
1,0,1,1,0.5533706450415247,1,0,1,0,1,1,1,1,0,0.5358871083687373,0.6838410084333472,0.6192784101887032,0,0,0,1,0,0,1,0,1,0,0,0
0,0,1,1,0.7573139941610534,1,1,1,0,0,1,1,0,1,1.006714760853901,1.1908678908529315,1.0973201924315124,1,0,1,0,0,0,1,0,0,1,0,0
1,0,0,0,-0.30319142126049586,1,0,1,0,0,0,0,0,0,0.3129510467679884,-0.14857609999252971,0.43612365355353927,1,0,0,0,0,0,0,0,1,0,0,0
0,0,1,1,-1.1189648177386107,1,0,1,0,0,0,0,0,1,-0.5155725254497198,-0.9043480768469622,-0.610512009358109,0,0,0,0,0,0,1,0,0,0,0,0
1,0,1,1,1.613876060463074,1,1,0,0,0,0,0,0,0,-1.357405713285383,-0.2442067228706622,-1.3534854209916165,0,1,0,1,1,0,0,0,0,0,1,0
1,1,0,0,-0.9558101384429878,1,1,0,0,0,0,0,0,1,0.30463253700676646,-0.7083844061605684,0.3464183381340483,1,0,0,0,0,1,0,0,0,0,0,0
1,0,0,0,-0.6702894496756475,1,0,0,0,0,0,0,0,1,-1.4738648499424907,-0.8614109819241977,-1.4678840946093765,0,1,0,0,1,0,0,1,0,0,0,0
1,1,1,0,-0.4255574307322131,1,0,0,0,0,0,1,1,1,0.8270349500115063,-0.15444314418105481,0.7689331858387046,1,0,0,0,0,0,0,1,0,0,0,0
1,0,1,1,-0.5479234402039304,1,0,0,1,0,1,1,1,0,1.168093850221607,-0.17652696219404268,1.1424745174238153,1,0,1,0,0,0,0,1,0,0,0,1
1,0,1,1,-0.6295007798517418,1,1,0,1,1,1,0,0,1,0.06006835002684072,-0.5332080905391363,-0.05219974704644919,0,0,0,0,0,0,1,1,0,0,0,0
1,1,1,0,-0.3439800910844016,1,0,0,0,1,0,1,1,1,0.9401666827641253,-0.026049364429922325,0.9289643250446442,1,0,0,0,0,1,0,1,0,0,0,1
0,0,0,1,-1.1189648177386107,1,0,0,0,0,0,0,0,0,-0.6287042582023386,-0.9091164236219059,-0.6824309260306324,0,0,0,0,0,0,1,0,0,0,0,1
1,0,0,1,-1.2821194970342338,0,0,0,1,0,0,0,0,1,-1.116168930209946,-0.9927712446920003,-1.112950155328362,0,0,0,0,0,0,1,0,0,0,0,1
1,0,0,0,-1.1189648177386107,1,0,0,0,1,0,1,1,0,1.0516347135644994,-0.7900835458344877,1.112890602149355,1,0,0,0,0,0,0,0,0,0,0,1
0,0,1,0,0.5941593148654305,1,0,1,0,1,0,1,0,1,0.03844022464766341,0.3213148098480001,-0.021367813833454655,0,0,1,0,1,0,0,0,1,0,0,0
0,0,1,1,-0.09924807214096716,1,1,0,0,0,0,0,0,1,-1.3241316742404952,-0.6595582931010072,-1.2797114528969853,0,1,0,1,0,0,1,0,1,0,0,0
0,1,0,0,1.0836233527522994,1,1,0,1,0,0,0,0,1,0.4759938380879392,1.0108133587151975,0.4265966299905776,1,0,0,1,1,0,0,0,0,1,0,0
1,0,1,1,-1.2821194970342338,1,0,0,0,0,0,0,0,0,-0.676951614817426,-0.9869701223482898,-0.6754710308687752,0,0,0,0,0,1,0,0,0,0,0,0
1,0,0,0,1.124412022576205,1,1,1,1,1,1,1,1,1,1.7204428983667457,2.0915580565587617,1.7419877926127683,1,0,1,0,1,0,0,0,0,1,0,0
1,0,1,0,1.5322987208152625,1,0,1,1,1,1,1,1,1,1.4841972211480419,2.3047712766383848,1.415409310562183,1,0,1,0,0,0,0,0,0,0,1,1
1,0,1,1,0.9204686734566764,1,0,0,1,0,1,0,0,0,0.4826486458969169,0.8561607107794674,0.40207741315138124,1,0,0,0,0,1,0,0,0,1,0,0
0,0,1,0,0.1454839468024673,1,0,0,0,0,0,0,1,0,0.5159226849418048,0.2844864725447488,0.5524993608829508,1,0,0,0,0,1,0,0,1,0,0,0
1,0,1,0,-0.915021468619082,1,0,0,0,0,0,0,0,0,-1.5071388889873785,-0.9232896202571071,-1.5240811052466332,0,1,1,0,0,0,0,0,0,0,0,0
1,0,1,0,0.9612573432805821,1,0,0,0,0,0,0,0,0,-1.4954929753216677,-0.5113659859571363,-1.4851210798635506,0,1,1,0,1,0,0,0,0,1,0,0
1,0,0,0,-1.2821194970342338,1,0,0,0,0,0,0,0,1,-1.5104662928918673,-0.9979790704323764,-1.5056870966045823,0,1,0,0,0,0,1,0,0,0,0,0
0,0,1,1,-0.5887121100278361,1,0,0,0,0,0,0,0,0,-1.5154573987486004,-0.8706400401982822,-1.582558954543083,0,1,0,1,0,0,1,1,0,0,0,0
0,0,1,1,-0.7518667893234591,1,0,0,0,0,0,0,0,1,-1.5104662928918673,-0.8870106316606464,-1.5080544078841256,0,1,1,0,0,0,1,1,0,0,0,0
0,0,0,0,-1.078176147914705,1,1,0,1,0,0,1,0,1,0.8386808636772168,-0.7774485255783006,0.7275554541405063,1,0,0,0,0,1,0,0,0,0,0,1
0,0,0,0,-0.7926554591473648,1,0,0,1,1,0,0,0,1,0.4776575400401835,-0.5180021183351685,0.6820909375154329,1,0,0,0,0,1,0,1,0,0,0,1
1,0,1,1,-0.6702894496756475,1,1,0,0,1,0,1,0,1,0.8619726910086385,-0.37273234631142443,0.8354062105176965,1,0,0,0,0,0,0,1,0,0,0,0
0,0,0,0,-1.2821194970342338,1,1,0,0,0,0,0,0,1,-1.3041672508135624,-0.9952543008466944,-1.3002044775402308,0,1,0,0,0,1,0,0,0,0,0,0
0,0,1,1,-0.8334441289712705,0,0,0,1,0,0,0,0,0,-1.1877081141564547,-0.8707059620430971,-1.2982711733286036,0,0,0,0,0,0,1,0,0,0,0,1
0,0,1,0,-0.4255574307322131,1,0,0,0,0,0,1,0,1,0.5026130693238494,-0.2566000296958614,0.4187540450651815,1,0,0,0,1,0,0,1,0,0,0,0
1,0,0,0,0.3086386260980903,1,1,0,1,1,0,1,1,1,1.3178270259236025,0.7675617513482564,1.192805112668535,1,0,0,0,1,0,0,0,1,0,0,1
0,0,1,0,0.7165253243371477,1,1,1,0,1,0,1,1,1,1.3144996220191139,1.2932005679539107,1.3166498186021984,1,0,1,0,0,0,1,0,0,1,0,0
0,0,0,0,-0.915021468619082,1,0,0,0,0,0,0,0,1,-1.517121100700845,-0.9251574058601957,-1.5381666073599154,0,1,1,0,0,0,1,0,0,0,0,0
1,0,0,1,-0.8334441289712705,1,0,1,0,0,0,1,1,1,0.16488157301823725,-0.6384852767085143,0.1610973201338065,0,0,0,0,0,0,1,0,0,0,0,0
0,0,1,1,-0.2216140816126844,1,1,0,0,0,0,0,0,0,-1.3440960976674279,-0.6716879125469467,-1.2166734606505705,0,1,0,1,0,1,0,0,1,0,0,0
0,0,0,0,1.3691440415196396,1,1,0,0,0,0,0,0,1,-1.3224679722882509,-0.26664212405599624,-1.306531654960101,0,1,0,1,1,0,0,0,0,0,1,0
1,0,1,1,-0.017670732493155674,0,0,0,0,1,0,1,1,0,-0.4756436785958542,-0.2798924148637889,-0.43948708553705895,0,0,0,0,1,0,0,0,1,0,0,0
1,0,1,1,0.2270612864502788,1,0,0,0,0,0,0,0,0,-1.5071388889873785,-0.6913106483535121,-1.5263574619349098,0,1,0,0,0,1,0,0,1,0,0,0
0,0,1,1,1.4915100509913568,1,1,1,1,1,1,1,1,0,1.6089748675663715,2.463203443676835,1.640267171639526,1,0,0,1,1,0,0,0,0,0,1,0
0,0,1,0,-1.1189648177386107,1,0,0,0,0,0,0,0,1,0.13493493787783845,-0.8520720539087552,0.17794468540655553,1,0,0,0,0,1,0,0,0,0,0,0
1,1,1,1,0.9612573432805821,1,1,1,0,1,0,1,1,1,1.3194907278758468,1.5400778767856707,1.2774720005813982,1,0,1,0,0,0,0,0,0,1,0,1
1,0,0,0,-0.915021468619082,1,0,0,0,0,0,0,0,0,0.174863784731704,-0.6833121311826389,0.285657348625772,1,0,0,0,0,0,1,0,0,0,0,0
1,0,1,1,0.5533706450415247,1,1,0,1,0,0,0,0,1,0.5026130693238494,0.6501549457329389,0.5640531551000548,1,0,0,0,0,0,0,0,1,0,0,0
0,0,0,0,0.5533706450415247,1,0,0,1,1,1,1,1,1,1.3144996220191139,1.148743832016217,1.3814445692953798,1,0,0,1,0,0,0,0,1,0,0,0
1,0,0,0,1.0428346829283937,1,1,0,0,0,0,0,0,1,-1.3174768664315177,-0.3586030975727666,-1.3094900519556807,0,1,0,1,1,0,0,0,0,1,0,0
1,0,0,0,1.2059893622240165,1,1,1,1,1,1,0,0,0,0.1499082554480381,0.8557432057623066,0.11321017664304625,0,0,0,1,0,0,0,0,0,0,1,0
1,0,1,0,-0.38476876090830736,1,0,0,0,0,0,0,0,0,-1.517121100700845,-0.7928742372649846,-1.451362449067934,0,1,1,0,1,0,0,1,0,0,0,0
1,0,0,0,-0.9558101384429878,0,0,0,0,0,0,0,0,1,-1.340768693762939,-0.9230039589295759,-1.4519228271002897,0,0,0,0,0,0,1,0,0,0,0,0
0,0,1,0,0.6757366545132419,1,0,0,0,0,0,0,0,0,-1.4788559557992238,-0.6106223103000877,-1.5426171525654566,0,1,1,0,0,0,0,0,0,1,0,0
0,0,0,0,-1.2413308272103278,0,0,0,0,0,1,0,0,1,-1.1311422477801456,-0.9805976773495173,-1.1734349585206916,0,0,0,0,0,1,0,0,0,0,0,1
1,1,1,0,0.18627261662637304,1,1,0,0,0,0,1,1,1,0.9185385573849479,0.5199373282752612,0.9592981667048722,1,0,0,0,0,1,0,0,1,0,0,1
1,1,1,0,1.0428346829283937,1,1,0,1,0,0,1,1,1,1.1314924072722305,1.533947145217886,1.1512443101348921,1,0,0,0,0,1,0,0,0,1,0,0
0,0,0,0,0.8388913338088649,1,0,0,1,1,0,1,1,1,1.1780760619350734,1.2790932931635248,1.1002402266664828,1,0,1,0,0,0,1,0,0,1,0,0
0,0,0,0,-0.09924807214096716,1,1,1,0,1,0,1,1,1,0.4793212419924278,0.06011048674313768,0.5293641538171482,0,0,1,0,1,0,0,0,1,0,0,0
0,0,1,0,-0.05845940231706142,1,0,0,0,0,1,0,0,1,-0.5222273332586972,-0.34796770660929777,-0.5498508032930141,0,0,0,0,0,0,1,0,1,0,0,0
1,1,1,0,1.613876060463074,1,0,1,1,1,1,1,0,0,0.3162784506724775,1.3493879536844682,0.31564657943231905,0,0,0,1,0,0,0,0,0,0,1,0
0,0,0,0,-0.3439800910844016,1,1,0,1,1,0,1,1,1,1.306181112257892,0.0897972908581095,1.2929778894624067,1,0,0,0,0,1,0,1,0,0,0,0
0,1,0,0,-0.017670732493155674,1,0,0,1,0,1,0,0,0,-0.3408838204640584,-0.20225845562012115,-0.25653091286711105,0,0,0,0,0,0,0,0,1,0,0,0
1,0,1,0,1.3691440415196396,1,1,1,1,1,1,0,0,0,1.054962117468988,1.816773833422032,1.074018633572201,1,0,0,1,0,0,1,0,0,0,1,0
1,1,0,0,-1.2413308272103278,1,1,0,0,0,0,0,0,1,0.25638518039167896,-0.9387373058920626,0.4049698371147506,1,0,0,0,0,0,1,0,0,0,0,0
1,0,1,0,-0.017670732493155674,1,1,1,0,0,1,1,0,1,0.2630399882006566,0.0187774900442023,0.264373740653129,0,0,1,0,1,0,0,0,1,0,0,0
0,0,0,0,0.023117937330750068,1,1,1,1,0,0,0,0,1,-0.13292107643350912,-0.11271461641323005,-0.10933929887183043,0,0,0,0,0,0,1,0,1,0,0,0
1,0,0,0,0.6349479846893362,1,0,0,0,0,0,0,0,0,-1.4988203792261565,-0.6039861779220556,-1.519496412401918,0,1,0,1,1,0,0,0,1,0,0,0
1,0,0,0,-1.1189648177386107,1,0,0,0,0,0,0,0,1,0.16155416911374865,-0.863894038078892,-0.0003612001686396476,1,0,0,0,0,1,0,0,0,0,0,1
1,0,0,0,-1.1189648177386107,1,0,0,0,0,0,1,0,1,0.522577492750782,-0.8239234261727975,0.6024982902798366,1,0,0,0,0,1,0,0,0,0,0,1
1,0,0,0,-1.2821194970342338,1,1,0,0,1,0,1,1,1,1.2163412068366946,-0.9619637692151755,1.210329134415354,1,0,0,0,0,1,0,0,0,0,0,1
1,0,1,1,1.613876060463074,1,0,1,1,0,1,1,0,0,0.1166342164031502,1.127275284554835,0.08300563929987446,0,0,0,1,0,0,0,0,0,0,1,0
1,0,0,0,0.4310046355698075,1,1,0,0,0,0,0,0,0,-1.2792117215298964,-0.5187052846798607,-1.2963892526176182,0,1,0,1,0,0,0,0,1,0,0,0
0,0,0,0,-1.2005421573864221,1,0,0,0,1,0,1,0,0,-0.24438910723388357,-0.9355950312892197,-0.3683518475360349,0,0,0,0,0,1,0,0,0,0,0,0
1,0,1,0,0.7981026639849592,1,1,1,1,1,1,0,1,1,0.5491967239866926,0.9071402707696483,0.6233588551743038,0,0,1,0,1,0,0,0,0,1,0,0
1,1,1,0,-1.2821194970342338,0,0,0,1,0,0,1,0,0,-0.8216936846626881,-0.9888818558479219,-0.8196402877929572,0,0,0,0,0,1,0,0,0,0,0,1
0,1,0,0,-0.2216140816126844,1,1,0,0,1,0,0,1,0,0.7787875933964188,0.07797530668797267,0.8771870626467458,1,0,0,0,1,0,0,0,1,0,0,1
1,0,1,0,-0.9558101384429878,1,0,1,1,0,1,1,0,1,0.13493493787783845,-0.7455643266361659,0.03488017374616039,0,0,0,0,0,0,1,0,0,0,0,0
1,0,0,0,-0.3439800910844016,1,0,0,0,0,1,1,1,1,1.0349976940420555,-0.07377678007590223,0.7789951554855806,1,0,0,0,0,1,0,1,0,0,0,1
0,0,1,1,-1.2821194970342338,1,0,0,0,0,0,0,0,1,-0.6836064226264035,-0.9870580181413765,-0.6820995024514961,0,0,0,0,0,0,0,0,0,0,0,1
1,0,1,0,1.3691440415196396,1,1,0,1,1,0,1,1,1,1.3344640454460464,2.1283644199137415,1.4300479026744128,1,0,0,0,1,0,0,0,0,0,1,1
1,0,0,0,-0.7518667893234591,0,0,0,0,1,1,1,1,1,-0.3292379067983476,-0.6672931228926208,-0.3245171336764926,0,0,0,0,0,1,0,1,0,0,0,0
0,0,0,0,-1.2821194970342338,1,0,0,0,0,0,0,0,0,-1.4971566772739122,-0.9978032788462033,-1.4924301534391404,0,1,0,0,0,0,1,0,0,0,0,0
1,0,1,1,0.023117937330750068,1,0,0,0,0,0,0,0,0,-1.4738648499424907,-0.7031985543684638,-1.4587354228936416,0,1,1,0,0,0,1,0,1,0,0,0
1,1,0,0,1.124412022576205,1,1,1,1,0,0,0,1,1,0.22810224720352443,0.9159737979748437,0.2644186209294701,0,0,1,0,0,1,0,0,0,1,0,0
1,0,0,0,-0.915021468619082,1,0,0,0,0,0,0,0,1,-0.6669694031039595,-0.8151997687089604,-0.7089448123615163,0,0,0,0,1,0,0,0,0,0,0,1
1,0,0,0,1.002046013104488,1,1,0,0,0,1,1,0,1,0.8503267773429278,1.29183818316107,0.8888773348971685,1,0,0,1,1,0,0,0,0,1,0,0
0,1,1,0,-0.38476876090830736,1,0,1,0,0,0,1,1,1,1.0050510589016561,0.01570113728617414,1.1998100382079924,1,0,0,0,0,1,0,1,0,0,0,0
0,0,1,1,1.5730873906391682,1,1,1,1,1,1,1,1,1,0.8536541812474164,1.7353823290239159,0.7603866162051577,0,0,0,1,1,0,0,0,0,0,1,0
0,1,1,0,-0.09924807214096716,1,1,0,1,0,0,1,0,1,0.8370171617249725,0.14805022772619977,0.7504236811008936,1,0,0,0,0,1,0,0,1,0,0,0
0,0,1,1,-1.1189648177386107,1,0,0,1,0,1,1,1,1,1.1398109170334525,-0.802169217383884,0.9306076336245271,1,0,0,0,0,0,1,0,0,0,0,1
0,0,0,0,0.0639066071546558,1,0,0,1,1,1,1,1,1,1.337791449350535,0.590869233296082,1.391149940091052,1,0,0,0,0,1,0,0,1,0,0,0
0,0,1,1,-0.7926554591473648,1,0,0,0,0,0,0,0,0,-1.5337581202232888,-0.8961298201933727,-1.5114232739357831,0,1,0,0,0,0,1,1,0,0,0,0
0,0,0,0,-0.9965988082668935,1,0,1,1,0,1,0,0,0,-0.22276098185470627,-0.8003234057290671,-0.2079566445499835,0,0,1,0,0,0,0,0,0,0,0,0
0,0,1,1,1.613876060463074,1,1,1,0,1,1,1,1,1,0.6989298996886881,1.6789971777589139,0.6608794743657049,0,0,0,1,1,0,0,0,0,0,1,0
1,0,0,0,1.3283553716957337,1,1,0,1,1,1,1,1,1,1.4725513074823313,2.043962484602412,1.387232843309589,1,0,0,0,0,1,0,0,0,0,1,1
1,0,0,0,-0.3439800910844016,1,1,0,1,0,0,1,1,1,1.1564479365558964,0.050332079762262456,1.1689702336023342,1,0,0,0,0,0,0,1,0,0,0,0
0,0,1,1,0.2270612864502788,1,0,0,0,0,0,0,0,0,-1.4788559557992238,-0.6632059685140977,-1.4705823622355663,0,1,0,0,0,0,1,0,1,0,0,0
1,0,0,0,-1.2821194970342338,1,1,0,1,0,1,0,0,0,-0.15954030766941935,-0.9801362244358132,-0.16010736531221614,0,0,0,0,0,0,1,0,0,0,0,1
1,0,1,0,1.613876060463074,1,1,1,0,1,1,1,1,1,1.564054914855773,2.540507793696429,1.563226199616261,1,0,0,1,1,0,0,0,0,0,1,0
1,0,1,1,-0.09924807214096716,1,0,0,0,0,0,0,0,0,-1.4522367245633134,-0.693683834766848,-1.3654949226300328,0,1,0,1,0,0,1,0,1,0,0,0
0,0,1,1,1.5322987208152625,1,0,0,0,0,0,0,0,1,-1.5204485046053335,-0.39066308810107425,-1.4884530704895078,0,1,0,1,0,0,1,0,0,0,1,0
1,0,1,0,0.3902159657459017,1,1,1,0,0,0,0,0,0,-0.29263646384897085,0.04242145838447576,-0.2684907667273033,0,0,1,0,1,0,0,0,1,0,0,0
0,0,0,0,-0.05845940231706142,1,0,0,1,1,1,1,1,0,0.4759938380879392,0.0909179622199625,0.5178142202689765,0,0,0,1,0,0,1,0,1,0,0,0
1,0,0,0,1.3283553716957337,1,1,1,0,1,1,1,1,1,1.5008342406704858,2.1307376063270773,1.4879091290025321,1,0,1,0,1,0,0,0,0,0,1,0
1,0,1,1,0.7165253243371477,1,1,1,0,1,0,1,1,0,1.36607438253869,1.3410598272895207,1.3888338741380306,1,0,0,0,1,0,0,0,0,1,0,1
1,1,0,0,-1.2413308272103278,1,0,0,0,0,0,0,0,1,-0.6719605089606927,-0.965369731197278,-0.5992436076674834,0,0,0,0,0,1,0,0,0,0,0,1
0,0,1,1,1.4915100509913568,1,0,0,0,0,0,0,0,0,-1.4871744655604457,-0.3857189497399576,-1.473433338142284,0,1,0,1,0,0,0,0,0,0,1,0
0,0,1,0,-0.46634610055611886,1,0,1,0,1,1,1,1,0,0.5325597044642487,-0.2528644584896843,0.5545839099818818,0,0,1,0,0,0,1,1,0,0,0,0
1,0,0,0,-0.5479234402039304,1,0,0,0,0,0,0,0,1,-1.5038114850828896,-0.8366902901186143,-1.4777777425720728,0,1,1,0,1,0,0,1,0,0,0,0
0,0,0,0,0.2270612864502788,1,0,0,0,0,0,0,0,0,-1.4838470616559571,-0.6799940649936228,-1.5038991536118749,0,1,0,1,0,0,1,0,1,0,0,0
1,0,1,1,-0.5479234402039304,1,1,0,0,0,0,0,1,1,0.6240633118376904,-0.3623826166754869,0.40479540365204714,1,0,0,0,0,1,0,1,0,0,0,1
0,1,0,0,0.5941593148654305,1,1,0,1,0,1,1,0,1,1.0033873569494118,0.973106063481081,1.0244498674786242,1,0,0,0,0,1,0,0,1,0,0,1
1,0,0,0,-1.2821194970342338,1,0,0,0,0,0,0,0,0,-1.508802590939623,-0.9979570964841047,-1.5040299787089022,0,1,0,0,0,0,1,0,0,0,0,1
0,1,0,0,0.7165253243371477,1,1,0,0,1,1,1,1,1,1.332800343493802,1.2885640648685972,1.3096567810824282,1,0,0,0,0,1,0,0,0,1,0,0
0,0,0,0,-1.1189648177386107,1,1,0,0,0,0,1,0,1,0.6756380723572665,-0.7978842974709163,0.9952352315560571,1,0,0,0,0,1,0,0,0,0,0,1
0,0,0,0,-1.2005421573864221,1,0,0,0,0,0,0,0,1,-1.4938292733694234,-0.979433058091121,-1.4703352481634038,0,1,0,0,0,0,1,0,0,0,0,0
1,0,0,1,1.287566701871828,1,0,0,1,0,1,1,1,1,1.1398109170334525,1.7055636812193142,1.043788785899488,1,0,0,0,1,0,0,0,0,0,1,0
1,1,0,0,-0.6702894496756475,0,0,0,1,0,0,1,0,1,-0.8616225315165537,-0.7077691356089628,-0.7437235741971056,0,0,0,0,0,0,1,1,0,0,0,1
0,0,0,1,-0.5887121100278361,1,1,0,0,0,0,0,0,0,-1.3174768664315177,-0.8067397986243829,-1.3148423522854065,0,1,0,1,1,0,0,1,0,0,0,0
0,0,0,0,0.9204686734566764,1,0,0,1,1,0,0,1,1,-0.0048160261106907415,0.5830904556079249,0.02765915697649914,0,0,0,1,0,0,1,0,0,1,0,0
1,0,0,0,0.0639066071546558,1,0,1,0,1,0,0,0,0,-0.2643535306608161,-0.176153405073425,-0.3101252736329169,0,0,1,0,0,0,1,0,1,0,0,0
1,0,0,0,-1.2821194970342338,1,0,0,0,0,0,0,0,0,-1.500484081178401,-0.9978472267427466,-1.495744389230501,0,1,0,0,0,0,1,0,0,0,0,1
0,1,1,0,-0.017670732493155674,1,1,0,0,0,0,1,0,1,0.7005936016409324,0.14866549827780545,0.5704744869458157,1,0,0,0,1,0,0,0,1,0,0,1
1,1,1,0,1.5730873906391682,1,1,1,1,1,1,0,0,1,0.901901537862504,1.8875079729084083,0.9219672808783181,1,0,1,0,0,1,0,0,0,0,1,0
0,1,1,0,0.9204686734566764,1,1,0,1,1,0,0,0,1,0.6839565821184885,1.1357792025359557,0.7854742353792216,1,0,0,0,0,1,0,0,0,1,0,1
0,0,0,1,-0.6295007798517418,1,0,0,0,0,0,1,1,1,-0.006479728062935041,-0.5261544531439432,-0.020909462075074946,0,0,0,0,0,0,1,1,0,0,0,1
1,0,0,0,-1.2821194970342338,1,0,0,0,0,0,0,0,1,-1.5021477831306453,-0.9978692006910183,-1.497401507126181,0,1,0,0,0,0,1,0,0,0,0,0
1,1,1,0,0.7573139941610534,1,1,1,0,1,0,1,0,1,0.9617948081433021,1.0813936805636721,0.9354425187789823,1,0,0,0,0,0,0,0,0,1,0,1
1,0,1,1,-0.7926554591473648,1,0,0,0,0,0,0,0,0,-1.4938292733694234,-0.9105007823630185,-1.594789051149236,0,1,1,0,0,0,1,1,0,0,0,0
0,0,0,0,-1.2005421573864221,0,0,0,1,0,0,0,0,0,-1.1877081141564547,-0.9632602321632014,-1.063788991089848,0,0,0,0,0,0,1,0,0,0,0,0
0,0,1,0,-0.8742327987951762,1,1,1,0,0,1,1,0,1,1.0416525018510332,-0.4694836405514101,1.5300022412002172,1,0,0,0,1,0,0,0,0,0,0,1
1,1,1,0,-1.2821194970342338,1,1,0,0,0,0,1,1,1,1.0050510589016561,-0.9647544606456724,0.9998751616639614,1,0,0,0,0,1,0,0,0,0,0,1
0,1,1,0,1.5322987208152625,1,1,0,1,0,1,1,1,1,1.3527647669207348,2.155656063667106,1.25476356713238,1,0,1,0,0,0,0,0,0,0,1,0
0,0,1,0,1.0428346829283937,1,1,1,0,0,1,0,1,1,0.1166342164031502,0.7391714101813109,0.11785987618904561,0,0,1,0,0,1,0,0,0,1,0,0
0,0,1,0,1.450721381167451,1,1,0,1,1,1,0,0,0,0.8420082675817059,1.7611357963982657,0.9174335463538689,1,0,0,1,1,0,0,0,0,0,1,0
0,0,1,1,0.349427295921996,1,1,1,1,1,0,1,0,1,0.44771090489978427,0.4047059435388349,0.44381106388910924,0,0,1,0,1,0,0,0,1,0,0,0
1,0,1,1,-0.8334441289712705,1,0,0,0,0,0,0,0,0,-1.5038114850828896,-0.8930095195388014,-1.4384357286715586,0,1,0,1,0,0,1,0,0,0,0,0
0,0,1,1,1.0428346829283937,1,1,1,0,1,1,1,0,0,0.36286210533532026,0.9340803313506665,0.3712846302353191,0,0,0,1,0,0,1,0,0,1,0,0
0,0,1,1,0.6757366545132419,1,0,1,1,1,1,1,1,1,0.7421861504470423,0.9029871945463104,0.7868847839702017,0,0,1,0,0,0,1,0,0,1,0,0
0,1,1,0,0.7165253243371477,1,1,0,1,1,0,1,0,1,1.0033873569494118,1.1419319080520118,1.0884978267249414,1,0,0,0,0,1,0,0,0,1,0,1
1,0,0,0,-1.078176147914705,1,0,0,0,0,0,0,0,0,-1.522112206557578,-0.9518777269584973,-1.4648115218444693,0,1,1,0,0,0,1,0,0,0,0,0
0,1,0,0,0.9612573432805821,1,1,0,1,1,1,1,1,1,1.5657186168080173,1.8144226209569676,1.646920517145112,1,0,1,0,0,1,0,0,0,1,0,1
0,0,0,0,-0.7926554591473648,1,0,1,1,0,1,0,1,0,0.0966697929762172,-0.6363977516227094,-0.004720694940352553,0,0,0,0,0,0,0,1,0,0,0,0
1,0,1,1,0.4717933053937132,1,0,0,0,0,0,0,0,0,-1.4738648499424907,-0.5995913882677296,-1.4544670889199198,0,1,1,0,0,0,0,0,1,0,0,0
0,1,0,0,-1.2821194970342338,0,0,0,0,0,0,1,0,1,-0.9464713310810177,-0.990529901968294,-0.9439241299689761,0,0,0,0,0,1,0,0,0,0,0,1
0,0,1,1,-0.05845940231706142,1,0,0,0,0,0,0,0,1,-1.508802590939623,-0.7169542459865039,-1.4474741485918146,0,1,0,0,0,0,1,0,1,0,0,1
1,0,0,0,-0.2216140816126844,1,0,1,0,0,1,0,0,0,-0.3808126673179237,-0.364272376226847,-0.35804089174069087,0,0,0,0,0,0,1,0,1,0,0,0
0,0,1,1,-0.46634610055611886,1,0,0,0,0,0,0,0,1,-0.6636419991994706,-0.5994815185263715,-0.6901483608019432,0,0,0,0,0,1,0,1,0,0,0,0
0,0,1,0,-1.2005421573864221,1,0,0,0,0,0,0,0,0,-1.4655463401812687,-0.9749064247471653,-1.3565464859933596,0,1,0,0,0,0,1,0,0,0,0,0
0,0,1,0,1.124412022576205,0,0,1,1,0,1,0,0,0,-0.9048787822749078,-0.00071340207273342,-0.8877478333054158,0,0,0,1,0,0,0,0,0,1,0,0
0,0,0,0,0.3902159657459017,1,0,0,1,0,0,0,0,1,-0.5105814195929866,-0.09333359403765268,-0.5122449181442703,0,0,0,0,0,1,0,0,1,0,0,0
0,0,1,1,1.5730873906391682,1,1,1,1,1,1,0,0,1,1.006714760853901,1.9690972428409694,1.0086275449157942,1,0,1,0,1,0,0,0,0,0,1,0
1,0,1,0,1.613876060463074,0,0,1,1,1,1,1,1,1,-0.006479728062935041,1.0792402336330524,0.03269369874491587,0,0,0,1,0,1,0,0,0,0,1,0
1,0,1,1,1.613876060463074,0,0,1,1,1,1,1,1,1,0.02513060902970854,1.0434007240020244,-0.004844624697507737,0,0,0,1,0,0,0,0,0,0,1,0
0,0,0,0,-0.915021468619082,1,1,0,1,1,0,0,1,1,0.9967325491404343,-0.5875276906666049,1.0079950393527948,1,0,0,0,0,1,0,0,0,0,0,1
0,0,1,1,0.3902159657459017,1,1,1,1,0,0,1,0,1,0.9834229335224794,0.7178786543061018,0.9443222569706806,1,0,1,0,1,0,0,0,1,0,0,0
1,0,1,0,1.2467780320479223,1,1,0,1,1,0,1,1,1,1.247951543929338,1.8254755169375978,1.2380529798446713,1,0,0,0,0,1,0,0,0,0,1,0
1,0,1,0,1.450721381167451,1,1,0,1,1,1,1,1,1,1.5008342406704858,2.338699052769781,1.5579583517959246,1,0,0,1,0,0,0,0,0,0,1,1
1,0,0,0,-1.1189648177386107,1,0,0,0,0,0,0,0,1,-1.5187848026530892,-0.9687317452828372,-1.5815830962267379,0,1,0,0,0,0,1,0,0,0,0,0
1,1,0,0,-1.2821194970342338,1,1,0,0,0,0,0,0,1,0.2913229213888116,-0.9741812844542014,0.28897158441713283,1,0,0,0,0,1,0,0,0,0,0,1
1,0,0,0,-0.4255574307322131,1,0,0,1,0,1,0,0,1,-0.32424680094161445,-0.48222853054895537,-0.3546680709732206,0,0,1,0,1,0,0,1,0,0,0,1
1,1,1,1,1.5730873906391682,1,0,0,0,0,0,0,0,0,-1.500484081178401,-0.3963543407034264,-1.5038432611995298,0,1,0,1,1,0,0,0,0,0,1,0
0,1,1,1,0.5941593148654305,1,0,0,0,0,0,0,0,0,0.18817340034965888,0.4477968560995008,0.18157624164602526,1,0,0,0,0,0,0,0,1,0,0,1
1,0,1,1,0.2270612864502788,1,0,1,0,1,1,1,1,0,0.5358871083687373,0.34919975020469834,0.5385858695453899,0,0,0,1,1,0,0,0,1,0,0,0
0,0,1,0,1.0836233527522994,1,1,0,1,0,1,1,1,1,0.505940473228338,1.0560137703099397,0.4843710623874294,0,0,1,0,0,1,0,0,0,1,0,0
1,0,1,0,0.10469527697856156,1,1,0,0,0,1,0,1,1,0.8303623539159949,0.38273199526720514,0.841454690836929,1,0,0,0,0,0,0,0,1,0,0,0
1,0,0,0,0.10469527697856156,1,1,0,0,0,0,0,0,0,-1.2875302312911185,-0.5868904461667277,-1.2477448595855531,0,1,1,0,0,0,0,0,1,0,0,0
1,0,0,0,-1.2413308272103278,1,0,0,1,0,0,1,1,0,1.023351780376345,-0.9330240793414389,0.6203951635531836,1,0,0,0,0,1,0,0,0,0,0,1
1,0,0,0,0.5533706450415247,0,0,1,0,0,0,0,0,1,-1.1361333536368787,-0.35203288703954927,-1.078943214164837,0,0,1,0,0,0,0,0,1,0,0,0
0,1,0,0,-1.078176147914705,1,0,1,0,0,0,0,0,1,0.30629623895901076,-0.8083878447447552,0.33868512128753997,1,0,0,0,0,1,0,0,0,0,0,0
1,0,0,0,-0.30319142126049586,1,0,0,0,0,0,0,0,0,-1.4971566772739122,-0.7820630547153429,-1.4747984190291024,0,1,1,0,1,0,0,0,1,0,0,0
1,1,0,0,-1.2821194970342338,0,0,0,0,1,0,0,1,1,-0.8399944061373766,-0.9891235692789097,-0.8378685846454401,0,0,0,0,0,1,0,0,0,0,0,1
0,0,0,0,-1.2821194970342338,1,0,0,1,0,0,0,0,0,-0.47730738054809874,-0.9843332485556943,-0.47661688338714475,0,0,0,0,0,1,0,0,0,0,0,1
1,0,0,0,0.3086386260980903,1,1,0,1,1,0,1,1,1,1.2562700536905602,0.7988966015836003,1.2518813656495356,1,0,0,0,0,0,1,0,1,0,0,0
0,0,0,0,0.10469527697856156,1,1,0,0,0,1,0,0,0,0.5042767712760937,0.23976948781198232,0.5334201471427655,1,0,0,0,1,0,0,0,1,0,0,0
0,0,0,0,-0.915021468619082,1,0,0,0,0,1,0,1,1,-0.1312573744812646,-0.7298749275702223,-0.06548593346887374,0,0,0,0,0,0,1,0,0,0,0,0
0,0,1,1,-0.6702894496756475,1,0,1,1,0,1,0,1,0,0.11164311054641685,-0.5165957856457842,0.15733428157903226,0,0,0,1,0,0,0,1,0,0,0,0
0,1,1,0,0.7981026639849592,1,1,1,1,1,0,1,1,1,1.4708876055300866,1.4756063125567092,1.44777500827523,1,0,0,0,0,1,0,0,0,1,0,0
1,0,0,0,-1.078176147914705,1,0,0,0,0,1,0,0,1,-0.5122451215452309,-0.8691238377675398,-0.42469385598916337,0,0,0,0,1,0,0,0,0,0,0,0
1,0,0,0,-1.2821194970342338,1,0,0,0,0,0,0,0,1,0.13992604373457135,-0.9761809137469198,0.13817385591022932,1,0,0,0,0,1,0,0,0,0,0,1
1,0,1,1,1.3691440415196396,1,1,0,0,0,0,0,0,1,-1.3041672508135624,-0.2530402500758574,-1.2909898977263725,0,1,1,0,1,0,0,0,0,0,1,0
0,0,0,0,1.287566701871828,1,1,1,1,1,1,1,1,1,1.6705318397994138,2.216611796172607,1.6459698937094207,1,0,0,1,0,0,0,0,0,0,1,0
0,0,0,0,1.450721381167451,1,0,1,0,1,0,0,0,1,-0.34753862827303583,0.6085143137582005,-0.3608379551168965,0,0,1,0,1,0,0,0,0,0,1,0
1,1,1,0,1.5322987208152625,1,0,1,1,1,0,1,1,0,1.346109959111757,2.2947731301747933,1.4046380442402613,1,0,0,1,1,0,0,0,0,0,1,0
0,0,0,0,-1.2821194970342338,1,0,0,0,0,0,0,0,1,-0.6802790187219147,-0.9870140702448333,-0.6787852666601355,0,0,0,0,0,0,1,0,0,0,0,1
0,0,1,0,0.6757366545132419,1,1,0,0,0,0,0,0,1,-0.42406891807627806,0.12895486667815362,-0.40438007062851167,0,0,0,0,1,0,0,0,0,1,0,0
1,0,0,0,-1.2005421573864221,1,0,0,0,0,0,0,0,1,-1.5237759085098224,-0.9832345511421128,-1.5658957134809648,0,1,0,0,0,0,1,0,0,0,0,0
0,1,1,0,1.5322987208152625,1,1,1,1,1,1,1,1,1,0.9085563456714817,1.8388356774867487,0.9134446268478384,0,0,0,1,0,0,0,0,0,0,1,0
0,1,0,0,-1.2005421573864221,1,0,0,0,0,0,0,0,1,0.18318229449292597,-0.9165875660342601,0.10945047905177181,1,0,0,0,0,1,0,0,0,0,0,1
0,0,1,1,1.287566701871828,1,1,1,1,1,1,1,1,1,0.8553178831996607,1.550097997197534,0.8605995810254601,0,0,0,1,0,0,1,0,0,0,1,0
0,0,0,1,-0.7926554591473648,0,0,0,1,0,0,0,0,0,-1.1560977770638114,-0.8385800496699745,-1.1775777532598921,0,0,0,0,0,1,0,1,0,0,0,0
1,0,0,1,1.124412022576205,1,0,0,0,0,0,0,0,0,-1.4954929753216677,-0.48361288929006796,-1.4946948812299035,0,1,0,1,0,0,1,0,0,1,0,0
1,1,0,0,-0.7110781194995532,1,0,0,0,0,0,0,1,1,0.4826486458969169,-0.49846727832168974,0.40242892300804034,1,0,0,0,0,1,0,1,0,0,0,1
1,0,1,0,-1.1597534875625164,1,1,0,1,0,0,1,1,1,1.1747486580305848,-0.8218798489835358,1.329641622904332,1,0,0,0,0,1,0,0,0,0,0,1
0,0,1,1,0.2678499562741845,1,1,0,0,0,0,0,0,1,-1.3540783093808941,-0.6046014484736613,-1.374732292643389,0,1,1,0,0,0,1,0,1,0,0,0
0,0,0,0,1.5730873906391682,1,1,0,0,0,0,0,0,0,-1.3424323957151836,-0.2510186468348674,-1.3494745603258789,0,1,0,1,0,1,0,0,0,0,1,0
1,1,0,0,-0.7110781194995532,1,1,0,1,0,0,0,0,1,0.5092678771328271,-0.47159313958548654,0.5375392687691709,1,0,0,0,0,1,0,1,0,0,0,1
1,0,0,0,-0.915021468619082,1,0,0,0,0,0,0,0,0,-1.4938292733694234,-0.9192244398268556,-1.4934244241765486,0,1,0,0,1,0,0,0,0,0,0,0
0,0,1,1,1.613876060463074,1,1,1,1,1,1,1,1,1,1.6938236671308355,2.718694540231074,1.7498591026172499,1,0,0,1,0,0,0,0,0,0,1,0
1,0,1,1,0.18627261662637304,1,0,1,0,1,1,0,0,1,-0.20446026038001802,-0.038332801513763455,-0.1785595970154667,0,0,1,0,0,0,1,0,1,0,0,0
1,0,0,0,0.7981026639849592,1,0,0,1,1,1,1,1,1,1.3344640454460464,1.3784375132995628,1.306856251838729,1,0,1,0,0,0,0,0,0,1,0,1
1,0,1,0,-1.1597534875625164,1,0,0,0,0,0,1,0,1,0.51425898298956,-0.8714530762843326,0.39502712974066867,1,0,0,0,0,1,0,0,0,0,0,1
1,0,0,0,0.6757366545132419,1,1,0,0,0,1,1,0,1,0.04176762855215248,0.3993443001605573,0.011759433582621784,0,0,0,1,0,0,0,0,0,1,0,0
0,0,0,0,0.3086386260980903,1,0,0,0,0,0,0,0,0,-1.5054751870351342,-0.6416714992079006,-1.464052009475616,0,1,0,1,1,0,0,0,1,0,0,0
1,0,1,1,0.0639066071546558,1,0,0,0,1,0,1,0,1,0.6373729274556452,0.2723129052022658,0.6845841126299742,1,0,0,0,0,0,1,0,1,0,0,0
1,0,1,0,-0.9558101384429878,1,0,0,1,1,0,0,0,1,0.4992856654193608,-0.6805873615969568,0.5793354645824393,1,0,0,0,0,1,0,0,0,0,0,1
0,0,1,1,1.002046013104488,1,0,1,0,1,1,0,0,1,-0.1861595389053298,0.43245904020590326,-0.24810904724597277,0,0,1,0,0,0,1,0,0,1,0,0
1,0,0,1,-1.2821194970342338,1,0,0,0,0,0,0,0,1,-0.6819427206741592,-0.9870360441931048,-0.680442384555816,0,0,0,0,0,1,0,0,0,0,0,1
0,0,1,1,1.613876060463074,0,0,1,1,1,1,1,1,1,0.010157291459508899,1.096116225905664,0.050369622965504714,0,0,0,1,1,0,0,0,0,0,1,0
1,0,0,0,-0.9965988082668935,1,0,0,0,0,0,0,0,0,-0.710225653862314,-0.8591476652522199,-0.7624697203919886,0,0,0,0,0,0,1,0,0,0,0,0
0,0,1,1,0.5941593148654305,1,0,0,0,0,0,0,0,0,-1.492165571417179,-0.5597306461029934,-1.4350304101589817,0,1,0,1,1,0,0,0,1,0,0,0
0,0,1,1,-0.9965988082668935,1,0,0,1,0,1,0,0,0,-0.2859816560399934,-0.8300981056371254,-0.4886309881308265,0,0,0,0,0,0,0,0,0,0,0,0
0,0,1,1,0.0639066071546558,1,0,0,0,0,0,0,0,1,-1.4905018694649346,-0.7067803079367395,-1.4870688896589983,0,1,1,0,0,0,0,0,1,0,0,0
1,0,1,0,1.613876060463074,1,1,1,1,1,1,0,1,1,0.5791433591270915,1.6217770164595902,0.6009470438052694,0,0,0,1,0,0,0,0,0,0,1,0
1,0,1,0,-0.3439800910844016,1,1,0,0,0,0,1,1,1,0.9351755769073918,-0.01857822201756822,0.9524401619001144,1,0,0,0,0,1,0,1,0,0,0,0
1,0,1,0,0.4717933053937132,1,0,0,0,0,0,1,1,1,0.8569815851519056,0.7400064202156329,0.8415074173154283,1,0,1,0,0,0,0,0,1,0,0,0
0,0,1,1,-0.2216140816126844,1,0,0,0,0,0,0,0,1,-1.4755285518947352,-0.7502008297214797,-1.4359653955122578,0,1,1,0,0,0,1,0,1,0,0,0
0,0,0,0,1.4915100509913568,1,1,1,1,0,1,0,0,1,0.06672315783581839,1.0053418455955614,0.04691229064088202,0,0,0,1,0,0,1,0,0,0,1,0
0,0,1,0,-0.26240275143659014,0,0,1,0,1,0,0,0,0,-0.9814090720781501,-0.5764747946859753,-0.9045357122947302,0,0,1,0,1,0,0,0,1,0,0,0
1,1,0,1,0.9612573432805821,1,0,1,0,0,0,1,1,0,0.99506884718819,1.3070002074684945,0.9635961163049619,1,0,1,0,1,0,0,0,0,1,0,0
0,0,0,0,-0.7926554591473648,1,0,1,0,0,0,1,1,1,0.2347570550125021,-0.6005362680434098,0.20331133627119952,0,0,0,0,0,1,0,1,0,0,0,0
0,0,0,0,-0.5479234402039304,1,1,0,0,1,0,0,0,1,-0.29263646384897085,-0.5521716078975527,-0.34849550503165544,0,0,0,0,0,0,1,1,0,0,0,0
0,0,0,0,0.8796800036327707,1,0,1,1,0,0,1,1,1,1.1697575521738512,1.3225357888965366,1.1006831669845103,1,0,1,0,1,0,0,0,0,1,0,0
1,1,0,1,-1.0373874780907992,1,0,0,0,0,0,0,0,1,-0.6370227679635605,-0.8552802503564131,-0.5223059910823288,0,0,0,0,0,0,1,0,0,0,0,0
0,0,1,1,-0.38476876090830736,1,1,0,1,0,1,1,0,1,0.1532356593525267,-0.2804857114671229,0.22866690273520324,0,0,0,0,1,0,0,1,0,0,0,0
1,0,1,1,-1.3229081668581395,1,0,0,0,0,0,0,0,0,-1.4988203792261565,-1.006548910258312,-1.4940872713348206,0,1,0,1,0,0,1,0,0,0,0,0
0,0,0,0,1.124412022576205,1,0,0,0,0,0,0,0,0,-1.4738648499424907,-0.5261984010404864,-1.5482197892603755,0,1,0,1,0,0,1,0,0,1,0,0
0,0,1,1,1.613876060463074,1,1,1,1,1,1,1,1,1,1.6838414554173693,2.69612729535611,1.7262221570774772,1,0,0,1,0,1,0,0,0,0,1,0
0,0,1,0,-0.7110781194995532,1,0,0,1,0,0,0,0,0,0.3478887877651206,-0.516727629335414,0.3106245915873544,1,0,0,0,0,0,0,1,0,0,0,0
0,1,0,0,1.124412022576205,1,1,1,0,0,0,1,1,1,1.2146775048844503,1.7079368676326505,1.2598217222330044,1,0,1,0,0,0,0,0,0,1,0,0
0,0,1,1,1.287566701871828,0,0,0,1,0,1,1,1,1,-0.3425475224163027,0.4980073279001747,-0.37910585221320975,0,0,0,1,0,1,0,0,0,0,1,0
1,0,0,0,0.4717933053937132,1,0,0,0,1,1,1,1,0,1.1714212541260955,0.9176438180434876,1.1459651688763186,1,0,0,1,0,0,0,0,1,0,0,0
1,0,0,0,-1.2821194970342338,1,0,0,0,0,0,0,0,0,-1.4954929753216677,-0.9977813048979318,-1.4907730355434599,0,1,0,0,0,1,0,0,0,0,0,1
1,0,0,0,1.2059893622240165,1,0,1,1,0,0,1,1,1,0.3129510467679884,1.058145243292288,0.3593990949835436,0,0,1,0,1,0,0,0,0,0,1,0
1,0,0,1,-1.2005421573864221,1,0,0,0,0,0,0,0,0,-1.4954929753216677,-0.9809272865735917,-1.507896587132156,0,1,0,0,0,0,1,0,0,0,0,0
1,0,0,0,-1.078176147914705,1,0,1,1,0,0,0,0,1,0.46767532832671727,-0.7890287963174495,0.5820052656365906,1,0,0,0,0,1,0,0,0,0,0,0
0,0,1,1,-0.1400367419648729,1,1,0,0,0,0,0,0,0,-1.2908576351956074,-0.7021877527479689,-1.3604892837451503,0,1,0,1,0,0,1,0,1,0,0,0
0,0,1,1,0.0639066071546558,1,0,1,1,1,1,1,1,0,0.6606647547870669,0.24132963813926792,0.6158624587208811,0,0,0,1,0,0,1,0,1,0,0,0
1,0,1,1,0.0639066071546558,0,0,0,0,0,1,1,0,1,-0.8100477709969776,-0.42386572393950683,-0.8595573335741964,0,0,0,1,0,1,0,0,1,0,0,0
0,0,0,0,-0.26240275143659014,1,1,0,0,0,0,0,0,1,0.33457917214716576,-0.200126982637773,0.18705883383279712,1,0,0,0,0,0,0,0,1,0,0,1
1,0,1,1,0.3086386260980903,1,1,0,0,0,0,0,0,0,-1.319140568383762,-0.5640375399642328,-1.3176870713396576,0,1,0,1,1,0,0,0,1,0,0,0
0,0,1,1,1.613876060463074,1,1,1,0,1,1,0,0,0,0.06505945588357362,1.0848435904423182,0.03856265795878328,0,0,0,1,0,0,0,0,0,0,1,0
0,0,1,0,-0.9558101384429878,1,0,0,0,0,0,1,1,0,0.81705273829804,-0.6316294048477659,0.9895642058686178,1,0,0,0,0,1,0,0,0,0,0,1
1,1,1,0,-0.6295007798517418,1,1,0,0,1,0,1,1,1,1.1830671677918068,-0.29351626279219933,1.011085076840622,1,0,0,0,1,0,0,1,0,0,0,1
1,0,1,1,-1.2413308272103278,1,0,0,0,0,0,1,1,1,0.8203801422025286,-0.9250035882222941,0.92281917951483,1,0,0,0,0,0,0,0,0,0,0,1
1,0,0,0,0.8388913338088649,1,1,0,0,0,0,1,0,0,0.6839565821184885,0.9786874463420748,0.6727976087071474,1,0,0,0,0,0,0,0,0,1,0,1
1,0,0,0,-1.2821194970342338,1,0,0,0,0,0,0,0,1,-0.6386864699158048,-0.9864647215380425,-0.6373573192681292,0,0,0,0,0,0,1,0,0,0,0,1
0,0,0,0,-0.6295007798517418,1,0,0,0,0,0,0,0,0,-1.4971566772739122,-0.8645312825787691,-1.521965842991559,0,1,1,0,0,0,0,1,0,0,0,0
0,1,0,0,1.2059893622240165,1,1,0,0,0,0,1,0,0,0.6506825430736006,1.1728932011667381,0.4989711861326125,1,0,1,0,0,1,0,0,0,0,1,0
0,0,1,0,0.512581975217619,1,0,0,0,1,0,0,0,1,-0.487289592261565,-0.03022441460153197,-0.515798515409451,0,0,0,0,1,0,0,0,1,0,0,0
1,0,1,0,1.5730873906391682,1,0,1,0,0,1,0,0,0,-0.34587492632079153,0.6538905169391158,-0.38832284114266025,0,0,0,1,0,0,0,0,0,0,1,0
1,0,0,0,1.5730873906391682,1,1,1,0,1,1,1,1,1,1.4359498645329545,2.303672579224803,1.3639976446288575,1,0,0,1,0,1,0,0,0,0,1,1
1,0,0,0,-0.4255574307322131,0,0,0,1,1,0,0,1,1,-0.7035708460533362,-0.6094357170934198,-0.7907160481592655,0,0,1,0,0,0,0,1,0,0,0,1
1,0,0,0,-0.1400367419648729,1,0,1,1,0,1,0,0,1,-0.20446026038001802,-0.2611046890915455,-0.21347798995240075,0,0,1,0,0,1,0,0,1,0,0,0
0,0,1,0,0.8388913338088649,1,0,0,0,1,0,1,1,1,0.9967325491404343,1.1909338126977462,0.9747995286010264,1,0,1,0,0,0,0,0,0,1,0,1
0,1,0,0,-1.2005421573864221,0,0,0,0,0,0,0,0,0,-1.3174768664315177,-0.9723794206959279,-1.2930236333256162,0,0,0,0,0,1,0,0,0,0,0,1
0,0,0,0,-0.6702894496756475,1,1,0,1,1,0,0,1,1,1.0216880784241003,-0.3228734576830966,1.0704062420988525,1,0,0,0,1,0,0,1,0,0,0,1
1,0,1,0,1.4915100509913568,1,0,1,1,1,1,1,1,1,0.6590010528348226,1.5771039796233668,0.6718138507220442,0,0,0,1,0,0,1,0,0,0,1,0
0,0,1,1,0.10469527697856156,1,1,0,0,0,0,0,0,1,-1.314149462527029,-0.5891317888904339,-1.2525741745958214,0,1,0,1,1,0,0,0,1,0,0,0
0,0,0,0,-0.38476876090830736,1,1,0,0,0,0,1,1,1,0.9518125964298358,0.02251306125037935,1.222145105497596,1,0,0,0,0,1,0,1,0,0,0,0
0,0,1,0,-0.1400367419648729,1,0,0,0,0,0,0,0,0,-1.4988203792261565,-0.7547054891171638,-1.4970586551477645,0,1,0,0,0,0,1,0,1,0,0,0
0,0,0,0,0.7165253243371477,0,0,0,1,1,1,0,0,0,-0.838330704185132,-0.1571459398184653,-0.8708452307694771,0,0,0,1,1,0,0,0,0,1,0,0
0,0,1,1,0.10469527697856156,1,0,0,0,0,0,0,0,0,-1.5054751870351342,-0.6950462195596891,-1.4807829819437877,0,1,1,0,0,0,1,0,1,0,0,0
0,0,1,0,1.287566701871828,1,1,1,0,1,1,1,1,1,0.6689832645482888,1.4037295277602082,0.6881298575391136,0,0,0,1,1,0,0,0,0,0,1,0
1,0,1,0,-0.4255574307322131,1,0,0,0,1,0,1,0,1,0.7355313426380646,-0.19322716288048125,0.6359871364807205,1,0,0,0,0,0,0,1,0,0,0,0
0,0,0,0,-0.4255574307322131,0,0,0,0,1,0,1,1,1,-0.4756436785958542,-0.5348561366595085,-0.5350679509802302,0,0,0,0,0,1,0,1,0,0,0,0
0,1,0,0,-0.9558101384429878,1,0,0,0,0,0,1,0,1,0.530896002512004,-0.6762145458909025,0.615976182498036,1,0,0,0,0,1,0,0,0,0,0,1
0,0,1,1,0.1454839468024673,1,0,0,0,0,0,0,0,0,-1.5204485046053335,-0.6976391454557415,-1.5048585376567423,0,1,0,0,0,0,0,0,1,0,0,0
1,0,0,0,0.8388913338088649,0,0,1,1,0,0,0,1,1,-0.6187220464888722,0.11273809285369085,-0.5593477126695967,0,0,0,0,0,0,0,0,0,1,0,0
1,0,1,1,0.7981026639849592,1,0,0,0,0,0,0,0,0,-1.5204485046053335,-0.5430084714682831,-1.4797149603549784,0,1,0,1,0,0,1,0,0,1,0,0
0,1,1,0,1.613876060463074,1,1,1,0,1,1,1,1,1,1.4925157309092638,2.5423975532477887,1.5652055348805463,1,0,0,1,0,0,1,0,0,0,1,0
0,0,1,1,1.4915100509913568,1,1,0,0,0,0,0,0,1,-1.3074946547180513,-0.2711248095034086,-1.3481888479107982,0,1,0,1,0,0,0,0,0,0,1,0
0,0,0,0,-0.9965988082668935,1,0,0,0,1,1,0,1,0,-0.026444151489868055,-0.7850295377320129,-0.06378738762580137,0,0,0,0,0,0,1,0,0,0,0,0
0,0,1,0,0.7981026639849592,0,0,1,0,1,0,0,0,0,-0.9797453701259056,-0.1456315909241313,-0.9034203444803299,0,0,1,0,0,0,1,0,0,1,0,0
0,1,0,0,-0.5071347703800245,1,1,0,0,0,0,0,1,1,-0.10962924910208752,-0.4904467872025449,-0.2059266751277754,0,0,0,0,0,0,1,1,0,0,0,1
1,1,1,1,1.1652006924001108,1,1,0,1,0,0,1,1,0,1.1348198111767192,1.6168328780984735,1.0912611387306563,1,0,1,0,0,1,0,0,0,0,1,0
1,0,0,0,0.512581975217619,1,0,1,1,1,1,1,1,0,1.5740371265692392,1.204843321953688,1.5539785611373123,1,0,1,0,1,0,0,0,1,0,0,0
0,0,1,1,1.613876060463074,1,0,1,1,1,0,1,0,1,0.19150080425414795,1.195746107369233,0.15472201934070284,0,0,0,1,1,0,0,0,0,0,1,0
0,0,1,1,0.0639066071546558,1,0,1,1,1,0,0,0,1,-0.13624848033799797,-0.10911088889668276,-0.16142331187643277,0,0,1,0,0,0,1,0,1,0,0,0
1,1,1,0,0.5941593148654305,1,1,0,0,1,0,1,1,1,1.1697575521738512,1.1341751043121269,1.2828897435496083,1,0,0,0,0,1,0,0,1,0,0,1
0,0,1,1,0.5941593148654305,1,1,1,1,0,1,1,1,1,0.6789654762617551,0.7985010705147111,0.7442911696259583,0,0,0,1,1,0,0,0,1,0,0,0
0,0,1,1,-1.1597534875625164,1,0,0,0,0,0,1,0,1,0.46601162637447296,-0.8748150903698919,0.33164237023089915,1,0,0,0,0,0,1,0,0,0,0,0
1,0,1,0,0.5533706450415247,1,0,1,1,1,1,0,0,0,0.02513060902970854,0.3326094192596179,0.04346596574189526,0,0,0,1,0,0,1,0,1,0,0,0
1,0,0,0,-1.2005421573864221,1,0,0,0,0,0,0,0,0,-1.5071388889873785,-0.9795868757290224,-1.4742018565866575,0,1,1,0,0,0,1,0,0,0,0,0
0,0,0,0,-1.2821194970342338,1,1,0,0,0,0,0,0,1,-0.4972718039750313,-0.984596935934954,-0.4965022981353076,0,0,0,0,0,0,0,0,0,0,0,1
1,0,1,0,1.1652006924001108,1,1,1,1,0,0,1,1,1,1.374392892299912,1.7952173901675634,1.3117936481918415,1,0,0,0,0,1,0,0,0,0,1,0
0,0,0,0,-0.915021468619082,1,1,0,0,1,0,1,1,1,1.1880582736485397,-0.5406133111066754,1.3617897100805294,1,0,0,0,0,1,0,0,0,0,0,1
0,0,0,0,-1.078176147914705,1,0,0,0,0,1,0,0,1,-0.4689888707868768,-0.8799569942654533,-0.5608537097508909,0,0,0,0,0,0,0,0,0,0,0,1
1,1,1,0,-0.2216140816126844,0,0,1,0,0,0,0,0,0,-1.1361333536368787,-0.6527243951885303,-1.1637070627256796,0,0,0,0,1,0,0,0,1,0,0,1
1,0,0,0,0.7981026639849592,1,0,0,0,0,0,0,0,0,-1.4605552343245356,-0.5199577997313436,-1.4462857935748132,0,1,0,1,0,0,0,0,0,1,0,0
1,1,0,0,-0.7926554591473648,1,0,0,0,0,0,1,1,1,0.8519904792951721,-0.4786687509289513,0.9102633246898679,1,0,0,0,0,1,0,1,0,0,0,1
1,0,0,1,-0.2216140816126844,1,0,1,1,0,0,0,0,0,-0.289309059944482,-0.31764365799444877,-0.22780370008759854,0,0,1,0,0,0,1,0,1,0,0,0
1,1,1,0,-1.0373874780907992,1,1,0,0,0,0,1,1,1,1.0216880784241003,-0.72337063888182,0.898790970027466,1,0,0,0,0,0,0,0,0,0,0,1
1,0,1,0,1.5322987208152625,1,1,0,0,0,0,0,0,0,-1.3524146074286498,-0.24882125200770444,-1.3356431273949927,0,1,0,1,0,0,0,0,0,0,1,0
1,0,1,0,-1.1189648177386107,1,0,0,0,0,0,0,0,0,-1.5154573987486004,-0.9511525866655335,-1.3164442329178974,0,1,0,0,0,0,1,0,0,0,0,1
1,1,1,0,1.3283553716957337,1,1,1,0,0,0,1,1,1,1.193049379505273,1.9268193663663535,1.2513236817423357,1,0,1,0,0,1,0,0,0,0,1,0
1,0,0,0,0.2678499562741845,1,1,0,0,0,0,0,0,0,0.344561383860632,0.31964478977935634,0.41244811274653836,1,0,0,0,0,1,0,0,1,0,0,1
0,0,1,1,-0.38476876090830736,1,0,1,1,0,1,0,0,0,0.6490188411213563,-0.1553440760601917,0.6389837034264664,1,0,0,0,0,0,1,1,0,0,0,0
0,0,1,1,-0.6295007798517418,1,1,0,0,0,0,0,0,0,-1.357405713285383,-0.8264064823274916,-1.3528423401088978,0,1,0,0,0,0,1,1,0,0,0,1
1,0,1,1,1.450721381167451,1,1,0,0,0,0,0,0,0,-1.314149462527029,-0.29450509046442264,-1.3622976598666026,0,1,0,1,0,0,0,0,0,0,1,0
0,0,0,0,-1.2005421573864221,1,0,1,0,0,0,0,0,1,0.3212695565292104,-0.9038646499849863,0.429274232918061,1,0,0,0,0,1,0,0,0,0,0,0
0,0,0,1,-1.2821194970342338,1,0,0,0,0,0,0,0,1,0.15822676520926007,-0.9759392003159318,0.1564021527627125,1,0,0,0,0,1,0,0,0,0,0,1
1,0,1,0,1.5730873906391682,1,0,0,1,1,1,1,1,1,0.47266643418345017,1.4390856105292609,0.44567425415793854,0,0,0,1,1,0,0,0,0,0,1,0
0,0,0,0,-0.8334441289712705,1,0,0,0,0,0,0,0,0,-1.517121100700845,-0.9060180969156061,-1.5201868781917847,0,1,1,0,0,0,1,0,0,0,0,0
1,0,1,1,-0.09924807214096716,1,1,1,1,0,0,1,0,1,0.9817592315702351,0.24100002891519348,0.9840773043918094,1,0,0,0,0,1,0,0,1,0,0,1
1,0,0,0,-0.7518667893234591,1,0,0,0,0,0,0,0,1,-1.492165571417179,-0.8750128559043365,-1.4434268099525955,0,1,0,0,0,1,0,1,0,0,0,0
0,0,1,0,1.5730873906391682,1,1,0,0,0,0,0,0,1,-1.3474235015719167,-0.2482719033009137,-1.3465570992419347,0,1,0,1,1,0,0,0,0,0,1,0
0,0,1,1,0.6349479846893362,1,0,0,0,0,0,0,0,0,-1.508802590939623,-0.6183351661434299,-1.5420401204410679,0,1,0,1,0,0,1,0,1,0,0,0
1,0,0,0,-1.1189648177386107,1,0,0,1,0,0,0,0,1,-0.4506881493121883,-0.8912735776253425,-0.4133149797721589,0,0,0,0,0,1,0,0,0,0,0,0
0,0,1,1,1.613876060463074,1,1,0,0,0,0,0,0,0,-1.3524146074286498,-0.22229869644384742,-1.330538941241711,0,1,0,1,1,0,0,0,0,0,1,0
0,1,1,1,1.0836233527522994,1,1,0,0,1,0,0,1,1,0.7937609109666184,1.3440702582027335,0.8525601894123863,1,0,0,0,1,0,0,0,0,1,0,0
0,0,0,0,-1.2821194970342338,1,0,0,0,0,0,0,0,0,-1.4821833597037126,-0.9976055133117588,-1.477516092378018,0,1,0,0,0,0,1,0,0,0,0,0
1,0,0,0,-0.7518667893234591,1,0,0,0,0,0,0,0,0,-1.5071388889873785,-0.8745294290423606,-1.4408227675450982,0,1,0,0,1,0,0,1,0,0,0,0
1,0,1,1,0.3902159657459017,1,1,1,1,0,0,1,0,1,0.1499082554480381,0.33750960972419136,0.26135295282246207,0,0,0,0,0,0,0,0,1,0,0,0
1,0,1,1,1.450721381167451,0,0,1,1,0,0,1,0,0,-0.6686331050562041,0.3047025049546481,-0.6977690143180022,0,0,1,0,0,0,1,0,0,0,1,0
1,0,1,0,-1.1597534875625164,0,0,0,1,0,0,1,1,1,-0.5438554586378745,-0.9182136382063606,-0.4865595907612262,0,0,0,0,0,1,0,0,0,0,0,1
1,0,1,0,-0.3439800910844016,0,0,0,0,1,0,0,0,0,-1.1910355180609435,-0.7041873820406871,-1.2018821490632023,0,0,0,0,0,1,0,1,0,0,0,0
1,0,0,0,-0.46634610055611886,1,1,0,0,0,0,0,1,1,0.6390366294078895,-0.24297618176745095,0.5900935791750305,1,0,0,0,0,1,0,1,0,0,0,0
1,0,1,1,-1.1597534875625164,1,0,0,0,0,0,0,0,0,-1.4971566772739122,-0.9728628475579036,-1.516872642400424,0,1,0,1,0,0,1,0,0,0,0,0
1,0,1,1,0.7165253243371477,1,0,1,0,0,1,1,1,0,0.35287989362185396,0.7626176129871397,0.5163944444202907,0,0,1,0,0,1,0,0,0,1,0,0
1,0,0,0,-1.2413308272103278,1,0,0,0,1,0,1,1,0,1.0000599530449232,-0.928277706514767,0.7993638962866507,1,0,0,0,0,1,0,0,0,0,0,1
0,0,1,0,1.5730873906391682,1,0,1,1,1,1,1,1,1,0.6490188411213563,1.6168328780984735,0.6344689958221299,0,0,0,1,1,0,0,0,0,0,1,0
0,1,0,0,-0.4255574307322131,1,0,1,0,1,1,0,1,1,0.16155416911374865,-0.3273781170787807,0.17613692042945,0,0,0,0,0,0,1,1,0,0,0,0
1,0,0,0,-1.2821194970342338,1,1,0,0,0,0,0,0,1,0.3395702780038986,-0.9735440399543243,0.3370280033918598,1,0,0,0,0,1,0,0,0,0,0,0
0,0,1,0,0.9612573432805821,1,1,0,1,1,1,0,0,0,0.8536541812474164,1.2420891642741003,0.8761831473078284,1,0,0,0,0,1,0,0,0,1,0,0
0,0,0,0,0.10469527697856156,1,0,0,0,0,0,0,0,0,-1.5187848026530892,-0.7351047272588701,-1.5670951511959337,0,1,0,0,0,0,0,0,1,0,0,0
1,1,1,0,0.349427295921996,1,1,0,0,1,0,1,1,1,1.1614390424126293,0.8653238472087372,1.2910429011878775,1,0,0,0,0,1,0,0,1,0,0,1
0,0,1,1,0.0639066071546558,1,0,0,0,0,0,0,0,0,-1.4722011479902464,-0.6917061794224014,-1.4536340991755674,0,1,0,0,0,0,1,0,1,0,0,0
0,0,1,0,1.5730873906391682,1,1,1,1,1,1,1,1,0,0.8120616324413066,1.8011283822526316,0.8302189647104435,0,0,0,1,1,0,0,0,0,0,1,0
1,0,1,0,0.7165253243371477,1,1,1,1,0,0,0,1,1,0.9817592315702351,1.1534462569463457,1.1058644222716703,1,0,0,0,1,0,0,0,0,1,0,0
0,0,1,0,1.450721381167451,1,0,1,1,0,1,1,1,1,0.4893034537058941,1.417529167274792,0.5363695384898673,0,0,0,1,0,0,0,0,0,0,1,0
0,0,0,0,1.2467780320479223,1,0,0,0,1,1,1,0,1,0.8370171617249725,1.5499002316630892,0.908181304769654,1,0,1,0,1,0,0,0,0,0,1,0
0,0,1,0,0.9204686734566764,1,0,0,0,0,0,0,0,0,-1.5038114850828896,-0.5055209157168828,-1.4649822552034184,0,1,1,0,0,1,0,0,0,1,0,0
1,0,0,0,-1.2821194970342338,1,0,0,0,0,0,1,0,1,0.5209137907985377,-0.9711488795927165,0.5176538540210076,1,0,0,0,0,1,0,0,0,0,0,0
0,1,0,0,1.613876060463074,1,1,1,1,0,1,1,1,1,1.5041616445749744,2.397962791258367,1.413924480320736,1,0,0,1,0,0,0,0,0,0,1,0
1,0,1,0,1.3283553716957337,1,1,1,0,1,1,0,1,0,0.3745080190010313,1.1598846237899336,0.36152785412645566,0,0,0,1,0,0,0,0,0,0,1,0
1,0,0,0,-1.2821194970342338,1,0,0,0,0,0,0,0,0,-1.4838470616559571,-0.9976274872600303,-1.4791732102736983,0,1,0,0,0,0,1,0,0,0,0,0
1,0,1,1,1.613876060463074,0,0,1,1,1,0,0,0,0,-0.8782595510389976,0.20773147123194616,-0.8801250909852865,0,0,0,1,1,0,0,0,0,0,1,0
1,0,1,1,1.613876060463074,1,1,1,0,1,1,1,1,1,0.6207359079332013,1.6713282698121152,0.6528470556769216,0,0,0,1,1,0,0,0,0,0,1,0
1,0,0,0,1.0836233527522994,0,0,0,0,0,1,1,1,1,-0.4390422356464775,0.31443696403898014,-0.46350037394167537,0,0,0,0,0,1,0,0,0,1,0,0
0,0,0,0,-0.09924807214096716,0,0,0,0,0,1,0,1,1,-0.816702578805955,-0.48486540434155095,-0.8405752105417177,0,0,1,0,1,0,0,0,1,0,0,0
1,0,0,1,-1.2821194970342338,0,0,0,0,0,0,0,0,1,-1.3374412898584502,-0.995693779812127,-1.3333468354538358,0,0,0,0,0,1,0,0,0,0,0,0
1,0,0,1,-0.8334441289712705,1,0,0,0,0,0,0,0,0,-1.4588915323722913,-0.9029197702093062,-1.5007157429175413,0,1,0,0,1,0,0,0,0,0,0,0
1,0,1,0,0.18627261662637304,1,1,1,0,1,0,1,1,0,0.4776575400401835,0.2731259412883163,0.4562509179405312,0,0,1,0,0,0,1,0,1,0,0,0
0,1,0,0,-1.2821194970342338,1,0,0,0,0,0,0,0,1,0.20813782377659187,-0.9752799818677829,0.20611568963312013,1,0,0,0,0,1,0,0,0,0,0,1
1,0,0,0,-1.0373874780907992,1,0,0,0,0,0,1,0,0,-0.3342290126550807,-0.8437659014620791,-0.3982588800342642,0,0,0,0,0,0,1,0,0,0,0,0
0,0,0,0,0.4717933053937132,0,0,0,0,1,0,1,1,1,-0.5272184391154305,-0.011129053553485826,-0.44588487877634725,0,0,1,0,0,1,0,0,1,0,0,0
1,0,1,1,-0.5479234402039304,1,1,0,0,0,1,1,1,1,1.1997041873142507,-0.1822841366412097,1.1196237338096977,1,0,1,0,0,1,0,1,0,0,0,1
1,0,1,1,-0.05845940231706142,1,0,0,0,0,0,0,0,1,-1.4722011479902464,-0.6980127025763592,-1.401395580008706,0,1,0,0,0,1,0,0,1,0,0,0
0,0,1,0,0.4717933053937132,1,1,0,0,0,0,1,1,1,1.0383250979465442,0.9113812427860731,1.1352315643247533,1,0,0,0,0,1,0,0,1,0,0,1
1,0,1,1,1.0836233527522994,0,0,1,0,1,0,0,0,0,-1.0013734955050828,-0.13624871501214547,-1.0395594932705232,0,0,1,0,0,0,1,0,0,1,0,0
0,0,0,0,-0.6295007798517418,1,0,0,0,0,0,0,0,0,-1.4888381675126903,-0.851127174133075,-1.4625045537936205,0,1,1,0,0,0,1,1,0,0,0,0
0,0,1,0,-0.8334441289712705,1,0,1,0,0,1,0,0,0,-0.3558571380342578,-0.7030886846271056,-0.24489656430785592,0,0,0,0,0,0,0,0,0,0,0,0
0,0,1,1,1.2059893622240165,1,0,1,0,1,1,1,0,1,0.19482820815863655,0.8671476849152823,0.12708185709236977,0,0,1,0,0,0,0,0,0,0,1,0
0,0,0,0,-0.6295007798517418,1,0,0,0,0,0,0,0,0,-1.508802590939623,-0.883121242816568,-1.6044318276824703,0,1,1,0,0,0,1,1,0,0,0,0
1,0,1,1,-0.5479234402039304,1,0,0,0,0,0,0,0,0,-1.4971566772739122,-0.849347284323073,-1.52801457983059,0,1,1,0,0,0,1,1,0,0,0,0
1,0,1,1,1.4099327113435454,1,0,0,0,0,0,0,0,1,-1.5137936967963561,-0.44217002284977436,-1.5167180605071704,0,1,0,1,1,0,0,0,0,0,1,0
0,1,1,0,-1.2821194970342338,1,0,0,0,0,0,0,0,1,-1.4655463401812687,-0.9973857738290425,-1.4609449134212154,0,1,0,0,0,0,1,0,0,0,0,1
0,1,1,0,-0.4255574307322131,1,1,1,1,0,1,0,0,1,-0.044744872964556294,-0.3992768758235532,-0.07032170478263165,0,0,0,0,0,0,1,1,0,0,0,0
1,0,1,0,-0.8334441289712705,1,0,0,0,0,0,0,0,0,-1.500484081178401,-0.9176642894995698,-1.5933762519176622,0,1,1,0,0,0,0,0,0,0,0,0
1,0,0,0,0.8796800036327707,0,0,1,0,0,1,1,0,0,-0.6553234894382487,0.07481105813685808,-0.6418069876917151,0,0,0,1,1,0,0,0,0,1,0,0
1,0,1,1,-0.7110781194995532,1,0,1,0,0,1,1,1,0,1.2313145244068942,-0.2738276051408191,1.5318100061773232,1,0,1,0,0,1,0,1,0,0,0,0
0,0,0,0,-1.2005421573864221,0,0,0,1,0,0,1,1,1,-0.4756436785958542,-0.9382758529783586,-0.4357413086270318,0,0,0,0,0,1,0,0,0,0,0,1
1,1,1,0,0.7165253243371477,1,1,1,1,1,0,1,0,1,1.2313145244068942,1.3075275822270136,1.3382586359618696,1,0,1,0,0,0,0,0,0,1,0,0
1,0,1,1,-0.8742327987951762,1,0,0,0,1,0,1,0,1,-0.17451362523961897,-0.706274907126492,-0.09337070824072949,0,0,0,0,0,0,0,0,0,0,0,0
0,1,1,1,-0.8334441289712705,0,0,0,0,0,1,0,0,1,-1.1843807102519661,-0.8501383464608516,-1.1690159774655442,0,0,0,0,0,0,1,0,0,0,0,0
1,0,1,1,-0.9558101384429878,1,1,0,1,1,0,1,1,1,1.2546063517383153,-0.6120066690412005,1.1539871259622252,1,0,0,0,1,0,0,0,0,0,0,0
1,0,1,1,-1.0373874780907992,0,0,1,0,0,1,0,0,1,-1.011355707218549,-0.88382440916126,-0.829819726294993,0,0,0,0,0,1,0,0,0,0,0,1
0,0,1,0,0.5533706450415247,1,0,1,1,0,1,0,1,0,0.18983710230190318,0.413429601002672,0.17596334879215556,0,0,1,0,0,0,1,0,1,0,0,0
1,0,1,0,1.3283553716957337,1,1,1,0,1,0,1,1,1,1.3095085161623805,1.9875993072856817,1.3218404217338986,1,0,0,0,0,1,0,0,0,0,1,0
1,0,0,1,0.1454839468024673,1,0,0,1,0,0,1,1,1,0.9917414432837014,0.5371209558236756,1.0817183732895028,1,0,0,0,0,1,0,0,1,0,0,0
1,0,1,1,1.2467780320479223,1,0,1,1,1,1,1,0,0,0.3196058545769661,1.047817487604622,0.30717357781095384,0,0,0,1,1,0,0,0,0,0,1,0
1,0,0,0,-0.6295007798517418,1,0,0,0,0,0,0,0,0,-1.522112206557578,-0.8556098595804875,-1.4823899685417834,0,1,0,1,0,0,1,1,0,0,0,0
0,0,0,0,1.613876060463074,1,1,1,1,1,1,1,1,1,1.5923378480439274,2.5939264619447604,1.6191769441217987,1,0,0,1,1,0,0,0,0,0,1,0
0,0,0,0,-0.5887121100278361,1,0,0,1,1,0,0,0,0,0.429410183425096,-0.4094727878215894,0.34954844971477733,1,0,0,0,0,1,0,1,0,0,0,0
0,0,1,1,1.613876060463074,1,1,1,1,1,1,1,1,0,1.7503895335071449,2.8037776679388244,1.8389752205627212,1,0,0,1,1,0,0,0,0,0,1,0
0,1,1,1,1.613876060463074,1,1,1,1,1,1,1,1,1,0.8203801422025286,1.827585015971674,0.8165104634016757,0,0,0,1,1,0,0,0,0,0,1,0
1,0,1,0,-0.1400367419648729,1,1,1,1,0,0,0,0,1,0.6506825430736006,0.07768964536044146,0.6675373105854666,1,0,0,0,0,1,0,0,1,0,0,1
1,0,0,0,-1.1189648177386107,1,0,0,0,0,1,1,1,1,1.0383250979465442,-0.8072891473311737,0.8533859396858269,1,0,0,0,0,1,0,0,0,0,0,1
0,1,1,0,1.124412022576205,1,1,0,0,1,0,1,1,1,1.184730869744051,1.6430697723347993,1.1782915217655356,1,0,1,0,1,0,0,0,0,1,0,0
1,1,0,0,1.002046013104488,1,1,0,1,0,1,1,1,1,1.3311366415415578,1.5925077173617792,1.2866728465917807,1,0,0,0,0,0,0,0,0,1,0,0
0,0,0,0,-0.9965988082668935,1,0,0,1,0,1,1,0,1,0.018475801220730868,-0.7628797978742101,0.14500946722991076,0,0,0,0,0,1,0,0,0,0,0,0
0,0,1,1,-0.9558101384429878,1,1,0,1,0,0,0,0,1,-0.31925569508488133,-0.7862820527834957,-0.3063019885533408,0,0,0,0,0,0,1,0,0,0,0,0
1,0,1,0,-0.2216140816126844,1,0,0,0,0,0,0,0,0,-1.508802590939623,-0.7777781348023751,-1.512990690292951,0,1,0,1,0,0,0,0,1,0,0,0
0,0,0,0,0.7165253243371477,1,0,0,0,0,0,0,0,0,-1.5137936967963561,-0.556544423603607,-1.473240728207163,0,1,0,1,1,0,0,0,0,1,0,0
0,0,1,0,1.4099327113435454,1,1,0,1,1,1,1,1,1,1.4908520289570195,2.221182377413106,1.48105767898425,1,0,1,0,1,0,0,0,0,0,1,0
1,0,0,0,-1.2821194970342338,1,0,1,0,0,0,0,0,0,-0.503926611784009,-0.9846848317280404,-0.5031307697180287,0,0,0,0,0,1,0,0,0,0,0,0
1,0,0,0,0.7573139941610534,1,0,1,0,0,0,1,0,0,0.7139032172588873,0.8687737570873828,0.6210450137083517,1,0,1,0,0,0,1,0,0,1,0,0
1,0,0,1,0.8388913338088649,1,0,0,0,0,0,0,0,0,-1.5021477831306453,-0.5440632209853214,-1.4938996730824794,0,1,0,1,0,0,0,0,0,1,0,1
0,1,1,0,-0.30319142126049586,1,0,0,1,1,0,0,1,0,0.7821149973009078,-0.043584575150682876,0.7528320257759493,1,0,0,0,0,0,0,0,1,0,0,0
0,0,0,0,-0.8742327987951762,1,0,1,0,1,0,0,1,0,-0.028107853442112352,-0.6839933235790594,0.05938543232470507,0,0,0,0,0,0,0,0,0,0,0,0
1,0,0,0,1.5730873906391682,0,0,1,1,1,1,1,0,0,-0.36417564779547973,0.7024309686711461,-0.33676546886719977,0,0,0,1,0,0,0,0,0,0,1,0
1,0,0,0,-0.915021468619082,1,0,0,0,1,0,1,1,1,0.998396251092679,-0.5456013973643354,1.324173133848587,1,0,0,0,0,1,0,0,0,0,0,1
1,0,1,1,-0.30319142126049586,1,1,0,0,0,1,0,0,1,-0.32591050289385876,-0.3622287990375855,-0.20836263843442523,0,0,1,0,0,0,1,0,1,0,0,0
0,0,1,1,1.450721381167451,1,0,0,0,0,0,0,0,1,-1.5154573987486004,-0.4384564255918689,-1.52194147361074,0,1,0,1,0,0,0,0,0,0,1,0
0,0,1,0,-1.2413308272103278,1,0,0,0,0,0,0,0,1,0.1815185925406812,-0.9537015646650425,-0.15927880636437605,1,0,0,0,0,1,0,0,0,0,0,0
0,1,0,0,-0.9558101384429878,1,1,0,0,0,0,0,1,1,0.6506825430736006,-0.6714461991159588,0.6559311362049935,1,0,0,0,0,1,0,0,0,0,0,1
0,0,0,0,0.5533706450415247,1,1,1,0,1,0,1,1,0,0.4759938380879392,0.5728505957133456,0.43731966038259557,0,0,0,1,0,0,1,0,1,0,0,0
0,1,0,0,0.5533706450415247,1,0,0,1,0,0,1,1,0,1.0100421647583897,0.9377939286085718,1.0356112693273267,1,0,1,0,1,0,0,0,1,0,0,1
1,0,1,0,0.5941593148654305,1,1,0,1,1,1,1,1,1,1.4858609231002862,1.2455830220492894,1.4616469293176697,1,0,0,0,0,1,0,0,1,0,0,1
0,0,1,1,-0.5887121100278361,1,0,0,0,0,0,0,0,0,-1.4788559557992238,-0.8496549195988758,-1.4946396439667142,0,1,0,0,0,0,1,1,0,0,0,0
0,0,0,1,-0.6702894496756475,1,1,0,0,0,1,0,0,1,0.4859760498014055,-0.45095960215842623,0.46669747872883993,1,0,1,0,1,0,0,1,0,0,0,0
1,1,0,0,-0.3439800910844016,1,1,0,1,0,0,0,0,0,-0.3358927146073252,-0.439049722195203,-0.3687661270099548,0,0,0,0,1,0,0,1,0,0,0,0
1,1,0,0,1.4099327113435454,1,1,0,0,1,0,1,1,1,1.2146775048844503,1.9999486662143378,1.2320447987796417,1,0,0,0,1,0,0,0,0,0,1,0
0,0,0,0,-1.1189648177386107,1,0,0,0,0,0,0,0,0,-1.4954929753216677,-0.9583820156468997,-1.4254825904536579,0,1,0,0,0,0,1,0,0,0,0,0
0,0,1,1,-0.5479234402039304,1,1,0,0,0,0,0,0,1,-1.3307864820494728,-0.8010045981254876,-1.336137770857087,0,1,0,1,0,0,0,1,0,0,0,0
0,0,1,0,0.4717933053937132,1,1,1,1,1,1,0,0,1,1.0050510589016561,0.7779774028290091,0.9065869564912349,1,0,0,0,1,0,0,0,1,0,0,0
1,0,0,0,0.9204686734566764,1,0,1,1,0,0,1,1,1,1.1980404853620064,1.4334602797717235,1.1936374377934111,1,0,1,0,0,0,1,0,0,1,0,0
0,0,1,0,0.349427295921996,0,0,0,1,0,1,0,0,0,-0.9797453701259056,-0.39494800801404206,-1.0270225298108933,0,0,1,0,0,0,1,0,1,0,0,0
1,0,0,0,-1.2821194970342338,1,1,0,0,0,0,0,0,1,0.3462250858128763,-0.9734561441612376,0.3436564749745809,1,0,0,0,0,1,0,0,0,0,0,1
1,1,0,0,-0.6295007798517418,1,0,0,1,1,0,1,1,1,1.227987120502405,-0.23638399728596204,1.264526637356426,1,0,0,0,0,1,0,1,0,0,0,0
0,0,0,0,0.8388913338088649,1,1,1,1,1,0,1,0,0,1.1215101955587639,1.3278974322748145,1.1696828464081026,1,0,1,0,0,0,1,0,0,1,0,0
1,0,1,0,1.287566701871828,1,0,1,0,0,0,0,0,1,0.2879955174843225,1.0871288810625674,0.3150711912740966,1,0,0,0,0,0,1,0,0,0,1,0
1,0,0,0,-1.2821194970342338,1,0,0,0,0,0,0,0,1,-0.731853779241491,-0.9876952626412537,-0.7301559214262235,0,0,0,0,0,1,0,0,0,0,0,1
1,0,0,0,0.10469527697856156,1,0,0,0,0,0,0,0,0,-1.4455819167543358,-0.6965184740938883,-1.4839551790583756,0,1,0,1,0,0,0,0,1,0,0,0
1,0,0,0,-0.26240275143659014,1,1,1,1,0,0,0,0,1,0.7238854289723541,-0.035849745359069256,0.6635439641445501,1,0,0,0,1,0,0,0,1,0,0,0
0,0,1,0,0.3086386260980903,1,1,1,0,1,0,1,1,0,1.3594195747297124,0.8518098690216849,1.3516398629694877,1,0,1,0,0,0,0,0,1,0,0,0
0,0,0,0,-1.2821194970342338,1,1,0,0,0,0,0,0,1,0.3395702780038986,-0.9735440399543243,0.3370280033918598,1,0,0,0,0,1,0,0,0,0,0,1
1,0,0,0,0.9204686734566764,1,0,0,1,0,1,0,1,1,-0.02311674758537898,0.5875731410553375,0.03380555789865869,0,0,1,0,0,1,0,0,0,1,0,0
1,1,0,0,-1.2413308272103278,1,0,1,0,0,0,0,0,1,-0.5205636313064529,-0.9665123765074027,-0.6423286729551702,0,0,0,0,0,1,0,0,0,0,0,1
0,0,1,0,1.613876060463074,1,1,0,1,1,1,1,1,1,1.450923182103154,2.510952833271087,1.532270316703901,1,0,1,0,0,0,0,0,0,0,1,0
1,0,0,1,-0.38476876090830736,1,0,0,1,0,1,0,0,0,-0.3575208399865023,-0.42975474207630354,-0.2607592653237515,0,0,0,0,0,1,0,1,0,0,0,0
1,0,0,0,1.4099327113435454,1,0,0,0,0,0,0,0,1,-1.5121299948441116,-0.4809540415492008,-1.5603719871620307,0,1,1,0,0,0,1,0,0,0,1,0
1,0,0,0,-1.1189648177386107,0,0,0,0,0,0,0,0,0,-1.3507509054764055,-0.9625131179219661,-1.4877902233312357,0,0,0,0,0,0,1,0,0,0,0,0
1,0,1,1,1.5730873906391682,1,1,0,1,1,0,1,1,1,1.3677380844909344,2.387854775053417,1.453411991929577,1,0,0,1,0,0,0,0,0,0,1,1
1,0,1,0,0.5941593148654305,1,0,0,1,1,0,1,1,0,0.2896592194365668,0.5415816673228165,0.3320566497048193,0,0,0,1,0,1,0,0,1,0,0,0
0,0,1,1,-1.078176147914705,1,0,0,0,0,0,1,0,0,-0.3342290126550807,-0.8504899296331978,-0.19048786006635404,0,0,0,0,0,1,0,0,0,0,0,0
1,0,0,0,-1.2821194970342338,1,0,0,0,0,0,0,0,1,-0.660314595294982,-0.9867503828655736,-0.6588998519119726,0,0,0,0,0,0,1,0,0,0,0,1
1,0,1,1,-1.0373874780907992,1,0,0,0,0,0,0,0,1,-1.4855107636082014,-0.9297719349972379,-1.3248245148474804,0,1,0,0,0,0,0,0,0,0,0,0
1,0,1,1,0.9612573432805821,1,1,1,1,0,1,0,1,1,0.36452580728756456,0.866158857243059,0.3699336301775107,0,0,0,1,1,0,0,0,0,1,0,0
0,0,1,0,1.5730873906391682,0,0,1,1,1,1,0,0,1,-0.5754657957305178,0.47792313917990525,-0.5752270680244554,0,0,0,1,0,0,0,0,0,0,1,0
0,0,0,0,-1.2413308272103278,1,0,0,0,0,0,0,1,0,0.5209137907985377,-0.9256408327221715,0.898790970027466,1,0,0,0,0,1,0,0,0,0,0,1
0,0,1,0,-1.2413308272103278,1,0,0,0,0,0,0,0,1,0.18318229449292597,-0.9385175664093464,0.41325542659315184,1,0,0,0,1,0,0,0,0,0,0,0
1,0,1,0,0.6757366545132419,1,0,0,0,1,1,1,1,1,1.143138320937941,1.1560391828423984,1.1763413081876264,1,0,1,0,1,0,0,0,0,1,0,0
1,0,0,0,-0.05845940231706142,1,1,0,1,0,1,1,0,1,0.2048104198721028,-0.05369259135563255,0.16602412764085564,0,0,0,0,0,1,0,0,1,0,0,0
1,0,0,0,-0.9965988082668935,1,1,0,0,0,0,1,0,1,-0.1878232408575741,-0.8146723939504413,-0.34321889278488416,0,0,0,0,0,1,0,0,0,0,0,0
1,0,1,1,1.0428346829283937,1,0,0,1,0,1,1,1,1,0.3428976819083877,0.8835622242741898,0.30559990537033815,0,0,1,0,1,0,0,0,0,1,0,0
1,0,0,0,-1.2821194970342338,1,1,0,0,1,0,0,0,0,-0.35086603217752466,-0.9826632284870506,-0.35067592331544534,0,0,0,0,0,1,0,0,0,0,0,1
1,0,1,1,-0.9558101384429878,1,0,0,1,0,1,1,1,1,1.2180049087889389,-0.6080074104557639,1.1874977322970928,1,0,0,0,0,1,0,0,0,0,0,0
1,0,0,1,-0.7926554591473648,1,0,0,0,0,0,1,1,0,0.05008613831337445,-0.6410122807597517,-0.031489522485956385,0,0,0,0,1,0,0,1,0,0,0,0
0,0,0,0,-1.2005421573864221,1,0,1,1,0,0,0,0,0,-0.31759199313263675,-0.9339469851688476,-0.32692390014402856,0,0,0,0,0,1,0,0,0,0,0,1
1,0,1,1,1.0836233527522994,1,0,0,1,1,1,1,1,0,0.3944724424279638,0.9895206028399881,0.3993805750598287,0,0,1,0,1,0,0,0,0,1,0,0
1,0,1,1,-1.2821194970342338,1,0,0,0,0,0,0,0,1,0.11996162030763881,-0.9764446011261794,0.11828844116206648,1,0,0,0,0,1,0,0,0,0,0,1
1,1,1,0,1.613876060463074,1,1,0,1,0,0,1,1,0,1.113191685797542,2.0387766328103067,1.0377126869486604,1,0,0,1,0,0,0,0,0,0,1,0
0,0,0,0,-1.1189648177386107,1,0,0,0,0,0,0,0,0,-1.508802590939623,-0.9627768053012257,-1.491767306280868,0,1,1,0,0,1,0,0,0,0,0,0
0,0,0,0,0.3086386260980903,1,0,1,1,0,0,1,0,0,0.006829887555019827,0.12994369435037695,-0.009309636805312887,0,0,0,0,0,0,1,0,1,0,0,0
0,0,1,1,1.287566701871828,1,1,0,0,0,0,0,0,1,-1.3590694152376275,-0.3213352813040825,-1.3445582737167976,0,1,0,1,0,0,1,0,0,0,1,0
0,0,0,1,0.7165253243371477,1,0,0,0,0,0,0,0,0,-1.4888381675126903,-0.5798807566680778,-1.5084379123114116,0,1,0,1,1,0,0,0,0,1,0,0
0,1,0,0,0.9612573432805821,1,1,1,1,1,0,1,1,0,1.5174712601929299,1.691632198015101,1.4815638242690181,1,0,1,0,0,1,0,0,0,1,0,0
1,0,0,0,-0.5479234402039304,1,0,0,1,0,0,0,0,1,0.29797772919778875,-0.38051112399958137,0.3328416002869835,1,0,0,0,1,0,0,1,0,0,0,1
1,1,0,0,-0.9965988082668935,1,0,0,0,0,0,0,0,1,0.15989046716150437,-0.7547933849102504,0.22123689043120234,1,0,0,0,0,1,0,0,0,0,0,0
1,0,0,0,0.3902159657459017,1,1,0,1,0,0,1,1,1,1.2263234185501608,0.8715424745696082,1.2202323866014426,1,0,0,0,0,1,0,0,1,0,0,1
0,0,0,0,0.2678499562741845,0,0,1,1,0,1,0,0,1,-0.8183662807581995,-0.29002240501701015,-0.7664425543213758,0,0,1,0,0,0,0,0,1,0,0,0
0,0,1,0,1.287566701871828,1,1,0,0,0,0,0,0,0,-1.327459078144984,-0.3100626458407365,-1.3312754380842355,0,1,0,1,1,0,0,0,0,0,1,0
0,0,1,1,0.7981026639849592,1,1,0,0,1,0,1,1,0,1.209686399027717,1.323173033396414,1.2267091074611163,1,0,1,0,0,0,0,0,0,1,0,0
1,0,1,1,1.613876060463074,1,1,1,1,1,1,0,1,1,1.3311366415415578,2.3060237916898676,1.3176275181606503,1,0,1,0,1,0,0,0,0,0,1,0
1,0,0,0,1.4099327113435454,0,0,1,0,0,1,1,0,0,-0.6985797401966031,0.3546053414795191,-0.6198957486061852,0,0,0,1,0,1,0,0,0,0,1,0
0,0,0,0,-0.5887121100278361,1,1,0,1,0,0,1,0,1,0.8353534597727282,-0.3353107124048391,0.6602580551548249,1,0,0,0,1,0,0,1,0,0,0,1
0,1,0,0,1.002046013104488,1,1,1,0,1,1,0,1,0,1.2113501009799612,1.5334637183559106,1.208555727544538,1,0,0,1,1,0,0,0,0,1,0,0
0,0,0,0,-1.2821194970342338,1,0,0,0,0,0,0,0,1,-1.4871744655604457,-0.9976714351565737,-1.4824874460650588,0,1,0,0,0,0,0,0,0,0,0,1
0,0,0,0,-0.7518667893234591,1,0,0,0,0,1,0,1,0,-0.19281434671430722,-0.6668975918237315,-0.32238655352490386,0,0,1,0,1,0,0,1,0,0,0,0
0,0,0,0,1.4099327113435454,1,0,0,0,0,0,0,0,0,-1.4755285518947352,-0.41615286809616475,-1.487434066649179,0,1,1,0,0,1,0,0,0,0,1,0
0,0,1,1,0.5533706450415247,1,0,0,0,1,1,0,1,0,0.8669637968653718,0.8553476746934173,0.9004480879231466,1,0,1,0,0,0,0,0,1,0,0,0
1,0,0,0,-0.5479234402039304,1,0,0,0,0,0,0,0,0,-1.5337581202232888,-0.8838463831095317,-1.66494484805259,0,1,1,0,0,0,1,1,0,0,0,0
0,0,0,0,0.5533706450415247,1,1,1,1,0,0,0,0,0,0.644027735264623,0.684390357140138,0.620179017740703,1,0,0,0,0,0,1,0,1,0,0,0
0,0,0,0,-0.2216140816126844,1,0,0,0,0,0,0,0,0,-1.522112206557578,-0.7862161309386809,-1.5365585892537368,0,1,1,0,0,0,1,0,1,0,0,0
0,0,1,0,-1.078176147914705,1,0,0,0,0,1,0,0,1,-0.5238910352109417,-0.8875380064191655,-0.6561379887525055,0,0,0,0,0,1,0,0,0,0,0,1
0,0,0,0,-0.1400367419648729,0,0,0,0,0,1,0,0,1,-1.1211600360666791,-0.5995034924746431,-1.0934647345550186,0,0,0,0,0,1,0,0,1,0,0,0
1,0,0,0,-0.7926554591473648,1,0,0,0,0,0,0,0,1,-1.4954929753216677,-0.8950091488315196,-1.5049222729604221,0,1,1,0,0,1,0,1,0,0,0,0
1,0,0,0,-1.2821194970342338,1,0,0,0,0,0,0,0,0,-0.6420138738202936,-0.9865086694345858,-0.6406715550594898,0,0,0,0,0,0,1,0,0,0,0,0
0,0,1,1,1.3283553716957337,1,1,0,1,1,1,1,1,1,1.5274534719063961,2.177871725369723,1.5425940195599805,1,0,0,1,1,0,0,0,0,0,1,0
0,1,0,0,-1.2821194970342338,1,0,0,0,0,0,0,0,1,0.1565630632570153,-0.9759611742642035,0.15474503486703187,1,0,0,0,0,1,0,0,0,0,0,1
0,0,0,0,0.4310046355698075,1,0,0,1,1,0,1,0,1,0.8902556241967934,0.7311948669587093,0.8956694223635103,1,0,0,0,0,1,0,0,1,0,0,0
0,0,1,1,-0.18082541178877864,1,1,0,0,0,0,0,0,0,-0.4989355059272758,-0.38677369925699584,-0.4827127099319684,0,0,0,0,0,0,1,0,1,0,0,0
1,0,0,0,0.8388913338088649,1,0,0,0,1,0,0,1,1,-0.12626626862453147,0.4691775077677966,-0.05217583746526825,0,0,1,0,0,1,0,0,0,1,0,0
1,0,0,0,0.4310046355698075,1,1,0,0,0,0,1,1,0,0.9800955296179903,0.7167799568925203,0.8703887400480161,1,0,1,0,0,0,1,0,1,0,0,0
0,1,1,0,0.6349479846893362,1,0,0,0,0,0,0,0,1,0.19150080425414795,0.5514259961485066,0.2957726724473205,1,0,0,0,0,0,0,0,1,0,0,0
0,0,0,0,0.6349479846893362,1,1,0,1,1,0,1,1,1,1.4143217391537775,1.2441547154116335,1.3841193737248207,1,0,0,0,0,0,0,0,1,0,0,1
1,0,0,0,-0.3439800910844016,1,0,1,1,0,1,0,0,0,-0.14789439400370855,-0.3733695908113017,-0.16238590241877654,0,0,0,0,0,0,0,1,0,0,0,0
0,0,0,0,-1.2413308272103278,1,0,0,0,0,0,0,0,0,-0.6802790187219147,-0.9702039998170365,-0.7815265761923114,0,0,0,0,0,1,0,0,0,0,0,0
0,0,1,1,1.3691440415196396,1,0,1,1,0,1,0,0,1,-0.22276098185470627,0.6682175312122186,-0.23834341626584749,0,0,0,1,1,0,0,0,0,0,1,0
1,0,1,0,0.9612573432805821,1,1,0,1,0,0,1,1,0,1.1780760619350734,1.4608837672147172,1.170824627437976,1,0,1,0,1,0,0,0,0,1,0,1
1,0,1,1,1.2467780320479223,0,0,1,1,1,0,1,1,0,-0.19614175061879605,0.6228633019795747,-0.20150900924556103,0,0,0,1,0,1,0,0,0,0,1,0
0,0,1,1,1.1652006924001108,1,0,0,0,0,0,0,0,0,-1.5021477831306453,-0.4301282991969213,-1.4393480490430877,0,1,0,1,1,0,0,0,0,0,1,0
0,0,0,1,-0.7518667893234591,1,0,0,0,1,0,1,0,1,-0.16952251938288584,-0.6440446856212366,-0.19928636698865643,0,0,0,0,1,0,0,1,0,0,0,0
0,0,1,0,1.613876060463074,1,1,1,1,1,0,1,1,1,1.5224623660496632,2.538134607283092,1.5607405227727407,1,0,0,1,1,0,0,0,0,0,1,0
0,0,0,0,0.5941593148654305,1,0,0,0,0,0,0,0,0,-1.4855107636082014,-0.5539734716558264,-1.4257928593362537,0,1,0,1,1,0,0,0,1,0,0,0
0,1,0,0,0.9612573432805821,1,1,1,1,0,0,0,1,1,1.06328062723021,1.2873774716619288,0.9371710041470604,1,0,0,0,0,1,0,0,0,1,0,0
0,0,0,0,0.1454839468024673,1,1,0,1,0,1,0,1,1,0.19316450620639225,0.09740027696009326,0.16059097855457072,0,0,1,0,0,0,1,0,1,0,0,0
0,0,1,1,0.6757366545132419,1,0,0,1,1,0,1,1,0,0.43606499123407366,0.6741065493490153,0.4346288655741704,0,0,1,0,1,0,0,0,0,1,0,0
1,0,1,1,1.450721381167451,1,1,1,1,0,0,0,0,1,0.6856202840707327,1.496986964225005,0.6244892195307467,1,0,1,0,0,0,0,0,0,0,1,0
1,0,1,0,1.5730873906391682,1,1,1,1,0,1,0,0,0,0.0084935895072646,1.0509817361557365,0.0334486728409716,0,0,0,1,0,0,0,0,0,0,1,0
0,0,0,0,0.10469527697856156,1,1,0,0,0,0,0,0,0,-1.3840249445212935,-0.6562402269119911,-1.3971695475503212,0,1,0,1,0,0,0,0,1,0,0,0
0,0,1,1,-0.8334441289712705,0,0,0,0,0,1,0,0,0,-1.1527703731593226,-0.8444470938584997,-1.1332498495504453,0,0,1,0,1,0,0,0,0,0,0,0
1,0,0,0,-0.38476876090830736,1,0,1,0,1,0,1,1,1,1.1664301482693626,0.001066487737268667,1.151825667837425,1,0,1,0,1,0,0,1,0,0,0,0
0,1,0,0,0.10469527697856156,1,0,0,0,0,0,0,0,0,0.18817340034965888,0.0565507071231337,0.13864731816613815,1,0,0,0,0,1,0,0,1,0,0,0
1,0,1,1,-0.30319142126049586,1,0,0,0,0,0,0,0,0,-1.4971566772739122,-0.7844142671804072,-1.4818908836226137,0,1,1,0,0,1,0,0,1,0,0,0
0,1,1,1,1.450721381167451,0,0,0,1,1,0,1,1,1,-0.39578598488812333,0.6002960571046111,-0.36995210354313784,0,0,0,1,0,1,0,0,0,0,1,0
1,0,1,0,0.3086386260980903,1,0,0,1,0,0,0,0,1,-0.49061699616605386,-0.10188145991531657,-0.4463744817909801,0,0,0,0,0,0,1,0,1,0,0,0
0,0,1,1,0.023117937330750068,1,1,0,0,0,0,0,1,0,0.7072484094499101,0.2001284851299622,0.6055815338796781,1,0,0,0,1,0,0,0,1,0,0,1
1,1,1,0,0.512581975217619,1,1,0,1,1,1,1,0,1,1.124837599463253,0.9824449914965235,1.18127433397776,1,0,1,0,0,0,0,0,1,0,0,0
0,0,1,0,-1.2413308272103278,0,0,0,0,0,0,1,1,0,-0.6752879128651815,-0.9638755027148072,-0.5429015992143549,0,0,0,0,0,1,0,0,0,0,0,1
1,0,0,0,-1.2821194970342338,1,0,0,0,0,0,0,0,0,-1.4805196577514683,-0.9975835393634871,-1.4758589744823378,0,1,0,0,0,0,1,0,0,0,0,0
0,0,0,0,0.4310046355698075,1,1,1,1,1,1,1,1,0,1.6688681378471695,1.1447445734307808,1.6209475339147288,1,0,0,1,1,0,0,0,1,0,0,0
1,1,1,1,1.3691440415196396,1,1,0,1,1,1,1,1,1,1.4492594801509098,2.103358066780627,1.4014751728973807,1,0,1,0,0,1,0,0,0,0,1,0
0,1,1,0,0.4310046355698075,1,1,0,0,1,1,1,1,1,1.4193128450105104,0.9860047711165274,1.3425517274404455,1,0,1,0,0,1,0,0,1,0,0,1
1,0,1,1,-0.38476876090830736,1,1,0,1,0,1,0,0,0,-0.17284992328737445,-0.38503775734353707,-0.11414035585812911,0,0,0,1,0,0,1,1,0,0,0,0
1,0,1,0,1.1652006924001108,0,0,1,0,1,1,1,1,1,-0.09132852762739928,0.6541761782666471,-0.09884833490633149,0,0,0,1,0,0,1,0,0,0,1,0
1,0,0,0,-0.6702894496756475,1,1,0,1,1,0,0,1,1,0.21645633353781385,-0.4738564562574645,0.3587776757726631,0,0,0,0,0,0,0,1,0,0,0,0
1,1,0,0,-1.2821194970342338,1,1,0,0,0,0,1,1,1,0.9534762983820801,-0.9654356530420928,0.9485045068978736,1,0,0,0,0,1,0,0,0,0,0,1
1,0,0,0,-0.5887121100278361,1,0,0,0,0,0,0,0,0,-1.4905018694649346,-0.829944287999224,-1.4120599354986478,0,1,1,0,0,0,1,1,0,0,0,0
1,0,1,1,-0.2216140816126844,1,1,0,1,0,1,0,0,1,0.6756380723572665,-0.06096596823354206,0.48911460137318086,1,0,0,0,1,0,0,0,1,0,0,0
0,0,0,0,0.5533706450415247,1,1,0,1,1,0,0,1,1,0.9734407218090131,0.9308721349030085,1.0242636141721253,1,0,1,0,0,1,0,0,1,0,0,0
0,0,1,1,0.349427295921996,1,1,1,1,1,0,0,1,1,1.2213323126934275,0.7208451373227718,1.025297775234276,1,0,1,0,0,0,0,0,1,0,0,0
0,0,0,1,-0.8334441289712705,1,0,0,0,0,0,0,0,1,-0.676951614817426,-0.7953353194714072,-0.8246116414799979,0,0,0,0,0,1,0,0,0,0,0,1
1,0,0,0,-1.2005421573864221,1,0,0,1,0,0,0,0,1,-0.4989355059272758,-0.9493726968555316,-0.7146894877332078,0,0,0,0,0,0,1,0,0,0,0,1
1,0,1,1,-0.38476876090830736,1,0,1,0,0,1,1,1,1,1.1631027443648736,0.01800840185469526,1.2073751416447935,1,0,0,0,0,1,0,1,0,0,0,1
1,0,0,0,-0.3439800910844016,1,1,0,0,1,0,1,0,1,0.8303623539159949,-0.05505497614847355,0.8378228407822303,1,0,0,0,0,0,1,1,0,0,0,1
1,0,0,0,1.613876060463074,1,1,0,1,1,1,1,1,0,1.4742150094345756,2.4557982231092965,1.4745013456183809,1,0,0,1,0,0,0,0,0,0,1,0
0,1,1,0,1.3283553716957337,1,1,1,1,1,0,1,1,1,1.4808698172435533,2.1697633384574924,1.533186688736811,1,0,0,0,1,0,0,0,0,0,1,0
0,0,0,0,-0.6702894496756475,1,0,0,1,1,0,0,1,1,0.9418303847163696,-0.3149408623570383,1.1077949646201382,1,0,0,0,1,0,0,1,0,0,0,1
1,0,0,0,-0.05845940231706142,1,0,0,0,1,1,1,1,0,1.1497931287469187,0.3601867243405132,1.1728568878065844,1,0,0,1,0,0,0,0,1,0,0,0
1,0,0,0,0.8796800036327707,1,0,1,1,0,1,1,1,1,1.3477736610640019,1.4736066832639907,1.3116588249993573,1,0,1,0,1,0,0,0,0,1,0,1
1,0,1,1,1.287566701871828,1,0,0,0,0,0,0,0,1,-1.5038114850828896,-0.4466307343489152,-1.4921971212350602,0,1,0,1,0,0,0,0,0,0,1,0
0,0,1,0,0.6757366545132419,1,0,0,0,0,0,0,0,0,-1.5271033124143112,-0.6027995847153876,-1.530577683772351,0,1,1,0,1,0,0,0,0,1,0,0
0,0,0,0,-1.2005421573864221,1,1,0,0,0,0,0,0,0,-1.340768693762939,-0.9685999015932075,-1.1980155406399486,0,1,0,0,0,0,1,0,0,0,0,0
0,0,0,0,-1.2821194970342338,1,0,0,0,0,0,0,0,1,-1.4888381675126903,-0.9976934091048453,-1.4841445639607391,0,1,0,0,0,0,1,0,0,0,0,1
1,0,1,1,1.4915100509913568,1,0,1,1,1,0,0,0,1,-0.17118622133513015,0.7820865311558037,-0.1970923154476885,0,0,0,1,0,0,0,0,0,0,1,0
1,0,1,1,-0.4255574307322131,1,0,0,0,0,1,0,0,1,-0.45900665907341026,-0.4647152937764664,-0.29463520902516754,0,0,0,0,0,1,0,1,0,0,0,0
0,0,0,0,0.8796800036327707,1,0,1,0,1,1,1,1,0,0.522577492750782,0.883188667153572,0.48711992242467717,0,0,0,1,0,1,0,0,0,1,0,0
1,0,1,1,-0.9965988082668935,1,0,0,0,0,0,0,0,1,-1.5154573987486004,-0.9394844201332981,-1.5197725987178643,0,1,0,0,0,0,1,0,0,0,0,0
0,0,0,0,0.6757366545132419,1,1,1,1,0,0,0,0,1,-0.17118622133513015,0.28301421801054966,-0.1672769366159755,0,0,0,0,1,0,0,0,0,1,0,1
1,0,1,1,0.2678499562741845,1,1,0,0,0,0,0,0,1,-1.3673879249988496,-0.6093478213003333,-1.3839101763733104,0,1,0,1,0,0,1,0,1,0,0,0
0,0,0,0,-0.5887121100278361,1,1,1,0,1,0,0,0,1,-0.1429032881469754,-0.4983574085803316,-0.022842766286702034,0,0,0,0,0,0,1,1,0,0,0,0
1,0,1,0,-0.7110781194995532,1,0,0,0,0,0,0,0,0,-1.5337581202232888,-0.8769245894039683,-1.5002738448120267,0,1,1,0,0,0,1,1,0,0,0,0
1,0,0,1,-0.30319142126049586,1,0,0,1,0,0,1,1,1,1.031670290137567,0.06962520634475339,1.0943308817177362,1,0,0,0,0,1,0,0,1,0,0,1
0,0,1,1,-0.26240275143659014,1,0,0,0,0,0,1,1,1,0.8619726910086385,0.031412510300389385,0.8586377287090601,1,0,0,0,0,1,0,0,1,0,0,1
0,0,1,0,1.5730873906391682,1,0,1,1,1,1,1,1,1,0.6623284567393112,1.6505848626436967,0.6703187576216351,0,0,1,0,0,0,0,0,0,0,1,0
0,0,0,0,1.613876060463074,1,0,1,1,1,1,0,1,1,0.26969479600963425,1.3073957385373838,0.2716639086178056,0,0,0,1,1,0,0,0,0,0,1,0
1,1,0,0,0.6349479846893362,1,1,0,1,0,0,1,1,1,1.1348198111767192,1.0784931193918172,1.1238482942345407,1,0,1,0,0,1,0,0,1,0,0,0
1,0,0,0,-0.6702894496756475,1,1,0,0,0,1,0,1,1,0.8037431226800846,-0.36991968093265587,0.8486631536831382,1,0,0,0,1,0,0,1,0,0,0,1
1,1,0,0,0.023117937330750068,1,1,0,0,0,0,0,0,1,-1.3307864820494728,-0.6339586433645585,-1.300505771703082,0,1,1,0,0,0,0,0,1,0,0,0
0,0,1,1,1.5322987208152625,1,1,1,1,1,1,1,1,1,1.640585204659015,2.387942670846503,1.5050120424928937,1,0,0,1,0,0,0,0,0,0,1,1
1,0,1,0,1.5730873906391682,1,1,0,1,1,1,1,1,1,1.605647463661883,2.4887371715684687,1.5605645026206763,1,0,1,0,0,0,0,0,0,0,1,0
0,0,0,0,-0.30319142126049586,1,0,1,0,0,1,1,1,1,0.3745080190010313,-0.1306893060994231,0.49007941223688833,0,0,0,0,1,0,0,0,1,0,0,0
0,0,1,0,1.4915100509913568,1,1,0,1,1,0,0,0,1,0.6822928801662442,1.572928929451757,0.6672507724585771,1,0,0,0,0,0,0,0,0,0,1,0
0,1,0,0,-0.9965988082668935,1,0,0,0,1,0,1,1,1,0.9052289417669926,-0.6857512394407898,0.8720699439596221,1,0,0,0,0,1,0,0,0,0,0,1
0,0,1,1,-0.05845940231706142,1,0,1,0,1,1,1,1,1,0.5408782142254707,0.11225466599171503,0.5697194291949615,0,0,1,0,0,0,1,0,1,0,0,0
1,0,1,0,1.2059893622240165,1,1,0,0,1,1,1,1,1,1.4209765469627547,2.031437334087583,1.5432494651991155,1,0,0,1,0,0,0,0,0,0,1,0
1,0,1,0,1.0428346829283937,1,0,0,0,0,0,0,0,0,-1.4688737440857575,-0.48534883120352673,-1.4742875695812616,0,1,0,1,0,0,1,0,0,1,0,0
0,0,0,0,-0.9965988082668935,1,1,0,0,0,0,0,0,1,0.2863318155320782,-0.7287103083118258,0.46711175820276013,1,0,0,0,0,1,0,0,0,0,0,0
0,0,0,0,0.2270612864502788,1,0,0,0,0,0,0,0,0,-1.492165571417179,-0.6806752573900433,-1.5052510129478243,0,1,0,1,0,0,1,0,1,0,0,0
0,0,1,0,1.4915100509913568,1,1,0,0,0,0,0,0,1,-1.3291227800972283,-0.2513702300072136,-1.3265982828641816,0,1,0,1,1,0,0,0,0,0,1,0
1,0,0,0,-1.2821194970342338,1,0,0,0,0,0,0,0,1,-1.5054751870351342,-0.9979131485875615,-1.5007157429175417,0,1,0,0,0,0,0,0,0,0,0,0
0,0,0,0,0.2678499562741845,0,0,1,1,0,1,0,0,0,-0.7900833475700447,-0.2590391379540123,-0.7065313688621666,0,0,1,0,0,0,0,0,1,0,0,0
1,0,0,0,-1.2821194970342338,1,0,0,0,0,0,1,1,1,0.8103979304890623,-0.967325412593453,0.8059923678693718,1,0,0,0,0,1,0,0,0,0,0,0
0,0,0,0,-1.2413308272103278,1,0,0,0,0,0,0,0,0,0.1815185925406812,-0.9453514643218233,0.15557359381487218,1,0,0,0,0,1,0,0,0,0,0,0
0,1,0,0,-0.2216140816126844,1,1,0,1,1,0,0,0,1,0.7172306211633763,0.04866205969361872,0.7953131636527662,1,0,0,0,0,0,0,0,1,0,0,0
1,0,0,0,-1.2413308272103278,1,0,0,0,0,0,0,0,1,-0.6087398347754057,-0.9679187091967869,-0.6953564456169381,0,0,0,0,0,0,0,0,0,0,0,0
1,0,0,1,-0.26240275143659014,0,0,0,1,0,0,1,0,1,-0.83001219442391,-0.5566323193966936,-0.8469827330716814,0,0,1,0,0,0,0,0,1,0,0,0
0,0,1,1,1.450721381167451,1,1,1,0,1,1,1,1,1,1.4692239035778423,2.2933008756405946,1.5076112110242277,1,0,0,1,0,0,0,0,0,0,1,0
1,0,1,1,0.6757366545132419,1,1,0,0,1,0,1,1,1,1.1614390424126293,1.1347903748637322,1.1436385937973645,1,0,0,0,0,1,0,0,0,1,0,1
0,0,1,0,0.3902159657459017,1,1,0,0,0,0,0,0,1,-0.487289592261565,-0.03809108808277545,-0.4130545755314093,0,0,0,0,0,1,0,0,1,0,0,1
1,0,1,0,-0.8334441289712705,1,0,1,0,0,1,0,0,0,0.530896002512004,-0.6257623606592406,0.24105325860037857,1,0,0,0,0,0,0,0,0,0,0,1
0,0,1,1,-0.5479234402039304,1,0,0,0,0,0,0,0,0,-1.4888381675126903,-0.8361629153600952,-1.4756845410196346,0,1,0,1,0,0,1,1,0,0,0,0
1,0,0,0,1.287566701871828,1,1,0,0,1,1,1,1,1,1.3228181317803358,2.021373265779177,1.4159153233481854,1,0,1,0,1,0,0,0,0,0,1,0
1,0,0,0,-1.2413308272103278,1,0,0,0,0,0,0,0,1,0.0950060910239729,-0.9552836889405999,-0.2189350506088651,1,0,0,0,0,1,0,0,0,0,0,1
0,1,0,0,-0.05845940231706142,1,1,0,0,0,0,0,0,1,0.29964143115003355,-0.032158122049435425,0.21841043531074794,1,0,0,0,0,1,0,0,1,0,0,1
1,0,1,0,0.6757366545132419,1,1,1,0,1,1,1,1,0,0.6473551391691115,0.7774500280704898,0.59367836482691,0,0,1,0,0,1,0,0,0,1,0,1
0,1,0,0,-1.2821194970342338,1,0,0,0,0,0,0,0,1,-1.5121299948441116,-0.9980010443806482,-1.5073442145002625,0,1,0,0,0,1,0,0,0,0,0,1
1,0,1,1,0.0639066071546558,1,0,0,0,0,0,1,0,0,0.44604720294753997,0.12040700080048974,0.3476530534288687,1,0,0,0,0,1,0,0,1,0,0,1
0,0,1,0,-0.9558101384429878,0,0,0,0,1,0,1,1,1,-0.5372006508288968,-0.8122113117440188,-0.5235685570980853,0,0,0,0,0,1,0,0,0,0,0,1
1,0,0,0,-0.5479234402039304,1,1,0,0,0,0,0,1,1,0.7022573035931767,-0.3330693696811328,0.5211425232750714,1,0,0,0,0,0,0,1,0,0,0,1
1,0,1,0,0.4310046355698075,1,1,1,0,1,0,1,1,1,0.5092678771328271,0.5674889523350679,0.6085641125305359,0,0,1,0,0,1,0,0,1,0,0,0
1,0,0,0,-1.2821194970342338,1,0,0,0,0,0,0,0,0,-0.6952523362921142,-0.9872118357792778,-0.693699327721258,0,0,0,0,0,1,0,0,0,0,0,0
1,0,1,1,-0.9965988082668935,1,0,1,0,0,0,0,0,1,-0.45235185126443284,-0.8256593680862563,-0.4467887612649,0,0,0,0,1,0,0,0,0,0,0,0
1,0,0,0,-0.26240275143659014,1,0,0,0,1,1,1,1,1,1.1231738975110086,0.10840922504417984,1.0819662328038142,1,0,0,0,0,1,0,0,1,0,0,0
1,0,1,1,0.10469527697856156,1,0,0,0,0,0,0,0,0,-1.5071388889873785,-0.7046488349543913,-1.5014732825269954,0,1,0,1,0,0,1,0,1,0,0,0
1,0,1,0,-1.2821194970342338,1,0,1,0,1,0,0,0,0,-0.305946079466926,-0.9820699318837166,-0.3059337401320784,0,0,0,0,0,0,1,0,0,0,0,0
1,0,1,0,0.10469527697856156,1,1,0,1,0,1,1,0,1,0.13659863983008275,0.06652687963845351,0.1601425045843906,0,0,1,0,0,1,0,0,1,0,0,0
1,0,1,1,1.613876060463074,1,1,1,0,1,0,1,1,0,1.3427825552072685,2.337776146942373,1.3508849537059,1,0,0,1,0,0,0,0,0,0,1,0
1,0,1,0,0.5533706450415247,0,0,1,0,1,1,0,0,0,-0.8150388768537107,-0.1967210206556704,-0.8243234470633578,0,0,0,1,1,0,0,0,1,0,0,0
0,0,0,0,-1.2821194970342338,1,0,0,1,0,0,0,0,1,0.35953470143083166,-0.9732803525750647,0.35691341814002314,1,0,0,0,0,1,0,0,0,0,0,1
1,0,1,0,0.3902159657459017,1,1,0,0,1,1,1,1,1,1.4442683742941764,1.0089675470603805,1.466985132305831,1,0,1,0,0,1,0,0,1,0,0,0
0,0,0,0,0.349427295921996,1,0,0,0,0,0,0,0,0,-1.4722011479902464,-0.6395180522772809,-1.4768694122236063,0,1,0,1,0,0,1,0,1,0,0,0
0,0,0,0,0.512581975217619,1,0,1,1,0,0,1,1,1,1.1780760619350734,0.9640527967931694,1.1504519411181071,1,0,1,0,0,1,0,0,1,0,0,0
1,1,1,0,1.287566701871828,1,0,1,0,1,0,0,0,0,0.5125952810373157,1.1986246945928165,0.4464495694409967,1,0,1,0,1,0,0,0,0,0,1,0
0,0,0,0,1.2467780320479223,1,1,1,1,1,1,1,0,1,0.49762196346711607,1.1299561062439738,0.40549590628798227,0,0,0,1,1,0,0,0,0,0,1,0
1,0,0,0,-1.0373874780907992,1,1,0,0,0,0,0,0,1,-1.3257953761927397,-0.9393306024953968,-1.4278025555076106,0,1,0,0,0,0,0,0,0,0,0,0
1,0,0,1,-1.2821194970342338,1,0,0,0,0,0,0,0,0,-0.6952523362921142,-0.9872118357792778,-0.693699327721258,0,0,0,0,0,1,0,0,0,0,0,0
1,0,1,1,1.1652006924001108,1,0,0,0,0,0,0,0,0,-1.4805196577514683,-0.4675499331035067,-1.4856115207864231,0,1,1,0,0,0,1,0,0,0,1,0
0,0,0,0,-0.5887121100278361,1,1,0,0,0,0,0,0,1,-0.4856258903093207,-0.6051727711287236,-0.470356660225686,0,0,0,0,0,1,0,1,0,0,0,0
0,0,1,1,1.0428346829283937,1,1,0,1,0,0,1,0,1,0.06339575393132932,0.7383583740952606,0.11680274925559465,0,0,0,0,0,0,0,0,0,1,0,0
0,0,0,0,0.4310046355698075,0,0,0,0,1,0,1,1,1,-0.5272184391154305,-0.09410268222715971,-0.5517267154494894,0,0,0,0,0,0,0,0,1,0,0,1
1,0,1,1,-0.9558101384429878,1,0,0,0,1,1,1,1,0,1.2712433712607594,-0.5800565482542508,1.4217037282199019,1,0,0,0,0,1,0,0,0,0,0,0
1,0,0,0,1.287566701871828,1,1,0,1,1,0,1,1,1,1.3144996220191139,1.9347299877441402,1.3138213254940094,1,0,0,1,0,0,0,0,0,0,1,0
1,0,1,0,-0.8334441289712705,1,0,0,0,1,1,1,1,1,0.3079599409112555,-0.6807192052865866,-0.10431772949098103,0,0,0,0,0,1,0,0,0,0,0,0
1,0,1,1,1.613876060463074,1,1,0,0,1,0,0,1,1,0.8619726910086385,1.8552502168456562,0.8454870110497511,1,0,0,1,1,0,0,0,0,0,1,0
0,0,0,0,-0.2216140816126844,1,1,0,0,0,0,1,1,1,1.0216880784241003,0.13400887478062845,1.033692641683214,1,0,0,0,0,0,0,0,1,0,0,0
1,0,0,1,-0.3439800910844016,0,0,1,0,0,1,0,0,0,-0.9697631584124393,-0.6414297857769127,-1.0046851194772521,0,0,0,1,0,0,1,1,0,0,0,0
0,1,1,1,0.0639066071546558,1,1,0,1,0,0,0,0,1,0.4893034537058941,0.1880867614771093,0.4977684392728447,1,0,0,0,0,0,1,0,1,0,0,1
0,0,1,0,1.450721381167451,1,1,1,1,0,0,0,0,1,0.6590010528348226,1.503337435275506,0.6315319705873874,1,0,0,1,0,0,0,0,0,0,1,0
1,0,1,0,1.1652006924001108,1,1,1,0,1,0,0,1,1,0.16654527497048202,0.8509968329356344,0.14447633708724303,0,0,0,1,0,0,1,0,0,0,1,0
1,0,0,0,1.3691440415196396,1,0,1,1,0,0,0,0,1,-0.3358927146073252,0.5165533402414302,-0.4116377755989554,0,0,1,0,0,0,1,0,0,0,1,0
1,0,0,0,0.4717933053937132,1,0,0,0,0,0,0,0,0,-1.4805196577514683,-0.6085787331108262,-1.4698707529956752,0,1,0,1,1,0,0,0,1,0,0,0
1,0,0,0,1.002046013104488,0,0,0,0,1,1,1,1,0,-0.3841400712224125,0.3514630668766762,-0.3552693378332959,0,0,0,1,1,0,0,0,0,1,0,0
0,0,0,0,-1.078176147914705,1,0,0,0,0,0,0,0,0,-1.4871744655604457,-0.9522073361825717,-1.46895431658367,0,1,0,0,0,0,1,0,0,0,0,0
1,0,1,0,0.7573139941610534,1,1,1,1,0,0,0,1,1,1.0483073096600108,1.1517542629294306,1.0394835286214954,1,0,1,0,1,0,0,0,0,1,0,0
0,0,1,0,0.8796800036327707,1,0,0,0,0,0,0,0,0,-1.492165571417179,-0.52206729876542,-1.4753679765873213,0,1,0,1,1,0,0,0,0,1,0,0
1,0,0,0,-0.5479234402039304,1,0,0,0,0,1,1,0,1,-0.11129295105433205,-0.5261105052473999,-0.24505646164866696,0,0,0,0,1,0,0,1,0,0,0,0
1,0,1,1,1.5322987208152625,1,1,1,1,0,0,1,0,1,1.0865724545616315,1.9243582841599316,1.0055803818476605,1,0,0,0,1,0,0,0,0,0,1,0
1,0,0,0,-0.8334441289712705,1,1,0,0,1,0,1,1,0,0.32792436433818806,-0.6430778318972848,0.13223585011737532,0,0,0,0,0,0,0,0,0,0,0,0
0,0,0,0,0.1454839468024673,0,0,0,1,0,1,0,0,1,-0.9997097935528383,-0.44964116526212844,-0.9853520773609825,0,0,0,0,0,0,0,0,1,0,0,0
0,0,1,1,0.18627261662637304,1,0,1,1,0,0,1,1,0,0.3395702780038986,0.16193776303386992,0.22962884896371807,0,0,1,0,0,0,0,0,1,0,0,0
0,1,0,0,-0.7926554591473648,1,1,0,0,0,0,1,1,1,1.0033873569494118,-0.4396210448502653,1.1367785939686224,1,0,0,0,0,1,0,1,0,0,0,1
1,0,1,1,1.613876060463074,1,1,1,1,1,0,0,0,0,-0.01479823782415701,1.0677918065835332,0.020702609527562685,0,0,0,1,1,0,0,0,0,0,1,0
1,0,1,1,0.8388913338088649,1,0,0,0,0,0,0,0,0,-1.4871744655604457,-0.5371194533314864,-1.4840194984591781,0,1,1,0,1,0,0,0,0,1,0,0
0,0,1,1,-1.2821194970342338,1,0,0,0,0,0,0,0,1,0.13992604373457135,-0.9761809137469198,0.13817385591022932,1,0,0,0,0,0,1,0,0,0,0,1
0,0,0,0,-0.05845940231706142,1,0,0,0,0,0,0,0,0,-1.4638826382290244,-0.7035940854373531,-1.414973255670086,0,1,0,1,1,0,0,0,1,0,0,0
0,0,1,1,0.349427295921996,1,1,1,1,0,0,1,0,1,0.978431827665746,0.7046063895500373,0.9954292356023805,1,0,0,0,0,0,0,0,1,0,0,0
0,0,1,0,0.5533706450415247,1,0,0,1,0,1,1,0,1,-0.02311674758537898,0.3160630362110807,0.016339666275650998,0,0,0,1,1,0,0,0,1,0,0,0
1,0,1,0,1.0428346829283937,1,0,1,1,1,0,0,0,0,-0.1528854998604419,0.5596662267503678,-0.11553660811805758,0,0,1,0,1,0,0,0,0,1,0,1
1,0,1,0,1.0836233527522994,1,0,1,1,1,0,1,0,0,0.05008613831337445,0.7329967307169829,0.07149592566709491,0,0,1,0,1,0,0,0,0,1,0,0
1,0,0,0,-0.915021468619082,1,1,0,1,0,0,0,0,0,0.49762196346711607,-0.6561743050671762,0.4903114087422833,1,0,0,0,0,1,0,0,0,0,0,0
0,0,1,1,0.0639066071546558,1,1,0,0,1,0,1,0,0,0.7505046602082642,0.25657955823977907,0.6496871592974137,1,0,0,0,0,1,0,0,1,0,0,1
1,0,1,1,0.7573139941610534,1,0,1,0,0,1,1,1,1,0.38282652876225326,0.736556510336987,0.42553759452584095,0,0,1,0,0,0,0,0,0,1,0,0
1,0,1,0,1.2059893622240165,1,1,0,0,0,0,0,0,1,-1.369051626951094,-0.37071074307043456,-1.37857011738111,0,1,1,0,1,0,0,0,0,0,1,0
1,0,0,0,0.3902159657459017,1,1,0,0,0,0,0,0,0,-1.3257953761927397,-0.5891098149421623,-1.4024328696285058,0,1,1,0,0,1,0,0,1,0,0,0
0,0,0,0,-0.6702894496756475,1,1,0,0,0,0,0,0,0,0.2580488823439237,-0.4816791818421646,0.3219068025937776,1,0,0,0,0,1,0,1,0,0,0,1
1,0,1,1,0.8388913338088649,1,0,1,1,0,1,1,0,1,0.15989046716150437,0.6325318392190918,0.18025839718543005,0,0,0,1,0,0,1,0,0,1,0,0
0,0,1,1,0.7573139941610534,1,1,0,0,0,1,0,0,1,0.5275685986075154,0.8027420425311355,0.5234050278942507,1,0,0,0,0,1,0,0,0,1,0,0
1,0,0,0,-1.2821194970342338,1,1,0,0,0,0,0,0,1,-0.5022629098317647,-0.9846628577797688,-0.5014736518223486,0,0,0,0,1,0,0,0,0,0,0,0
0,0,1,1,1.4915100509913568,1,0,0,0,0,0,0,0,0,-1.5137936967963561,-0.4149223269929535,-1.505350869785169,0,1,0,1,0,0,1,0,0,0,1,0
0,0,0,0,-0.09924807214096716,1,0,1,0,0,0,0,0,1,-0.5355369488766525,-0.33117961012977265,-0.4542457917954612,0,0,0,0,0,0,1,0,1,0,0,0
1,0,1,0,-0.7926554591473648,1,1,0,0,1,0,1,1,1,1.2429604380726047,-0.4092969962354163,1.3126880321254493,1,0,0,0,1,0,0,1,0,0,0,1
0,0,1,0,0.6349479846893362,1,0,0,1,1,0,0,1,1,0.02513060902970854,0.3534846701176661,-0.015213119308674073,0,0,1,0,0,1,0,0,1,0,0,0
0,0,0,1,-0.9558101384429878,1,0,0,0,1,1,1,1,1,0.26636739210514565,-0.72027231217552,0.2468071401826018,0,0,0,0,0,0,1,0,0,0,0,1
1,0,0,0,0.7981026639849592,1,1,1,0,1,1,1,1,1,1.4775424133390642,1.5122808322220591,1.5009621191961982,1,0,0,1,0,1,0,0,0,1,0,0
0,0,0,1,-1.2821194970342338,1,0,0,0,0,0,1,1,1,0.8137253343935509,-0.9672814646969098,0.8093066036607321,1,0,0,0,0,1,0,0,0,0,0,0
0,0,0,0,0.349427295921996,1,1,0,1,0,0,0,0,1,-0.2859816560399934,0.032379364024341016,-0.24102321963299353,0,0,1,0,1,0,0,0,1,0,0,0
0,0,0,0,0.7981026639849592,1,0,1,0,1,1,0,0,0,-0.23107949161592822,0.33045597232899815,-0.21297579971478425,0,0,1,0,1,0,0,0,0,1,0,0
0,0,0,0,0.8796800036327707,1,1,0,1,1,1,1,1,0,1.5374356836198624,1.6368511449739283,1.5396352851291468,1,0,0,0,0,1,0,0,0,1,0,1
1,1,1,0,1.4099327113435454,1,0,1,1,0,1,0,0,1,-0.1312573744812646,0.8038407399447169,-0.11425219249742238,0,0,1,0,0,0,0,0,0,0,1,0
0,0,1,1,-0.7518667893234591,1,0,0,0,0,0,0,0,0,0.1765274866839483,-0.546634172933102,0.32542817812209823,1,0,0,0,0,1,0,1,0,0,0,0
0,0,1,1,1.613876060463074,1,1,0,0,0,0,0,0,1,-1.3840249445212935,-0.2932086275163965,-1.404810044705047,0,1,1,0,0,0,0,0,0,0,1,0
0,0,0,0,-1.1597534875625164,1,1,0,1,0,1,0,1,1,0.9518125964298358,-0.8473696289786263,0.8490774331570583,1,0,0,0,0,1,0,0,0,0,0,1
0,0,1,1,0.5941593148654305,1,0,0,0,0,0,0,0,0,-1.517121100700845,-0.6151928915405868,-1.524021166939768,0,1,0,1,0,0,0,0,1,0,0,0
1,1,1,0,-0.017670732493155674,1,1,0,1,1,0,0,1,1,0.9518125964298358,0.29905520024883936,0.9248905768844302,1,0,0,0,0,1,0,0,1,0,0,0
1,0,1,1,-0.8334441289712705,1,0,1,0,0,0,0,0,1,-0.5222273332586972,-0.7555404991514857,-0.574524932390253,0,0,0,0,0,1,0,0,0,0,0,0
0,1,0,0,-0.9965988082668935,1,0,0,0,1,0,1,1,1,0.9834229335224794,-0.6800380128901661,0.9259262755692304,1,0,0,0,1,0,0,0,0,0,0,1
1,0,0,0,-0.9558101384429878,1,0,0,0,0,0,0,0,0,-1.4805196577514683,-0.9266516343426663,-1.4824874460650588,0,1,0,0,0,0,1,0,0,0,0,0
0,0,0,0,-1.2821194970342338,1,0,0,0,0,0,0,0,1,-0.6519960855337601,-0.9866405131242154,-0.6506142624335715,0,0,0,0,0,1,0,0,0,0,0,1
0,0,1,1,1.613876060463074,1,0,1,1,1,1,0,1,1,0.3146147487202327,1.2951782232983575,0.2588672759789411,0,0,0,1,0,1,0,0,0,0,1,0
0,0,1,0,0.8388913338088649,1,1,0,1,1,1,1,1,1,1.4658964996733537,1.506479709878349,1.4237846792042046,1,0,1,0,0,0,0,0,0,1,0,0
0,0,1,0,1.5322987208152625,1,1,1,0,1,1,0,0,0,0.013484695363997498,1.085261095459479,0.10159889664128662,0,0,0,1,1,0,0,0,0,0,1,1
1,0,0,0,-0.6702894496756475,1,0,0,0,0,0,0,0,0,-1.5021477831306453,-0.8815830664375539,-1.562961233874031,0,1,0,1,0,0,1,1,0,0,0,0
0,0,0,1,1.5322987208152625,1,1,1,1,0,1,0,0,0,0.03677652269541911,1.1431624491552232,0.16397754885725077,0,0,0,1,0,1,0,0,0,0,1,0
0,0,0,0,-0.8742327987951762,1,0,0,0,0,1,1,1,0,0.18650969839741458,-0.6420890042250615,0.34666941660309053,0,0,0,0,0,0,1,0,0,0,0,0
0,0,0,0,-0.9558101384429878,1,0,0,1,0,1,1,0,0,0.04509503245664108,-0.7338302382591156,0.13320250222318838,0,0,0,0,0,0,1,0,0,0,0,1
0,0,1,0,-0.6702894496756475,0,0,0,0,0,1,1,1,1,-0.4972718039750313,-0.6504830524648241,-0.47371692706970414,0,0,0,0,0,1,0,1,0,0,0,1
1,0,1,0,1.1652006924001108,1,1,0,1,1,0,1,1,1,1.3527647669207348,1.7540162371582577,1.2608576473000304,1,0,0,0,0,1,0,0,0,0,1,1
1,0,0,0,-1.2413308272103278,1,0,0,0,0,0,0,0,1,-1.5054751870351342,-0.9928371665368152,-1.634942292467642,0,1,0,0,0,1,0,0,0,0,0,0
1,0,1,0,1.5322987208152625,1,0,1,1,0,1,0,0,0,0.6556736489303335,1.5012059622931577,0.5497072487460228,1,0,0,1,0,0,0,0,0,0,1,0
1,1,0,0,-1.2821194970342338,1,1,0,0,0,0,0,0,1,0.3162784506724775,-0.973851675230127,0.3138283528523366,1,0,0,0,0,1,0,0,0,0,0,1
0,0,1,1,-0.8742327987951762,1,1,0,0,0,1,0,1,1,0.04842243636112968,-0.6809828926658461,0.08002408247999511,0,0,0,0,0,1,0,0,0,0,0,1
1,0,1,1,0.9204686734566764,1,0,0,0,0,0,0,0,0,-1.5104662928918673,-0.5554896740865689,-1.5334965478357256,0,1,1,0,0,0,1,0,0,1,0,0
1,0,1,1,-1.0373874780907992,1,0,0,0,0,0,0,0,0,-1.4855107636082014,-0.9431101215981171,-1.468520309515754,0,1,0,0,0,0,1,0,0,0,0,0
1,0,0,0,-1.2005421573864221,1,0,0,0,0,0,0,0,1,-1.5121299948441116,-0.9761149919021049,-1.3869269807474975,0,1,1,0,0,0,1,0,0,0,0,0
1,0,1,0,-0.5887121100278361,1,1,0,0,0,0,0,0,1,0.27468590186636765,-0.43261135535161543,0.2526070528174826,1,0,0,0,0,1,0,1,0,0,0,0
1,0,1,1,0.7165253243371477,1,1,0,1,0,1,1,1,0,1.2912077946876923,1.2220708973986456,1.2093680060358594,1,0,0,0,0,1,0,0,0,1,0,1
1,0,0,0,-0.915021468619082,1,0,1,0,0,1,1,0,0,-0.08800112372291044,-0.7371702783964033,-0.12050224760545805,0,0,0,0,0,0,0,0,0,0,0,0
1,0,1,1,-0.6702894496756475,1,0,0,0,0,0,0,0,0,-1.4771922538469795,-0.8788582968518718,-1.5501185701825093,0,1,0,1,0,0,1,1,0,0,0,0
1,1,1,0,0.10469527697856156,1,1,0,0,1,0,0,0,1,0.5558515317956698,0.23069424717579923,0.5138661559737384,1,0,1,0,0,0,0,0,1,0,0,0
0,0,0,0,-0.09924807214096716,1,1,0,0,1,0,1,1,0,1.1830671677918068,0.35447349778988946,1.269322531501571,1,0,0,0,0,1,0,0,1,0,0,0
0,0,0,0,-0.46634610055611886,1,0,1,1,0,1,1,0,0,0.2048104198721028,-0.3364094098184206,0.2545666604877709,0,0,0,1,1,0,0,1,0,0,0,0
0,0,0,0,-0.9558101384429878,1,1,0,0,1,0,1,1,0,1.1115279838452976,-0.6006900856813111,1.248811094437262,1,0,0,0,1,0,0,0,0,0,0,1
1,0,1,1,0.5941593148654305,1,0,1,1,1,0,0,1,1,1.0383250979465442,0.9234009924906543,0.9446966615205656,1,0,1,0,0,1,0,0,1,0,0,0
1,0,0,0,-0.18082541178877864,1,1,0,1,1,0,1,1,1,1.3577558727774681,0.30287866724810286,1.3747389027796306,1,0,0,0,0,1,0,0,1,0,0,1
1,0,1,1,-0.26240275143659014,1,0,0,0,0,0,0,0,1,-1.522112206557578,-0.7798876338364515,-1.4945334184605807,0,1,0,1,1,0,0,0,1,0,0,0
0,0,0,0,0.6349479846893362,1,1,0,1,1,1,1,0,1,0.29797772919778875,0.5674010565419815,0.32087110390897744,0,0,1,0,0,0,0,0,1,0,0,0
1,1,1,1,0.7573139941610534,1,1,0,1,1,0,0,0,1,0.6423640333123787,0.8155528543734959,0.5423481599174194,1,0,0,0,0,1,0,0,0,1,0,1
0,1,0,0,0.349427295921996,1,1,1,1,1,0,1,1,1,1.6073111656141272,1.0543876981378393,1.638795154222826,1,0,0,0,0,1,0,0,1,0,0,1
1,0,1,1,1.5322987208152625,1,1,0,0,0,0,0,0,0,-1.3224679722882509,-0.2198156402891532,-1.3043946185050224,0,1,0,1,1,0,0,0,0,0,1,0
1,0,0,0,-0.30319142126049586,1,0,0,0,1,1,1,1,0,1.1448020228901854,0.09808146935651386,1.1801695887139734,1,0,0,1,0,0,0,0,1,0,0,0
1,0,1,1,-1.2821194970342338,1,0,0,0,0,0,0,0,1,0.19150080425414795,-0.9754997213504992,0.18954451067631758,1,0,0,0,0,0,1,0,0,0,0,1
0,0,0,0,0.349427295921996,1,1,1,1,1,1,1,0,1,1.3843751040133783,0.8754758113102299,1.309715790646518,1,0,0,0,0,1,0,0,1,0,0,0
1,0,1,1,0.3902159657459017,1,1,1,0,0,0,1,1,0,1.071599136991432,0.7587282241430613,1.017669451448528,1,0,1,0,0,1,0,0,1,0,0,0
0,0,1,1,-0.7518667893234591,1,1,0,0,0,0,0,0,0,-1.3091583566702958,-0.8428649695829422,-1.2702579898540092,0,1,0,0,0,0,1,1,0,0,0,0
1,1,0,0,-1.2821194970342338,1,0,0,0,0,0,0,0,0,-0.6586508933427375,-0.9867284089173021,-0.6572427340162923,0,0,0,0,0,1,0,0,0,0,0,1
0,0,0,0,-1.2005421573864221,1,0,0,0,0,0,1,0,1,0.5192500888462934,-0.9044359726400488,0.414912544488832,1,0,0,0,0,1,0,0,0,0,0,0
0,0,1,1,1.5322987208152625,1,0,0,0,0,0,0,0,1,-1.4888381675126903,-0.38635619423983486,-1.483813140381603,0,1,0,1,1,0,0,0,0,0,1,0
1,0,0,0,-1.0373874780907992,1,0,0,0,0,0,0,0,0,-1.5121299948441116,-0.9338810633240326,-1.3690932357749388,0,1,0,1,0,0,1,0,0,0,0,0
1,0,0,0,-1.2821194970342338,1,0,0,0,0,0,0,0,0,-1.492165571417179,-0.9977373570013884,-1.4874587997520996,0,1,0,0,0,0,1,0,0,0,0,0
1,1,1,0,-1.2413308272103278,1,0,0,0,1,0,0,0,1,0.3096236428634998,-0.9449779072012056,0.16965909592815426,1,0,0,0,0,1,0,0,0,0,0,0
1,0,0,0,-0.26240275143659014,1,1,0,0,1,0,1,1,1,1.113191685797542,0.09887253149429262,1.0543051110066903,1,0,0,0,0,1,0,0,1,0,0,1
0,0,1,1,1.613876060463074,1,1,1,1,1,0,1,1,0,1.4908520289570195,2.5661074434328777,1.590039287789421,1,0,0,1,1,0,0,0,0,0,1,0
1,0,0,0,-0.09924807214096716,1,1,0,0,0,1,0,1,1,0.8320260558682396,0.19021823445945732,0.8564239891612412,1,0,0,0,1,0,0,0,1,0,0,0
1,0,1,1,0.8388913338088649,1,1,0,1,1,0,1,1,1,1.3427825552072685,1.444117644683464,1.3350507058468357,1,0,1,0,0,1,0,0,0,1,0,0
0,0,1,0,-0.9965988082668935,1,0,0,1,1,0,1,1,0,1.2063589951232283,-0.6361120902951782,1.3399986097523335,1,0,0,0,0,1,0,0,0,0,0,1
0,0,0,0,-1.2413308272103278,1,0,0,0,0,0,0,0,0,-1.4954929753216677,-0.9897827877270585,-1.5197725987178643,0,1,0,0,0,0,1,0,0,0,0,0
1,0,0,0,0.023117937330750068,1,0,0,0,0,0,0,0,0,-1.4821833597037126,-0.70341829385118,-1.4592375798317265,0,1,0,1,0,0,1,0,1,0,0,0
1,0,1,0,-1.078176147914705,1,1,0,0,0,0,1,0,1,0.5974440806017797,-0.8042787164179604,0.3903319623695747,1,0,0,0,0,1,0,0,0,0,0,1
0,0,1,1,-0.9558101384429878,1,1,0,0,0,0,1,0,1,0.6806291782139994,-0.6748961089946046,0.6270236351359042,1,0,0,0,0,0,0,0,0,0,0,1
1,0,0,0,0.349427295921996,1,1,0,1,0,0,1,0,1,0.808734228536818,0.5956815279675688,0.7950796402636726,1,0,0,0,0,1,0,0,1,0,0,0
0,0,0,0,-1.078176147914705,1,0,0,0,0,0,0,0,1,-1.46221893627678,-0.958425963543443,-1.5471150439965886,0,1,0,0,0,0,1,0,0,0,0,0
0,0,0,1,-1.2413308272103278,1,1,1,0,0,0,0,0,0,0.5209137907985377,-0.9238829168604411,0.9650756858546761,1,0,0,0,1,0,0,0,0,0,0,0
0,0,1,1,-1.2005421573864221,1,0,0,1,0,0,1,0,1,-0.20612396233226232,-0.9324527566863767,-0.28936256117527615,0,0,0,0,1,0,0,0,0,0,0,0
1,0,1,0,0.6349479846893362,1,0,0,0,0,0,0,0,1,-1.492165571417179,-0.5512487020701443,-1.4366405176179053,0,1,0,1,0,0,1,0,1,0,0,0
1,0,0,0,-1.2821194970342338,1,0,0,0,0,0,0,0,0,-1.4755285518947352,-0.9975176175186722,-1.470887620795297,0,1,0,0,1,0,0,0,0,0,0,0
0,0,1,1,1.613876060463074,1,1,0,0,0,0,0,0,0,-1.3307864820494728,-0.1894696177260326,-1.2961537449063458,0,1,0,1,0,0,1,0,0,0,1,0
0,0,1,0,1.287566701871828,1,1,1,1,1,1,0,1,1,0.5458693200822036,1.2476705471350942,0.5042415560528457,0,0,0,1,0,0,1,0,0,0,1,0
0,0,0,0,1.1652006924001108,1,1,0,1,1,1,1,1,0,0.7904335070621298,1.3320285345498806,0.7391643346993155,0,0,0,1,1,0,0,0,0,0,1,0
1,0,0,0,-1.2821194970342338,1,1,0,0,0,0,1,0,1,0.6573373508825783,-0.9693470158344429,0.6535375214667887,1,0,0,0,0,0,1,0,0,0,0,1
1,0,1,1,-0.7110781194995532,1,1,0,0,0,0,0,0,1,0.33291547019492146,-0.519935825783072,0.29449531073606666,1,0,0,0,0,0,0,1,0,0,0,1
1,0,1,0,-0.6295007798517418,1,1,0,1,1,0,1,1,1,1.252942649786071,-0.24075681299201637,1.245128610224639,1,0,0,0,0,1,0,1,0,0,0,0
0,0,0,0,1.450721381167451,0,0,0,1,0,1,0,1,0,-0.6636419991994706,0.3493975157391429,-0.6482016937325074,0,0,0,0,0,1,0,0,0,0,1,0
0,1,0,0,0.4717933053937132,1,0,0,1,1,0,0,1,0,0.8070705265845737,0.7473017710418138,0.854011125073743,1,0,1,0,1,0,0,0,1,0,0,0
1,0,0,0,-1.1597534875625164,1,0,0,0,0,0,0,1,0,-0.3525297341297692,-0.9207186683093262,-0.5337874507881133,0,0,0,0,0,1,0,0,0,0,0,1
0,1,1,0,-0.30319142126049586,1,1,1,0,0,1,1,0,1,0.1532356593525267,-0.2362961014928755,0.17151506797131652,0,0,0,0,1,0,0,0,1,0,0,0
0,0,0,0,-0.26240275143659014,1,0,0,0,0,0,0,0,1,0.13826234178232705,-0.20860892667062206,0.16245700661231338,1,0,0,0,1,0,0,0,1,0,0,0
1,0,0,0,1.2059893622240165,1,1,1,1,0,1,0,1,0,1.2346419283113828,1.8629191247924544,1.3382746725866663,1,0,1,0,0,1,0,0,0,0,1,1
1,0,1,1,0.10469527697856156,1,0,0,1,0,1,1,0,1,0.825371248059262,0.38466570271510864,0.8456211586889254,1,0,1,0,0,1,0,0,1,0,0,0
1,0,0,0,-0.4255574307322131,1,0,1,0,0,1,0,0,0,-0.32591050289385876,-0.45581584472645637,-0.26412917503650823,0,0,0,0,0,0,1,1,0,0,0,0
0,1,1,0,-1.2413308272103278,1,0,0,0,0,0,0,0,1,0.14658085154354902,-0.938957045374779,0.3966842476363493,1,0,0,0,0,1,0,0,0,0,0,0
1,0,1,0,0.6757366545132419,1,1,0,1,0,0,1,1,1,1.1364835131289635,1.126572118210143,1.1309903878180911,1,0,0,0,0,0,0,0,0,1,0,1
1,0,0,0,0.5533706450415247,1,0,0,0,0,0,0,0,0,-1.5204485046053335,-0.6074360878007015,-1.4976536772407412,0,1,0,1,1,0,0,0,1,0,0,0
1,0,0,0,-0.1400367419648729,1,0,0,0,0,1,1,1,1,0.9751044237612574,0.13943644000372096,0.8281063204772426,1,0,0,0,0,1,0,0,1,0,0,0
1,0,1,1,-0.8334441289712705,1,0,0,0,0,0,0,0,1,-1.4555641284678025,-0.8720463728876665,-1.3066948559649787,0,1,0,0,0,1,0,0,0,0,0,0
1,1,1,1,0.0639066071546558,1,1,0,1,1,1,1,1,1,1.4642327977211094,0.5866502352279289,1.3817920978566225,1,0,0,0,0,1,0,0,1,0,0,0
1,0,0,0,-1.1597534875625164,1,1,0,0,0,1,0,1,0,0.02180320512521947,-0.9023044996577008,-0.18662125164310034,0,0,0,0,0,0,1,0,0,0,0,0
1,0,1,0,0.6757366545132419,1,0,0,1,0,0,1,1,1,0.99506884718819,1.0548930989480865,1.0206736821913767,1,0,0,1,0,1,0,0,0,1,0,0
1,0,1,1,0.2270612864502788,1,1,0,0,1,0,1,1,1,1.2063589951232283,0.7323375122688339,1.2989413334685713,1,0,0,0,1,0,0,0,1,0,0,0
0,0,1,0,-1.2413308272103278,0,0,0,0,0,0,0,1,1,-0.9913912837916163,-0.9763347313848212,-1.0126945226397068,0,0,0,0,0,1,0,0,0,0,0,1
1,0,1,1,-0.38476876090830736,1,0,0,1,1,1,0,0,0,0.7288765348290869,-0.15360813414673294,0.6446755431551069,1,0,1,0,0,0,1,1,0,0,0,0
0,0,1,1,-1.2413308272103278,1,0,0,1,0,0,0,0,1,0.2879955174843225,-0.9426486686844128,0.25748634439920787,1,0,0,0,0,0,0,0,0,0,0,1
0,0,0,0,-0.30319142126049586,1,0,0,0,0,0,0,0,0,-1.500484081178401,-0.7977085058847432,-1.5219931366980761,0,1,0,1,1,0,0,0,1,0,0,0
1,0,1,1,-1.0373874780907992,1,0,1,0,1,1,0,1,1,0.21479263158556908,-0.7798876338364515,0.28991850892895,0,0,0,0,1,0,0,0,0,0,0,0
0,0,0,0,0.2270612864502788,1,0,0,0,0,0,1,1,1,0.8054068246323289,0.4621897922174183,0.7628200858503336,1,0,1,0,0,0,1,0,1,0,0,0
0,0,0,0,1.2059893622240165,1,1,0,0,0,0,0,0,1,-1.3008398469090738,-0.3192257822700061,-1.3159470975491931,0,1,0,1,1,0,0,0,0,0,1,0
1,0,0,0,-0.1400367419648729,0,0,1,0,0,1,0,0,0,-0.9747542642691724,-0.5351637719353114,-0.9261529690877157,0,0,1,0,0,0,1,0,1,0,0,0
0,0,1,1,0.023117937330750068,1,1,0,0,0,0,0,0,0,-1.3557420113331387,-0.6548338942226068,-1.3482106808211498,0,1,1,0,1,0,0,0,1,0,0,0
1,0,0,0,-0.8742327987951762,1,0,0,0,0,0,0,0,0,-1.4821833597037126,-0.9119510629489461,-1.5034273903832003,0,1,0,0,0,0,1,0,0,0,0,0
0,1,0,0,-0.5071347703800245,1,0,0,0,0,0,0,1,1,0.5508604259389369,-0.27191587164118736,0.618075198499231,1,0,0,0,0,1,0,1,0,0,0,0
1,0,0,0,-1.2821194970342338,1,0,0,0,0,0,0,1,1,0.530896002512004,-0.9710170359030869,0.527596561395089,1,0,0,0,0,0,1,0,0,0,0,1
1,0,1,0,-1.2413308272103278,1,1,0,0,1,0,1,0,1,0.8836008163878157,-0.9312002416348938,0.6891655562239137,1,0,0,0,0,1,0,0,0,0,0,0
1,0,1,0,1.5730873906391682,1,1,0,0,0,0,0,0,0,-1.3457597996196722,-0.24596463873239258,-1.3441064319314218,0,1,0,1,0,0,0,0,0,0,1,0
0,1,0,0,-1.2821194970342338,1,1,0,0,0,0,0,0,1,0.23974816086923498,-0.974862476850622,0.23760092965104457,1,0,0,0,0,1,0,0,0,0,0,0
0,0,1,1,0.1454839468024673,1,1,1,0,1,0,1,1,1,1.3178270259236025,0.6129091034125265,1.2404794739062026,1,0,0,0,1,0,0,0,1,0,0,0
1,1,0,0,-0.8334441289712705,1,1,0,0,0,0,0,0,1,0.27967700772310056,-0.6426383529318523,0.13499771327684223,1,0,0,0,1,0,0,0,0,0,0,0
0,0,0,1,-0.5479234402039304,1,0,0,0,0,1,0,0,0,-0.5355369488766525,-0.5874397948735184,-0.4884783588509613,0,0,0,0,0,0,1,1,0,0,0,0
1,1,1,0,1.4915100509913568,1,1,1,1,0,0,0,0,1,0.6656558606438002,1.5361225660967772,0.6270236351359042,1,0,0,0,1,0,0,0,0,0,1,0
1,0,0,1,0.512581975217619,1,1,0,0,1,0,1,1,0,1.1581116385081407,1.0301504331942317,1.261221066233801,1,0,0,1,0,0,0,0,1,0,0,0
0,1,0,0,-0.915021468619082,0,0,0,0,0,0,0,1,1,-1.0047008994095714,-0.8616087474586425,-1.0589281119291858,0,0,0,0,0,1,0,0,0,0,0,1
0,0,1,1,0.9612573432805821,1,1,0,0,0,0,0,0,1,-1.3457597996196722,-0.3974969860135512,-1.3317784917311386,0,1,0,1,0,0,1,0,0,1,0,0
0,1,0,0,1.3691440415196396,1,1,1,0,0,0,1,1,1,1.247951543929338,1.8376930321766236,1.0979213038250433,1,0,0,1,0,0,0,0,0,0,1,0
1,0,1,1,-0.9965988082668935,1,0,0,0,1,0,1,1,1,0.9934051452359457,-0.672742662063985,0.9946966682399606,1,0,0,0,0,1,0,0,0,0,0,0
1,0,1,1,-0.7926554591473648,1,0,0,0,1,0,1,1,0,1.0682717330869433,-0.4200862048367865,1.25009996391168,1,0,0,0,0,1,0,1,0,0,0,0
1,0,1,0,1.124412022576205,1,1,0,1,1,0,1,0,1,1.0266791842808336,1.517334840324534,1.0202577117808282,1,0,0,0,0,1,0,0,0,1,0,1
0,0,1,1,0.5941593148654305,0,0,1,1,1,0,1,1,1,-0.16286771157390817,0.21021452738664037,-0.1996313900155685,0,0,0,1,1,0,0,0,1,0,0,0
0,0,0,0,-0.46634610055611886,1,1,0,0,0,0,1,1,1,1.079917646752654,-0.0750732430239283,1.1930477620746884,1,0,0,0,0,1,0,1,0,0,0,1
1,0,1,1,-0.8334441289712705,1,1,0,0,0,0,0,0,0,-1.280875423482141,-0.8681350100953165,-1.2821142738457212,0,1,1,0,0,0,1,0,0,0,0,0
1,0,0,0,-0.46634610055611886,1,1,0,0,0,0,0,0,1,0.2929866233410559,-0.3215330468385272,0.3079889850294631,1,0,0,0,0,1,0,1,0,0,0,0
0,0,0,0,-0.5071347703800245,0,0,0,0,0,0,0,0,0,-1.3307864820494728,-0.7841945276976909,-1.3135442766004568,0,0,0,0,1,0,0,1,0,0,0,0
0,0,1,0,-1.1189648177386107,1,0,0,0,0,0,0,0,0,0.16820897692272632,-0.861454929820741,0.03642681711546197,1,0,0,0,0,1,0,0,0,0,0,1
1,0,0,1,0.6757366545132419,1,1,1,1,1,0,1,1,1,1.4742150094345756,1.3184925824145566,1.4263631980399551,1,0,1,0,1,0,0,0,0,1,0,0
0,0,0,0,0.3902159657459017,1,0,1,1,1,1,0,1,0,0.29964143115003355,0.38244633393967414,0.3420388122668935,0,0,1,0,1,0,0,0,1,0,0,1
1,0,1,0,-1.2821194970342338,1,0,0,0,0,0,0,0,0,0.16987267887497062,-0.9757853826780304,0.1680019780324741,1,0,0,0,0,1,0,0,0,0,0,1
1,1,0,0,0.4310046355698075,1,1,0,0,0,0,1,0,1,0.6639921586915555,0.5956156061227539,0.6578922731461342,1,0,0,0,0,1,0,0,1,0,0,0
1,1,1,0,1.5730873906391682,1,1,0,0,0,0,0,0,0,-1.362396819142116,-0.23473595116558982,-1.3321798510202583,0,1,0,1,0,0,0,0,0,0,1,0
1,1,1,0,1.0428346829283937,0,0,0,1,1,0,0,1,1,-0.6519960855337601,0.15859772289658203,-0.6370144672897128,0,0,0,0,0,1,0,0,0,1,0,1
1,0,0,0,1.1652006924001108,1,1,1,0,1,1,1,1,1,1.5540727031423063,2.0153304300044788,1.5839141393562532,1,0,0,1,1,0,0,0,0,0,1,1
0,0,0,0,-1.2821194970342338,1,0,0,0,0,0,0,0,1,-1.4838470616559571,-0.9976274872600303,-1.4791732102736983,0,1,0,0,0,0,1,0,0,0,0,1
1,0,0,1,-1.2821194970342338,1,0,0,0,0,0,0,0,1,-1.4588915323722913,-0.9972978780359558,-1.4543164418384946,0,1,0,0,0,0,1,0,0,0,0,0
0,0,0,0,1.002046013104488,0,0,1,0,1,1,0,0,1,-0.791747049522289,-0.014095536570155838,-0.838915185421659,0,0,1,0,1,0,0,0,0,1,0,0
0,0,1,1,1.5730873906391682,1,0,0,0,0,0,0,0,0,-1.4905018694649346,-0.395848939893179,-1.503306448360084,0,1,0,1,0,0,0,0,0,0,1,0
1,1,0,0,-1.1189648177386107,1,0,0,0,0,0,1,1,1,0.8187164402502843,-0.7966098084711617,1.0144577991459476,1,0,0,0,0,1,0,0,0,0,0,1
0,1,0,0,-0.8742327987951762,1,0,0,0,0,0,1,1,0,0.825371248059262,-0.546106798174583,1.004695868269577,1,0,0,0,0,0,0,0,0,0,0,1
1,0,1,1,1.450721381167451,1,1,0,1,1,1,0,1,1,0.36286210533532026,1.3200307587935707,0.4282425957967302,0,0,1,0,0,0,0,0,0,0,1,1
0,0,1,1,-0.4255574307322131,1,0,0,1,0,0,0,1,0,0.6124173981719794,-0.1953146879662861,0.6288314001130102,1,0,0,0,0,1,0,1,0,0,0,1
0,0,1,1,0.5941593148654305,1,0,0,0,0,0,0,0,1,-1.4505730226110691,-0.5486997240706353,-1.417330980720014,0,1,0,1,0,0,0,0,1,0,0,0
1,0,0,0,0.9204686734566764,1,0,1,0,1,1,0,0,1,-0.18948694280981837,0.3891703621107927,-0.23823294173946888,0,0,0,1,0,1,0,0,0,1,0,0
1,0,0,0,-0.5479234402039304,0,0,0,0,1,0,1,0,1,-0.8399944061373766,-0.684257010958319,-0.8727552771860768,0,0,0,0,0,1,0,1,0,0,0,1
0,0,0,1,0.10469527697856156,1,0,0,0,0,0,0,0,1,-1.4905018694649346,-0.7233047170370049,-1.5416702280536394,0,1,1,0,1,0,0,0,1,0,0,0
0,0,0,0,-1.2005421573864221,1,0,0,0,0,0,0,0,0,-1.4805196577514683,-0.9787958135912437,-1.4543164418384946,0,1,0,0,0,0,1,0,0,0,0,0
0,0,0,1,0.10469527697856156,1,0,1,1,0,0,0,0,0,-0.3092734833714148,-0.12036155041175714,-0.24253714406591104,0,0,1,0,1,0,0,0,1,0,0,0
1,0,1,1,-1.1597534875625164,1,0,0,0,0,0,0,0,0,-0.6536597874860044,-0.9382758529783586,-0.8647967504502442,0,0,0,0,0,0,1,0,0,0,0,0
1,0,0,0,-0.9965988082668935,0,0,1,0,0,0,0,0,1,-1.146115565350345,-0.9070288985361011,-1.2138272072278977,0,0,0,0,0,1,0,0,0,0,0,1
1,0,0,0,1.002046013104488,1,0,0,1,0,1,0,0,1,-0.3408838204640584,0.37108580268324143,-0.3293078241343053,0,0,1,0,0,0,1,0,0,1,0,0
0,1,0,0,-0.18082541178877864,1,1,0,1,1,0,1,1,1,1.3727291903476677,0.3789085282679417,1.5795113284601188,1,0,0,0,0,1,0,0,1,0,0,1
0,0,0,0,-0.18082541178877864,0,0,0,0,1,1,0,0,1,-0.9697631584124393,-0.5840338328914157,-1.0139965438434557,0,0,0,0,0,0,1,0,1,0,0,0
1,1,0,0,-0.46634610055611886,1,0,0,0,0,0,0,0,0,-1.4771922538469795,-0.8177707206567412,-1.4740440358346878,0,1,1,0,0,0,0,1,0,0,0,0
1,0,1,0,0.9204686734566764,1,0,1,1,1,0,0,0,0,-0.20945136623675115,0.34203624306814695,-0.3028605396709989,0,0,0,1,0,1,0,0,0,1,0,0
0,1,1,0,-0.26240275143659014,1,0,0,0,1,0,1,0,1,0.6922750918797105,-0.09814588870913951,0.48285437821172233,1,0,0,0,1,0,0,0,1,0,0,0
0,0,1,1,-0.30319142126049586,1,0,0,1,1,0,1,0,1,0.8070705265845737,-0.014315276052872136,0.8411232672577933,1,0,0,0,0,0,0,0,1,0,0,1
0,1,0,0,-1.1597534875625164,1,0,0,1,1,0,1,1,1,1.1614390424126293,-0.8119256504164877,1.517310224590121,1,0,0,0,1,0,0,0,0,0,0,1
1,0,0,0,1.2059893622240165,1,1,0,0,1,0,1,1,1,1.0599532233257214,1.6854355446025013,1.122394975112321,1,0,1,0,0,1,0,0,0,0,1,1
0,0,1,0,1.613876060463074,1,1,0,0,0,0,0,0,0,-1.3424323957151836,-0.2371530854754691,-1.3460974370400423,0,1,0,1,0,1,0,0,0,0,1,0
1,0,0,1,0.349427295921996,1,0,1,1,1,0,1,0,0,0.1765274866839483,0.26554492913460404,0.18784697527098673,0,0,1,0,0,0,1,0,1,0,0,0
0,0,0,0,1.613876060463074,1,0,0,0,0,0,0,0,0,-1.4855107636082014,-0.31792931932197993,-1.4307025118250507,0,1,0,1,1,0,0,0,0,0,1,0
1,0,1,0,1.4099327113435454,1,1,0,0,0,0,0,0,0,-1.332450184001717,-0.3106339684957989,-1.3686657064244538,0,1,0,1,1,0,0,0,0,0,1,0
0,0,1,1,0.2270612864502788,1,0,1,1,0,0,0,0,0,-0.34587492632079153,-0.09416860407197444,-0.34130012469514903,0,0,0,0,0,1,0,0,1,0,0,0
0,0,1,1,-0.26240275143659014,1,0,0,0,0,0,0,0,1,-1.4855107636082014,-0.789468275282882,-1.5223220108650648,0,1,0,0,1,0,0,0,1,0,0,0
0,0,0,0,1.4099327113435454,1,1,1,1,1,0,1,0,1,1.2662522654040265,2.019813115451891,1.2544035238198643,1,0,0,0,1,0,0,0,0,0,1,1
1,0,1,0,-1.2821194970342338,1,0,0,0,0,0,1,0,1,0.5209137907985377,-0.9711488795927165,0.5176538540210076,1,0,0,0,0,1,0,0,0,0,0,1
0,0,0,0,-1.078176147914705,1,0,0,1,0,0,0,1,1,0.7005936016409324,-0.7803930346466991,0.6905464878036475,1,0,0,0,0,0,1,0,0,0,0,0
0,1,1,0,1.613876060463074,1,1,0,0,0,0,0,0,1,-1.3041672508135624,-0.1551023626292037,-1.260157461727958,0,1,0,1,1,0,0,0,0,0,1,0
0,0,0,0,-1.2005421573864221,1,1,0,0,0,0,1,1,1,1.054962117468988,-0.8782650002485377,1.0727883490738925,1,0,0,0,0,1,0,0,0,0,0,1
0,0,1,1,1.613876060463074,1,1,1,0,0,0,0,0,0,0.47100273223120587,1.5119731969462564,0.4859384587397938,1,0,0,1,0,0,0,0,0,0,1,0
1,1,1,0,1.4915100509913568,1,1,1,0,1,1,1,1,1,1.5191349621451742,2.3379299645802742,1.503350807534119,1,0,1,0,0,0,1,0,0,0,1,0
1,0,0,0,-0.9965988082668935,0,0,0,0,0,0,0,0,1,-1.319140568383762,-0.9246739789982197,-1.380160416006803,0,0,0,0,1,0,0,0,0,0,0,0
1,0,1,1,-0.9965988082668935,1,1,1,1,0,1,0,1,1,0.3745080190010313,-0.7227333943819426,0.5234537666558884,0,0,0,1,1,0,0,0,0,0,0,0
0,0,1,0,0.4310046355698075,1,1,1,1,0,0,0,1,1,0.9717770198567683,0.7985230444629828,1.0137487068370985,1,0,0,0,0,1,0,0,1,0,0,0
0,0,1,0,1.0428346829283937,1,1,0,0,1,1,1,1,1,1.2379693322158714,1.5799605928986786,1.2110719803685897,1,0,0,0,1,0,0,0,0,1,0,1
0,1,1,0,0.9204686734566764,1,1,0,0,0,0,0,0,0,-0.440705937598722,0.24093410707037874,-0.4414859839987231,0,0,0,0,0,0,0,0,0,1,0,0
0,0,0,0,-0.6295007798517418,1,0,0,0,0,0,0,0,0,-1.5038114850828896,-0.8569722443733286,-1.4884335749848525,0,1,0,0,1,0,0,1,0,0,0,0
0,1,1,0,1.613876060463074,1,1,1,1,1,0,1,1,1,1.5806919343782169,2.52987240273296,1.5520866848730772,1,0,0,1,0,1,0,0,0,0,1,0
1,0,1,1,0.2270612864502788,1,0,1,1,1,1,1,0,0,0.30463253700676646,0.2250029945734472,0.2921113867457901,0,0,1,0,0,1,0,0,1,0,0,0
1,0,1,1,-0.5071347703800245,1,0,0,0,1,0,0,0,1,-0.5089177176407421,-0.5935265785447599,-0.5946036775595789,0,0,0,0,0,1,0,1,0,0,0,0
1,0,0,0,1.2467780320479223,1,1,0,1,0,1,1,1,0,1.3477736610640019,1.9437612804837805,1.379644497820017,1,0,0,0,0,1,0,0,0,0,1,0
0,0,0,0,-1.1189648177386107,0,0,0,1,0,0,1,1,1,-0.4639977649301434,-0.9057324355880748,-0.6313916948436803,0,0,0,0,1,0,0,0,0,0,0,0
1,0,1,0,1.613876060463074,1,1,1,1,1,1,1,1,1,0.7388587465425532,1.7314489922832943,0.7158175357127714,0,0,0,1,0,0,0,0,0,0,1,0
0,0,0,0,0.2270612864502788,1,1,1,1,1,0,1,1,0,0.6390366294078895,0.3943562139028974,0.628201061009151,0,0,1,0,0,0,0,0,1,0,0,0
0,1,0,0,0.9612573432805821,1,1,0,1,1,0,1,1,1,1.3261455356848244,1.415265850602814,1.1093928997338296,1,0,1,0,0,0,0,0,0,1,0,1
1,0,1,0,-0.3439800910844016,1,0,1,0,0,1,0,0,0,-0.37582156146119056,-0.4284802530765491,-0.3355547225173631,0,0,0,0,0,0,1,1,0,0,0,0
1,0,0,1,-0.8334441289712705,1,1,0,0,0,0,0,0,1,0.2946503252933002,-0.6235869397803493,0.2547244812397405,1,0,0,0,1,0,0,0,0,0,0,1
0,0,0,0,-1.0373874780907992,1,1,0,1,0,0,0,0,1,0.4543657127087619,-0.7767233852853368,0.3240077913543727,1,0,0,0,0,0,0,0,0,0,0,0
0,0,1,0,-0.7926554591473648,1,1,1,1,0,1,1,0,1,0.37617172095327556,-0.5752222796344922,0.35015747594994195,0,0,0,0,0,1,0,1,0,0,0,0
1,0,0,0,-0.5071347703800245,1,0,0,0,0,0,0,0,1,-1.5071388889873785,-0.8500284767194936,-1.561780537373359,0,1,0,0,1,0,0,1,0,0,0,0
1,0,0,0,-0.8742327987951762,1,1,0,0,1,0,0,0,0,-0.37083045560445743,-0.7393456992752947,-0.32009456578607337,0,0,0,0,0,1,0,0,0,0,0,1
0,0,0,1,-0.7110781194995532,1,0,0,1,0,0,0,1,1,0.6989298996886881,-0.4486083896933619,0.6530956233612739,1,0,0,0,0,0,0,1,0,0,0,1
1,0,0,0,0.2678499562741845,1,1,0,1,0,0,0,0,0,0.5491967239866926,0.40582661490068805,0.5790946867685373,1,0,1,0,1,0,0,0,1,0,0,0
1,0,1,1,-1.1189648177386107,1,1,1,1,0,1,0,0,0,-0.01646193977640131,-0.8672780261127229,-0.05140043135559168,0,0,0,0,1,0,0,0,0,0,0,0
1,0,1,1,-0.9965988082668935,1,0,0,0,0,0,0,0,0,-1.4888381675126903,-0.9338151414792176,-1.4663305465821763,0,1,0,1,0,0,1,0,0,0,0,0
0,0,0,0,-0.38476876090830736,1,0,0,1,0,1,0,0,1,0.47266643418345017,-0.22262830566792186,0.41837087748851237,1,0,0,0,0,0,1,1,0,0,0,0
0,0,0,0,0.5533706450415247,1,0,0,0,1,0,0,0,1,0.32958806629043236,0.5528543027861625,0.40453754548979054,1,0,0,0,1,0,0,0,1,0,0,0
0,0,1,1,1.5730873906391682,1,0,1,0,1,1,1,1,1,0.5691611474136252,1.6302589604924393,0.6487295456004487,0,0,0,1,1,0,0,0,0,0,1,0
1,0,0,0,-0.09924807214096716,1,0,1,1,1,0,0,0,1,0.6456914372168673,0.06516449484561251,0.5420687243506965,1,0,0,0,1,0,0,0,1,0,0,0
0,0,0,0,1.3283553716957337,1,1,0,1,0,1,1,1,1,1.3361277473982907,1.9574071023604622,1.2868114988313655,1,0,1,0,0,0,0,0,0,0,1,0
0,0,1,1,-1.1597534875625164,1,0,0,1,0,1,0,0,0,-0.2793268482310158,-0.9032274054851092,-0.20402098954774295,0,0,0,0,0,0,1,0,0,0,0,1
0,0,1,1,-1.2005421573864221,1,0,0,0,0,0,0,0,1,0.154899361304771,-0.9185652213787068,0.0597369421813642,1,0,0,0,0,1,0,0,0,0,0,0
0,0,0,0,0.023117937330750068,1,1,0,0,0,0,0,0,0,-1.3041672508135624,-0.6434953369144459,-1.3222993828159677,0,1,0,1,1,0,0,0,1,0,0,0
0,0,1,0,0.3902159657459017,0,0,0,1,0,1,0,0,0,-1.0429660443111928,-0.3713699615185834,-1.011471411811943,0,0,1,0,0,0,1,0,1,0,0,1
1,0,1,1,1.124412022576205,1,0,0,1,1,0,1,0,0,0.8669637968653718,1.390105679831798,0.8603458348476842,1,0,1,0,0,1,0,0,0,1,0,1
0,0,0,0,1.1652006924001108,1,1,0,0,1,1,1,1,1,1.3877025079178669,1.8185976711285772,1.3406981308312478,1,0,0,1,0,1,0,0,0,0,1,1
1,1,1,0,-1.2005421573864221,1,1,0,1,1,0,1,1,1,1.3644106805864458,-0.8594772744762943,1.545066949342765,1,0,0,0,0,1,0,0,0,0,0,1
0,0,1,0,-1.2413308272103278,1,1,0,0,1,1,1,1,1,1.3144996220191139,-0.8998434174512782,1.8715191747917752,1,0,0,0,0,1,0,0,0,0,0,1
0,0,0,0,-0.38476876090830736,1,1,0,1,0,0,1,1,1,1.124837599463253,-0.018116769103864117,1.0889272364057352,1,0,0,0,1,0,0,1,0,0,0,0
0,0,1,1,-1.078176147914705,1,0,0,0,0,0,0,0,0,-0.6453412777247824,-0.8812095093169361,-0.5765963297598534,0,0,0,0,0,0,1,0,0,0,0,0
1,0,0,0,-1.2821194970342338,1,1,1,0,0,0,0,0,1,0.559178935700159,-0.9706434787824691,0.5557675656216536,1,0,0,0,0,1,0,0,0,0,0,1
1,0,1,0,-1.0373874780907992,1,0,0,0,0,0,0,0,1,0.14824455349579332,-0.8082999489516688,-0.01617483951598817,1,0,0,0,0,1,0,0,0,0,0,1
1,0,0,0,0.9204686734566764,1,1,0,0,0,0,1,1,1,1.0616169252779657,1.3156359691392447,1.0320835076727284,1,0,0,0,0,1,0,0,0,1,0,1
1,0,0,1,-0.9558101384429878,1,0,0,0,0,0,0,0,0,-1.4905018694649346,-0.922938037084761,-1.4513704544683963,0,1,1,0,0,0,1,0,0,0,0,0
0,0,1,1,0.8388913338088649,1,1,1,1,1,1,0,1,1,1.3028537083534029,1.439766802925681,1.3288599635195768,1,0,0,1,0,0,0,0,0,1,0,0
1,0,0,0,-1.2821194970342338,1,0,0,0,0,0,0,0,1,-0.6902612304353811,-0.9871459139344629,-0.6887279740342173,0,0,0,0,0,0,1,0,0,0,0,1
0,0,1,1,1.3283553716957337,1,1,0,1,0,1,1,1,1,0.4826486458969169,1.2224444545192632,0.4341096179572507,0,0,0,1,0,0,0,0,0,0,1,0
1,0,1,1,1.613876060463074,0,0,1,0,1,1,1,0,0,-0.5322095449721637,0.5434934008224482,-0.5284478486798103,0,0,0,1,0,0,1,0,0,0,1,0
1,0,0,1,-1.2821194970342338,1,0,0,0,1,0,0,0,0,-0.5305458430199191,-0.9850364149003866,-0.5296446560489128,0,0,0,0,0,1,0,0,0,0,0,1
1,1,1,1,-0.4255574307322131,0,0,1,0,0,0,0,1,0,-0.8266847905194215,-0.6197195248845425,-0.8259674652128274,0,0,0,0,0,0,1,1,0,0,0,1
1,0,0,0,-0.26240275143659014,1,0,0,0,0,1,1,0,0,-0.18116843304859642,-0.34425410935139233,-0.23098102300438708,0,0,1,0,1,0,0,0,1,0,0,0
1,0,0,0,-1.2413308272103278,1,0,1,0,0,0,0,0,1,-0.5688109879215404,-0.9659190799040688,-0.6199575813634866,0,0,0,0,0,1,0,0,0,0,0,1
1,1,0,0,-0.9558101384429878,1,0,0,0,0,0,0,1,1,0.4876397517536498,-0.6907612996467214,0.4940859550602218,1,0,0,0,0,1,0,0,0,0,0,0
0,0,0,0,-0.38476876090830736,1,1,0,0,0,0,0,0,0,-1.3341138859539616,-0.7361155288793652,-1.2652609045226255,0,1,1,0,1,0,0,1,0,0,0,0
1,0,1,1,1.4915100509913568,1,0,0,0,0,0,0,0,1,-1.4755285518947352,-0.38991597385983895,-1.4780204326071382,0,1,1,0,1,0,0,0,0,0,1,0
0,0,1,1,0.512581975217619,1,1,1,1,0,0,1,1,1,1.33945515130278,1.0725821273067484,1.3323298363795462,1,0,0,0,0,1,0,0,1,0,0,0
1,0,1,0,1.5730873906391682,1,1,0,0,1,0,1,1,1,1.1231738975110086,2.0534772042040275,1.098251949414557,1,0,1,0,1,0,0,0,0,0,1,0
0,0,0,0,0.5533706450415247,1,0,1,1,1,0,1,0,1,1.023351780376345,1.0432688803123944,1.2085279193113532,1,0,1,0,1,0,0,0,1,0,0,0
1,0,1,1,0.4310046355698075,1,1,0,0,0,0,0,0,0,-1.3524146074286498,-0.532812559470247,-1.3211304081763793,0,1,0,1,0,0,1,0,1,0,0,0
0,0,0,0,1.2059893622240165,1,0,0,0,0,0,0,0,1,-1.5204485046053335,-0.5127283707499773,-1.551311294151779,0,1,0,1,1,0,0,0,0,0,1,0
1,0,1,0,-1.2821194970342338,1,0,0,0,0,0,0,0,0,-0.6719605089606927,-0.9869042005034752,-0.6704996771817343,0,0,0,0,1,0,0,0,0,0,0,1
1,0,1,1,1.4099327113435454,1,1,1,1,0,1,0,0,0,0.8203801422025286,1.6472667964546808,0.8350784969039984,1,0,1,0,0,1,0,0,0,0,1,0
0,0,1,1,-0.6702894496756475,1,1,1,0,1,1,1,1,1,1.5989926558529053,-0.17920778388318157,1.747546042221196,1,0,0,0,0,1,0,1,0,0,0,0
0,0,0,0,-0.1400367419648729,1,1,0,0,0,0,0,0,0,-1.3224679722882509,-0.6980346765246308,-1.3496894464250273,0,1,0,0,0,1,0,0,1,0,0,0
1,0,0,0,1.2467780320479223,1,0,1,1,1,1,1,1,0,1.4742150094345756,2.09166792630012,1.5566930780711883,1,0,0,1,1,0,0,0,0,0,1,0
1,0,0,0,-1.2821194970342338,1,0,0,0,0,0,1,0,1,0.47100273223120587,-0.9718080980408654,0.46794031715059997,1,0,0,0,0,1,0,0,0,0,0,1
0,0,0,0,-0.7926554591473648,1,0,1,0,0,1,0,0,0,-0.32424680094161445,-0.6800599868384376,-0.25800479176471125,0,0,1,0,0,0,1,1,0,0,0,0
0,0,1,1,0.9612573432805821,1,1,0,0,0,0,0,0,1,-1.3291227800972283,-0.3609982579343742,-1.2826271912896223,0,1,0,1,1,0,0,0,0,1,0,0
0,0,1,1,-0.5887121100278361,1,1,0,0,0,0,0,0,0,-1.3241316742404952,-0.818254147518717,-1.363082895470765,0,1,0,1,0,0,1,1,0,0,0,0
0,0,0,0,0.4310046355698075,1,1,0,0,0,0,0,0,1,-1.3041672508135624,-0.48436000353130343,-1.236154943990915,0,1,0,1,1,0,0,0,1,0,0,0
0,1,0,0,-0.5887121100278361,1,0,0,0,1,0,0,1,1,0.6673195625960445,-0.37209510181154715,0.5061460908565616,1,0,0,0,0,1,0,1,0,0,0,0
1,0,0,0,-1.1597534875625164,1,0,0,0,0,0,0,0,1,0.1765274866839483,-0.9019748904336263,-0.1804070595342994,1,0,0,0,0,1,0,0,0,0,0,1
0,0,1,1,-1.1189648177386107,0,0,0,0,0,0,0,0,0,-1.3257953761927397,-0.9513943000965215,-1.320089892288394,0,0,0,0,0,0,1,0,0,0,0,0
1,0,0,0,-0.7110781194995532,1,1,0,0,0,0,0,0,1,0.3695169131442979,-0.5095641221988627,0.3466392871868055,1,0,0,0,0,0,1,1,0,0,0,1
1,0,0,0,-1.2821194970342338,1,0,0,0,0,0,0,0,0,-1.5021477831306453,-0.9978692006910183,-1.497401507126181,0,1,0,0,0,0,0,0,0,0,0,0
1,0,0,0,-0.30319142126049586,1,0,0,0,0,0,0,0,0,0.2014830159676142,-0.22983576070101644,0.1910027744245161,1,0,0,0,0,0,1,0,1,0,0,1
1,1,1,1,1.5730873906391682,1,1,0,1,1,1,0,1,1,0.26636739210514565,1.2522191544273213,0.247193541695053,0,0,1,0,0,0,0,0,0,0,1,0
1,0,1,0,1.5730873906391682,1,1,1,1,1,1,1,1,1,1.7038058788443018,2.6457630059175345,1.7273499178675924,1,0,0,1,0,0,0,0,0,0,1,0
1,0,1,1,-0.7110781194995532,1,0,0,0,0,0,0,0,1,-1.5104662928918673,-0.9011838282958475,-1.6222377219340935,0,1,1,0,0,0,1,1,0,0,0,0
0,0,0,0,-0.9558101384429878,1,1,0,0,0,0,1,1,1,0.9934051452359457,-0.6154565789198463,1.1250796248931363,1,0,0,0,0,1,0,0,0,0,0,1
1,0,1,0,0.7573139941610534,1,0,1,1,1,1,1,1,1,0.6307181196466676,0.8863309417564152,0.6470065274073428,0,0,0,1,1,0,0,0,0,1,0,0
1,0,1,1,0.2270612864502788,1,1,0,0,0,0,0,0,0,-1.3257953761927397,-0.5829131615295627,-1.3112373940562072,0,1,0,1,1,0,0,0,1,0,0,0
0,1,1,0,1.613876060463074,1,1,1,1,1,1,1,1,1,0.8303623539159949,1.9367955388816738,0.9308976292562714,0,0,0,1,0,0,0,0,0,0,1,0
0,0,1,0,1.002046013104488,0,0,1,0,1,1,0,1,1,-0.4989355059272758,0.21625736316133853,-0.5341508538354117,0,0,0,0,0,0,0,0,0,1,0,0
0,0,0,1,1.3691440415196396,1,1,1,0,1,1,0,0,1,0.8669637968653718,1.5995833287052441,0.825852674770631,1,0,0,1,1,0,0,0,0,0,1,0
1,0,0,1,-1.2005421573864221,1,0,0,0,0,0,0,0,1,-1.492165571417179,-0.9733902223164229,-1.3184327743927136,0,1,0,0,0,0,1,0,0,0,0,0
0,1,0,0,-0.7518667893234591,0,0,0,0,0,0,1,1,1,-0.6170583445366277,-0.7109114102118058,-0.5594727781711573,0,0,0,0,0,1,0,1,0,0,0,0
0,0,0,0,0.9204686734566764,1,0,0,0,0,0,0,0,0,-0.660314595294982,0.07571199001599478,-0.6680290650463566,0,0,1,0,0,0,0,0,0,1,0,0
1,0,0,0,0.4717933053937132,1,1,0,0,1,0,0,1,1,0.8486630753906835,0.7790541262943188,0.9084323832386967,1,0,0,0,0,0,1,0,1,0,0,0
1,0,1,1,-0.8334441289712705,0,0,0,1,0,1,0,0,0,-0.9780816681736613,-0.8165841274500731,-0.9581477252402317,0,0,0,0,0,0,1,0,0,0,0,0
1,0,0,0,-1.2005421573864221,1,0,0,0,0,0,1,0,0,0.4776575400401835,-0.8889443391085499,0.8043352499736917,1,0,0,0,0,1,0,0,0,0,0,1
0,0,1,0,1.613876060463074,1,1,0,0,0,0,0,0,1,-1.2941850391000962,-0.22603426765002446,-1.3344515807176227,0,1,0,1,0,0,1,0,0,0,1,0
1,0,1,0,1.4915100509913568,1,1,0,0,1,0,1,1,0,1.151456830699163,2.000124457800511,1.134149743616835,1,0,1,0,0,0,0,0,0,0,1,0
1,1,0,0,-0.9558101384429878,1,1,1,0,0,0,0,0,0,-0.34421122436854723,-0.7894243273863388,-0.3326317506735937,0,0,0,0,0,1,0,0,0,0,0,1
0,0,1,1,-0.8742327987951762,1,1,0,0,0,0,0,0,0,-1.327459078144984,-0.8743975853527309,-1.245971528227059,0,1,0,1,0,0,1,0,0,0,0,0
1,1,0,0,0.9204686734566764,0,0,0,0,1,0,1,1,1,-0.4939444000705427,0.19913965745773887,-0.49879213377297515,0,0,1,0,0,0,0,0,0,1,0,0
0,1,1,0,0.8796800036327707,1,1,1,1,1,1,1,1,1,1.687168859321858,1.8197622903869741,1.795076940011414,1,0,1,0,0,0,0,0,0,1,0,0
1,0,1,1,0.9204686734566764,1,1,0,0,1,0,1,0,1,0.8486630753906835,1.2344202563273012,0.9207251850830154,1,0,0,0,1,0,0,0,0,1,0,0
1,0,0,0,0.6757366545132419,1,0,0,0,0,0,0,0,1,-1.4971566772739122,-0.5571377202069411,-1.4603023575024823,0,1,0,1,1,0,0,0,0,1,0,0
0,0,1,1,0.8388913338088649,1,0,0,0,0,0,0,0,0,-1.4638826382290244,-0.5028840419242873,-1.4353064856012567,0,1,0,1,0,0,1,0,0,1,0,0
1,1,0,0,-0.09924807214096716,1,0,1,1,0,0,1,1,1,0.32792436433818806,-0.0786769705404755,0.18048559951326576,0,0,0,0,0,1,0,0,1,0,0,0
0,1,1,0,0.8796800036327707,1,0,0,0,1,1,1,1,1,1.1381472150812078,1.3829421726952469,1.185042742822011,1,0,1,0,0,1,0,0,0,1,0,0
0,0,1,1,-1.2821194970342338,1,0,0,1,0,0,0,0,1,0.32626066238594376,-0.9737198315404973,0.32377106022641805,1,0,0,0,0,1,0,0,0,0,0,1
0,0,0,1,0.7573139941610534,0,0,1,0,1,1,1,1,0,-0.15787660571717504,0.3457278663777808,-0.15237414846570824,0,0,1,0,0,0,0,0,0,1,0,0
1,1,1,0,-0.46634610055611886,1,0,0,0,0,0,0,0,1,0.13992604373457135,-0.3584273059865935,0.1754984637510278,1,0,0,0,0,1,0,1,0,0,0,1
1,0,0,0,0.7981026639849592,1,1,1,0,0,1,1,1,1,0.49429455956262747,0.8470854701432845,0.5362645626955704,0,0,0,1,1,0,0,0,0,1,0,0
1,1,1,0,-0.5887121100278361,1,0,0,0,0,0,0,1,0,0.4543657127087619,-0.38132416008563164,0.4674800066240222,1,0,0,0,0,1,0,1,0,0,0,1
1,0,1,1,1.3691440415196396,1,0,1,1,1,0,1,1,1,1.2729070732130041,2.0835595393878887,1.3788530028366546,1,0,1,0,0,0,0,0,0,0,1,0
1,0,0,0,0.349427295921996,1,1,0,0,0,0,0,0,1,-1.319140568383762,-0.5686300951530033,-1.3464825260903257,0,1,0,0,0,0,0,0,1,0,0,0
0,0,1,1,-0.915021468619082,1,0,0,1,0,1,0,1,1,0.02013950317297517,-0.7354343364829445,-0.10741101622958418,0,0,0,0,0,1,0,0,0,0,0,0
1,0,1,1,0.18627261662637304,0,0,1,1,1,0,0,0,0,-0.8216936846626881,-0.3698317851395694,-0.854215828751475,0,0,0,0,0,0,0,0,1,0,0,1
0,0,1,1,0.9204686734566764,1,1,1,1,0,0,0,0,1,0.6723106684527774,1.0154718357487829,0.6205156812183239,1,0,0,0,0,1,0,0,0,1,0,0
1,0,1,1,1.2467780320479223,1,1,0,1,1,0,1,1,1,1.3278092376370687,1.892803694441871,1.3186467771837866,1,0,0,1,0,0,0,0,0,0,1,0
0,0,1,0,1.5730873906391682,1,1,0,0,0,0,0,0,1,-1.2958487410523405,-0.21465176244532022,-1.310847375574459,0,1,0,1,1,0,0,0,0,0,1,0
0,0,1,1,0.4310046355698075,0,0,1,1,0,1,1,0,1,-0.45401555321667714,-0.06096596823354206,-0.4936119762242376,0,0,1,0,0,0,0,0,1,0,0,0
0,0,0,0,-0.26240275143659014,0,0,0,0,1,0,1,1,1,-0.48396218835707616,-0.44511453191817274,-0.5235260668956317,0,0,0,0,1,0,0,0,1,0,0,0
0,1,1,1,1.613876060463074,1,1,1,1,1,1,1,1,0,0.9168748554327036,1.8238054968689537,0.8125517928731063,0,0,0,1,1,0,0,0,0,0,1,1
0,0,1,1,-0.38476876090830736,1,1,1,1,1,1,1,1,1,0.8719549027221047,-0.04044230054783979,1.0157258545791643,0,0,0,1,1,0,0,1,0,0,0,0
1,0,1,0,1.2059893622240165,0,0,1,1,0,1,0,0,1,-0.8749321471345087,0.02427097711210973,-0.8981395661738104,0,0,0,1,1,0,0,0,0,0,1,0
1,1,0,0,1.4915100509913568,1,0,0,0,0,0,0,0,0,-1.4838470616559571,-0.41048358944208435,-1.5004995971050616,0,1,0,1,1,0,0,0,0,0,1,0
1,1,0,0,-1.2413308272103278,1,0,0,0,0,0,0,0,0,-1.5204485046053335,-0.9902002927442196,-1.5355152187268268,0,1,0,0,0,1,0,0,0,0,0,0
0,0,1,1,0.2270612864502788,1,0,0,0,0,0,0,0,1,-1.4954929753216677,-0.6741270208050977,-1.492255719976437,0,1,0,1,0,0,1,0,1,0,0,0
1,1,1,0,-0.017670732493155674,1,1,0,0,1,1,1,1,1,1.3311366415415578,0.46638681633729967,1.3192328511220908,1,0,0,0,0,1,0,0,1,0,0,1
0,1,1,0,1.5322987208152625,1,1,1,0,0,0,0,1,1,0.8636363929608828,1.8369239439871166,0.9113850660346362,1,0,0,0,0,1,0,0,0,0,1,0
0,0,1,1,-0.9965988082668935,1,0,0,0,1,0,1,1,1,0.9751044237612574,-0.6649419104275565,1.0682312748607719,1,0,0,0,0,1,0,0,0,0,0,1
0,0,1,1,1.613876060463074,1,1,1,1,1,1,1,1,1,1.6039837617096382,2.6184933361124423,1.6449083025575004,1,0,0,1,0,0,0,0,0,0,1,0
0,0,1,1,0.3902159657459017,1,0,0,0,1,0,1,1,1,0.9068926437192374,0.6966078723791642,0.9061296349940501,1,0,0,0,0,1,0,0,1,0,0,0
0,0,1,0,-1.2821194970342338,1,0,1,1,0,0,0,0,1,-0.3774852634134351,-0.9830148116593965,-0.37718980964632953,0,0,0,0,0,0,1,0,0,0,0,0
1,0,0,1,-0.9558101384429878,1,0,0,0,0,0,0,0,0,-1.4805196577514683,-0.9256408327221715,-1.4740177323760264,0,1,0,0,0,0,1,0,0,0,0,0
0,0,0,0,0.6757366545132419,1,0,0,0,1,1,1,1,0,1.1897219756007844,1.1546987719978288,1.174278365501167,1,0,0,1,1,0,0,0,0,1,0,0
1,0,0,0,0.7981026639849592,1,1,1,1,1,1,1,1,1,0.8103979304890623,1.0380830285202898,0.8132581924888928,0,0,0,1,0,0,1,0,0,1,0,0
0,1,0,0,-0.30319142126049586,1,1,0,1,0,0,0,1,1,0.825371248059262,-0.04516669942624018,0.7480595262363905,1,0,0,0,0,1,0,0,1,0,0,1
0,0,1,0,1.5322987208152625,1,0,0,0,0,0,0,0,0,-1.5121299948441116,-0.4336880788169253,-1.5348050253429641,0,1,0,1,0,0,0,0,0,0,1,0
1,0,1,1,0.3902159657459017,1,0,1,1,0,0,0,0,0,-0.34587492632079153,0.0047581110469025,-0.33611695894625443,0,0,0,0,0,0,1,0,1,0,0,0
0,0,0,0,-0.8742327987951762,1,0,0,0,1,1,0,0,0,-0.36916675365221313,-0.7202063903307052,-0.18888095786448256,0,0,1,0,0,0,0,0,0,0,0,0
0,0,1,0,1.450721381167451,1,1,0,0,0,0,0,0,1,-1.3291227800972283,-0.29683432898121537,-1.3648808142333984,0,1,0,1,1,0,0,0,0,0,1,0
1,0,0,0,1.002046013104488,1,0,0,0,0,0,0,0,0,-1.5337581202232888,-0.5256051044371525,-1.5156588762224477,0,1,0,1,1,0,0,0,0,1,0,0
0,0,0,0,0.2678499562741845,0,0,0,1,1,1,0,0,0,-0.791747049522289,-0.30467902851418727,-0.7947835193577536,0,0,0,0,0,0,0,0,1,0,0,0
1,0,1,0,1.5322987208152625,1,1,1,1,1,1,1,0,0,0.4826486458969169,1.4232863417219588,0.46576239077341997,0,0,1,0,0,0,0,0,0,0,1,0
0,1,0,0,-1.2413308272103278,1,0,0,0,0,0,0,0,1,-0.685270124578648,-0.9673034386451813,-0.6721567950774147,0,0,0,0,0,1,0,0,0,0,0,0
1,0,1,1,0.10469527697856156,1,0,0,0,0,0,0,0,0,-1.492165571417179,-0.6783679928215222,-1.4448471967203216,0,1,1,0,0,0,0,0,1,0,0,0
1,0,0,0,0.7573139941610534,1,1,1,1,0,0,1,0,1,0.99506884718819,1.1194745329184066,0.9917520347243526,1,0,1,0,0,1,0,0,0,1,0,1
0,0,1,1,1.613876060463074,1,1,1,1,1,1,1,0,0,0.5092678771328271,1.5047217940166187,0.47834333505125914,0,0,0,1,0,0,0,0,0,0,1,0
1,0,1,1,1.613876060463074,1,1,1,1,1,1,0,0,0,0.16488157301823725,1.235826589016686,0.19670233936460305,0,0,0,1,0,0,0,0,0,0,1,0
0,1,0,0,0.8388913338088649,1,0,0,1,0,0,0,0,1,0.2963140272455445,0.7530589454889808,0.3517544662006409,1,0,0,0,1,0,0,0,0,1,0,0
0,0,0,0,1.124412022576205,1,0,1,0,1,1,1,1,1,1.332800343493802,1.7343715274034208,1.2930469360413934,1,0,0,0,0,0,0,0,0,1,0,0
0,0,1,0,-0.38476876090830736,1,0,0,0,1,1,0,0,0,-0.3541934360820135,-0.4697033800341264,-0.39174362768665166,0,0,0,0,0,1,0,1,0,0,0,0
0,0,0,0,1.3283553716957337,0,0,1,0,1,1,1,1,0,-0.16453141352615247,0.7166920610994336,-0.15266308184239105,0,0,0,1,1,0,0,0,0,0,1,0
1,0,1,0,1.613876060463074,1,1,1,1,1,1,1,1,1,1.6938236671308355,2.6960174256147518,1.7261070794458324,1,0,0,1,0,0,0,0,0,0,1,0
0,0,0,0,1.0428346829283937,1,0,0,0,0,1,1,1,1,1.011705866710634,1.5502078669388921,1.1723868488039162,1,0,0,0,0,1,0,0,0,1,0,0
1,0,0,1,-1.2821194970342338,1,0,0,0,0,0,0,0,0,-1.5187848026530892,-0.9980889401737346,-1.5139726860829836,0,1,0,0,0,0,1,0,0,0,0,1
0,0,1,1,1.2467780320479223,1,0,0,0,0,0,0,0,0,-1.4938292733694234,-0.4751089713089473,-1.515813928189295,0,1,0,1,1,0,0,0,0,0,1,0
0,0,0,0,0.7573139941610534,1,0,0,0,0,0,0,0,0,-1.4722011479902464,-0.5579507562929914,-1.4886285300314033,0,1,0,1,0,0,0,0,0,1,0,0
1,0,1,1,-0.1400367419648729,1,0,0,0,1,1,1,1,0,0.35454359557409826,-0.10368332367359016,0.1958872722770248,0,0,0,1,0,0,1,0,1,0,0,0
1,0,0,0,-0.7926554591473648,1,0,0,0,0,0,0,0,1,-1.4954929753216677,-0.8936028161421353,-1.4967641540893808,0,1,1,0,0,0,1,1,0,0,0,0
0,1,0,0,1.4099327113435454,1,0,1,1,0,1,1,0,1,0.9168748554327036,1.6922254946184352,0.8856824254795479,1,0,0,1,0,0,0,0,0,0,1,0
1,0,0,0,-1.2005421573864221,0,0,0,0,0,1,0,0,0,-1.1477792673025895,-0.9704457132480244,-1.2444148417189955,0,0,0,0,0,1,0,0,0,0,0,0
0,0,0,0,-1.2413308272103278,1,1,0,1,0,0,0,0,0,-0.3575208399865023,-0.9618758734220888,-0.46750273496090317,0,0,0,0,0,0,1,0,0,0,0,0
0,0,1,0,1.450721381167451,1,1,0,0,1,0,1,0,1,0.8336897578204839,1.6190302729256365,0.759836760598513,1,0,0,1,0,0,0,0,0,0,1,0
0,0,1,0,-1.2005421573864221,1,0,0,0,0,0,0,0,1,-1.5071388889873785,-0.9822676974181612,-1.5415913176776543,0,1,0,0,0,0,1,0,0,0,0,0
1,0,0,0,-0.7926554591473648,0,0,1,0,0,1,1,0,1,-0.6436775757725381,-0.7441799678950533,-0.6299640240412483,0,0,0,0,1,0,0,1,0,0,0,1
1,0,0,1,-0.5479234402039304,1,0,0,0,0,0,0,0,1,-1.4938292733694234,-0.8406236268592361,-1.4933895374840078,0,1,0,0,0,1,0,1,0,0,0,0
0,0,1,0,-0.7110781194995532,1,1,0,0,0,0,0,0,1,-0.45900665907341026,-0.6940134439909226,-0.5806838872358647,0,0,0,0,0,1,0,1,0,0,0,0
1,0,0,0,0.3902159657459017,1,1,0,0,1,0,0,0,0,0.4992856654193608,0.44962069380604613,0.4626533219596203,1,0,0,0,0,1,0,0,1,0,0,0
1,0,1,0,0.1454839468024673,1,0,0,0,0,0,0,0,0,-1.4655463401812687,-0.6901020811985725,-1.4890698865951222,0,1,1,0,0,0,0,0,1,0,0,0
0,0,1,1,1.1652006924001108,1,1,1,1,1,1,1,1,0,1.6705318397994138,2.0733856013381238,1.6556863603462073,1,0,0,1,1,0,0,0,0,0,1,0
0,0,0,0,0.9612573432805821,1,0,0,0,0,0,0,0,1,-1.508802590939623,-0.5316699141601222,-1.512463525142275,0,1,0,1,0,0,0,0,0,1,0,0
0,0,1,1,1.0428346829283937,1,1,1,1,0,0,0,1,1,0.9484851925253472,1.382282954247098,0.9540472805489423,1,0,0,0,0,0,0,0,0,1,0,1
0,0,0,0,-0.4255574307322131,1,0,0,0,0,0,0,0,1,-1.492165571417179,-0.7999059007119061,-1.4436204990572854,0,1,0,0,0,0,1,1,0,0,0,0
0,1,0,0,0.8796800036327707,1,1,0,1,0,1,1,0,0,0.23974816086923498,0.7012883233610213,0.23308988649058182,0,0,1,0,0,0,1,0,0,1,0,0
0,0,1,0,-0.3439800910844016,1,1,1,1,1,0,0,0,0,0.04675873440888538,-0.32120343761445275,0.0015306760955954722,0,0,0,0,0,0,1,1,0,0,0,0
1,0,1,0,0.7165253243371477,1,1,0,1,0,0,1,1,1,1.1098642818930533,1.128747539089034,1.0686124119767781,1,0,1,0,0,1,0,0,0,1,0,0
1,0,0,0,-1.2821194970342338,1,0,0,0,0,0,0,1,1,-0.3292379067983476,-0.9823775671595194,-0.3291333906716021,0,0,0,0,0,1,0,0,0,0,0,1
0,1,0,0,-0.6702894496756475,1,1,0,0,0,0,1,1,1,1.039988799898789,-0.33449767631878874,1.0156177816729242,1,0,0,0,0,1,0,1,0,0,0,1
1,0,0,1,1.002046013104488,1,1,1,1,1,1,1,1,0,0.8203801422025286,1.1962734821277525,0.7624421466811436,0,0,0,1,0,0,1,0,0,1,0,0
0,0,0,0,-1.2005421573864221,1,1,0,0,0,0,0,0,0,0.344561383860632,-0.9001950006236242,0.5215204624442618,1,0,0,0,0,1,0,0,0,0,0,1
1,0,1,1,-0.7110781194995532,1,0,1,0,0,0,0,0,0,0.3395702780038986,-0.500466907614408,0.39237574110758033,1,0,0,0,0,0,1,1,0,0,0,0
0,1,1,0,-0.46634610055611886,1,1,0,1,1,0,0,1,0,0.22643854525128013,-0.3486269250574467,0.21069249144023683,0,0,1,0,0,0,0,1,0,0,0,0
1,0,1,1,0.7165253243371477,1,1,0,1,1,0,1,1,1,1.2961989005444252,1.198712590385903,1.1741376795736966,1,0,0,0,0,0,0,0,0,1,0,1
0,1,0,0,-0.7518667893234591,1,1,0,0,0,0,0,0,1,0.3129510467679884,-0.5247700944028305,0.44320191427937344,1,0,0,0,0,1,0,1,0,0,0,1
1,0,0,0,-1.1189648177386107,1,1,0,1,1,0,1,1,0,1.3444462571595126,-0.7645717918911257,1.49767337752631,1,0,0,0,0,1,0,0,0,0,0,0
1,0,1,0,-0.6295007798517418,1,1,1,1,1,0,0,0,0,0.8420082675817059,-0.3674805726745049,0.6829757334959321,1,0,0,0,1,0,0,1,0,0,0,1
0,1,1,0,-1.1189648177386107,1,1,0,0,0,0,0,0,1,0.3146147487202327,-0.8594113526314795,0.06724920997511492,1,0,0,0,0,1,0,0,0,0,0,1
1,1,1,0,1.124412022576205,1,1,0,1,1,0,1,1,1,1.312835920066869,1.779506017153348,1.349775605336847,1,0,1,0,0,1,0,0,0,1,0,0
1,0,0,0,-0.46634610055611886,1,0,0,0,0,0,0,0,0,-1.5071388889873785,-0.8349763221534272,-1.535830860230766,0,1,0,1,0,0,1,1,0,0,0,0
0,0,1,1,0.8796800036327707,1,1,1,1,0,0,1,1,1,1.3045174103056472,1.4746614327810292,1.3131318186844065,1,0,0,0,0,0,0,0,0,1,0,0
1,0,1,0,-0.5887121100278361,1,1,0,0,0,0,1,1,1,0.9934051452359457,-0.2629944486429056,0.9632344437483651,1,0,0,0,0,1,0,1,0,0,0,0
1,1,1,0,-0.30319142126049586,1,1,1,0,0,0,0,1,1,0.8037431226800846,-0.04960543697710954,0.7346700136392936,1,0,1,0,0,1,0,0,1,0,0,1
0,0,1,1,-0.7110781194995532,1,0,0,0,0,0,0,0,0,-1.4755285518947352,-0.8764851104385357,-1.498064354284453,0,1,1,0,0,0,1,1,0,0,0,0
1,0,1,0,1.613876060463074,1,1,0,0,0,0,0,0,0,-1.314149462527029,-0.21676126147939676,-1.3247390286068301,0,1,0,1,0,0,1,0,0,0,1,0
1,0,1,1,0.6757366545132419,0,0,0,1,0,0,1,1,1,-0.4357148317419889,0.11027701064726836,-0.4331259933086791,0,0,1,0,0,0,0,0,0,1,0,1
0,0,1,1,0.6757366545132419,1,0,1,0,1,1,0,0,0,-0.10463814324535438,0.32250140305466823,-0.10650467419684459,0,0,0,0,0,0,0,0,0,1,0,0
1,0,1,1,1.0836233527522994,1,1,1,1,0,1,1,1,1,1.5374356836198624,1.8743236039454305,1.5303214087456103,1,0,0,1,0,0,1,0,0,1,0,0
1,0,0,0,0.10469527697856156,1,1,0,0,0,0,0,0,1,-1.3074946547180513,-0.6104684926621864,-1.2985473596445507,0,1,0,0,0,1,0,0,1,0,0,0
1,0,1,1,0.0639066071546558,0,0,0,0,1,1,1,0,1,-0.6669694031039595,-0.37255655472525145,-0.745752325150273,0,0,0,0,0,1,0,0,1,0,0,0
0,0,0,0,-1.1189648177386107,1,0,0,1,0,0,0,0,0,-0.47730738054809874,-0.8989864334686846,-0.5296446560489128,0,0,0,0,0,0,0,0,0,0,0,0
0,0,1,1,-1.1597534875625164,1,1,0,0,0,0,0,1,1,0.7005936016409324,-0.8389755807388638,1.0073321921945229,1,0,0,0,0,1,0,0,0,0,0,1
1,1,0,0,0.18627261662637304,0,0,0,1,1,0,0,0,0,-0.9398165232720402,-0.4286340707144505,-0.9740657608822955,0,0,0,0,0,1,0,0,1,0,0,0
0,0,1,1,-0.38476876090830736,1,0,0,0,0,0,0,0,1,-1.5054751870351342,-0.8081021834172241,-1.5012921317508217,0,1,0,1,0,0,1,1,0,0,0,0
0,0,0,0,0.7981026639849592,1,1,1,0,1,1,1,0,0,0.30296883505452216,0.6975967000513875,0.31946892722801734,0,0,1,0,1,0,0,0,0,1,0,0
1,0,0,0,-0.2216140816126844,1,0,0,0,0,0,0,0,1,-1.5137936967963561,-0.7737129543721236,-1.5016363639706973,0,1,0,0,0,1,0,0,1,0,0,0
0,0,0,0,1.4099327113435454,1,1,0,0,0,0,0,0,1,-1.3074946547180513,-0.21972774449606677,-1.2663448596419284,0,1,0,1,0,0,0,0,0,0,1,0
0,0,0,0,-1.0373874780907992,1,0,0,0,1,0,1,1,1,1.0133695686628783,-0.7160972620039104,0.9771489733803466,1,0,0,0,0,1,0,0,0,0,0,1
1,0,0,1,-1.2821194970342338,1,0,0,0,0,0,0,0,0,0.16155416911374865,-0.9758952524193886,0.15971638855407283,1,0,0,0,0,0,0,0,0,0,0,1
1,1,1,0,-1.2821194970342338,0,0,0,0,0,0,0,0,0,-1.3257953761927397,-0.9955399621742255,-1.3217470101840743,0,0,0,0,0,1,0,0,0,0,0,1
0,0,1,1,-1.2821194970342338,1,0,0,0,0,0,0,0,0,-1.5187848026530892,-0.9980889401737346,-1.5139726860829836,0,1,0,0,0,1,0,0,0,0,0,0
1,0,1,1,1.124412022576205,1,0,0,0,0,0,0,0,0,-1.4755285518947352,-0.47695478296376426,-1.4863264358567183,0,1,0,1,0,0,1,0,0,1,0,0
0,0,1,1,0.4310046355698075,1,1,0,0,1,0,0,1,1,0.9202022593371922,0.7685066311239366,0.9611063104301398,1,0,0,0,0,0,0,0,1,0,0,0
1,0,0,0,1.002046013104488,1,0,0,0,0,0,0,0,0,-1.4688737440857575,-0.5148598437323255,-1.5014425490121381,0,1,0,1,0,0,1,0,0,1,0,0
1,0,1,0,1.4099327113435454,1,1,0,1,1,0,0,1,1,0.9401666827641253,1.7921410374095352,0.9981438444595193,1,0,0,1,0,1,0,0,0,0,1,0
0,0,1,1,1.0836233527522994,1,1,1,1,0,1,0,0,0,0.02013950317297517,0.6640424810406089,-0.016640276987898488,0,0,1,0,0,0,1,0,0,1,0,0
0,0,0,0,-1.078176147914705,0,0,0,0,0,1,1,1,1,-0.5205636313064529,-0.8942180866937409,-0.740098628800305,0,0,1,0,0,0,1,0,0,0,0,0
1,1,0,0,0.8388913338088649,0,0,0,1,1,0,1,1,1,-0.34753862827303583,0.24796577051730026,-0.36693443851834584,0,0,0,0,0,1,0,0,0,1,0,1
1,1,1,0,-1.0373874780907992,1,0,0,0,0,0,0,0,1,0.17320008277945922,-0.8010705199703025,0.06170970158098357,1,0,0,0,0,0,1,0,0,0,0,1
1,0,1,1,0.4310046355698075,1,0,0,0,0,0,0,0,1,-1.5204485046053335,-0.6654033633412607,-1.5536664403283478,0,1,1,0,0,0,1,0,1,0,0,0
0,0,1,0,-0.017670732493155674,1,0,0,1,0,0,0,1,0,0.6407003313601344,0.12992172040210526,0.5263019380390888,1,0,0,0,0,0,0,0,1,0,0,1
0,1,0,0,-1.2413308272103278,1,0,0,0,0,0,0,0,1,0.19150080425414795,-0.9439890795289823,0.20694424858095997,1,0,0,0,0,1,0,0,0,0,0,1
1,1,0,0,-1.2821194970342338,1,0,0,0,0,1,0,0,0,0.32626066238594376,-0.9737198315404973,0.32377106022641805,1,0,0,0,0,1,0,0,0,0,0,0
0,1,0,0,-1.1597534875625164,1,1,0,0,0,0,0,0,1,0.3179421526247218,-0.8771443288866846,0.28772874599537235,1,0,0,0,0,1,0,0,0,0,0,0
1,0,1,1,1.4915100509913568,0,0,1,0,1,1,0,0,0,-0.8582951276120648,0.21498287416158396,-0.8169024408348768,0,0,0,1,0,0,1,0,0,0,1,0
0,0,0,0,-1.1597534875625164,1,0,1,1,0,0,0,0,0,-0.32258309898936993,-0.9095778765356101,-0.3237477575106412,0,0,0,0,0,1,0,0,0,0,0,0
1,0,0,1,0.2678499562741845,1,0,0,0,0,0,0,0,0,-1.5154573987486004,-0.6641069003932345,-1.4897957608870331,0,1,1,0,0,0,0,0,1,0,0,0
0,0,1,1,1.0836233527522994,1,0,0,0,0,0,0,0,0,-1.5104662928918673,-0.46921995317215054,-1.4651579250204025,0,1,0,1,1,0,0,0,0,1,0,0
1,0,0,0,-1.2821194970342338,1,0,0,1,0,0,0,0,1,-0.49061699616605386,-0.9845090401418674,-0.48987382655258677,0,0,0,0,0,0,1,0,0,0,0,0
1,0,0,0,-0.5071347703800245,1,1,0,0,0,1,1,1,1,1.1198464936065196,-0.11354962644755193,1.2152176322076105,1,0,0,0,0,0,1,1,0,0,0,0
1,1,1,0,-1.2821194970342338,1,1,0,0,0,0,0,0,1,0.2879955174843225,-0.9742252323507447,0.285657348625772,1,0,0,0,0,1,0,0,0,0,0,1
1,0,0,0,1.0428346829283937,1,1,0,0,1,1,1,1,1,1.3228181317803358,1.726834463146252,1.4020405323466387,1,0,1,0,0,1,0,0,0,1,0,1
0,0,1,1,1.450721381167451,1,1,1,1,1,1,1,1,1,0.8037431226800846,1.7119800741146303,0.8629192414621524,0,0,0,1,0,0,0,0,0,0,1,0
0,0,0,0,0.5941593148654305,1,0,0,0,0,0,0,0,1,-1.4755285518947352,-0.5909336526487076,-1.4850965253050659,0,1,0,1,0,0,1,0,1,0,0,0
1,0,1,1,-0.9965988082668935,1,0,0,0,0,0,0,0,0,-1.5038114850828896,-0.9493067750107166,-1.6123640611389987,0,1,0,1,0,0,1,0,0,0,0,0
1,0,0,0,-1.2821194970342338,1,1,0,0,0,0,1,0,0,0.6523462450258449,-0.9694129376792578,0.6485661677797477,1,0,0,0,0,1,0,0,0,0,0,1
0,0,1,1,0.6349479846893362,1,1,0,0,0,0,0,1,1,0.5708248493658695,0.7645293464867715,0.6305795339537181,1,0,1,0,0,0,1,0,1,0,0,1
1,0,1,0,-0.9965988082668935,1,0,1,0,0,0,0,0,0,0.33624287409941,-0.7283806990877514,0.4702188542571606,1,0,0,0,0,1,0,0,0,0,0,1
0,0,1,0,0.2678499562741845,0,0,1,0,1,0,1,1,0,-0.29929127165794855,-0.0465730321156246,-0.29569360134082373,0,0,0,0,0,1,0,0,1,0,0,1
1,0,1,0,-0.915021468619082,1,1,0,0,0,0,0,1,1,0.6773017743095108,-0.6306625511238141,0.682702796430761,1,0,0,0,0,1,0,0,0,0,0,1
0,0,0,0,-1.2821194970342338,1,0,0,0,0,0,0,0,0,-1.5021477831306453,-0.9978692006910183,-1.497401507126181,0,1,0,0,0,1,0,0,0,0,0,0
0,1,0,0,0.8796800036327707,1,1,1,1,0,1,1,1,0,0.5841344649838248,0.9052285372700168,0.517899352968516,0,0,1,0,0,0,0,0,0,1,0,1
0,0,0,0,-0.6295007798517418,1,0,0,1,0,0,1,0,1,0.6207359079332013,-0.4224154433535792,0.43928192530765925,1,0,0,0,0,1,0,1,0,0,0,0
1,0,1,0,1.613876060463074,1,1,1,0,1,1,1,1,0,0.7238854289723541,1.671745774829276,0.6532843506771707,0,0,0,1,1,0,0,0,0,0,1,0
1,0,1,1,1.5322987208152625,1,0,0,0,0,0,0,0,0,-1.4821833597037126,-0.36574463076104624,-1.4616077605794877,0,1,0,1,1,0,0,0,0,0,1,0
0,1,0,0,-0.6702894496756475,1,1,0,0,0,0,1,1,1,1.0483073096600108,-0.3116447701162938,1.1233304448921406,1,0,0,0,0,1,0,1,0,0,0,1
1,0,0,0,-1.2005421573864221,0,0,0,1,0,1,0,0,1,-0.9331617154630626,-0.9587775467157891,-0.9511049741835906,0,0,0,0,0,0,1,0,0,0,0,1
0,0,0,0,1.4099327113435454,0,0,0,0,1,1,1,1,1,-0.38247636927016826,0.5664122288697581,-0.3814933695545139,0,0,0,0,1,0,0,0,0,0,1,0
1,0,0,0,-0.9558101384429878,1,1,0,0,0,0,1,0,1,0.6856202840707327,-0.6586134133253271,0.7634596752135787,1,0,0,0,0,1,0,0,0,0,0,0
0,0,0,0,-1.2413308272103278,1,0,0,0,1,0,0,1,0,-0.13458477838575342,-0.9575909535091209,-0.3059337401320784,0,0,0,0,0,1,0,0,0,0,0,0
0,0,0,0,-1.078176147914705,1,1,0,1,0,0,1,0,1,0.8270349500115063,-0.7636708600119887,0.9007242742390931,1,0,0,0,0,1,0,0,0,0,0,0
1,0,1,1,0.5533706450415247,1,0,0,0,0,0,0,0,1,-1.4871744655604457,-0.6033489334221783,-1.4909531570538601,0,1,0,1,0,0,1,0,1,0,0,0
1,1,1,0,0.3086386260980903,1,0,0,0,0,0,0,1,0,-0.3026186755624374,-0.00308658848606927,-0.2601144303165194,0,0,1,0,0,1,0,0,1,0,0,0
1,0,0,0,-1.2821194970342338,1,0,0,0,0,0,0,0,0,-1.4722011479902464,-0.9974736696221289,-1.4675733850039365,0,1,0,0,0,1,0,0,0,0,0,0
0,0,1,0,1.0428346829283937,1,0,1,1,0,0,1,0,1,0.011820993411753198,0.6597795350759127,0.014632859687446436,0,0,0,0,1,0,0,0,0,1,0,0
0,0,1,1,-0.4255574307322131,1,0,1,1,1,0,0,0,0,-0.12460256667228715,-0.38158784746489127,-0.00968625450887671,0,0,0,0,0,0,1,1,0,0,0,1
1,1,1,0,0.1454839468024673,1,1,0,1,0,0,1,1,1,1.0516347135644994,0.5035447628646254,1.0113829248284079,1,0,0,0,0,1,0,0,1,0,0,1
0,0,0,0,-1.1597534875625164,1,1,0,0,0,1,1,1,1,1.1963767834097616,-0.8310869333093488,1.1560585233318255,1,0,0,0,0,0,1,0,0,0,0,0
0,0,0,0,-0.18082541178877864,1,1,0,0,0,1,0,0,1,-0.3325653107028364,-0.3450671454374426,-0.3703837897176427,0,0,0,0,1,0,0,0,1,0,0,0
1,0,1,0,-0.7518667893234591,1,1,0,0,0,0,0,1,1,0.6739743704050222,-0.5058944728375006,0.544877933735755,1,0,0,0,0,1,0,1,0,0,0,1
1,0,0,0,1.2059893622240165,1,0,0,0,0,0,0,0,0,-1.4988203792261565,-0.4555961052437401,-1.4818192533651877,0,1,0,1,0,0,0,0,0,0,1,0
0,0,1,0,1.613876060463074,1,0,1,1,1,1,1,1,0,0.6723106684527774,1.6986199135654791,0.6814323393774059,0,0,0,1,0,0,1,0,0,0,1,0
1,0,1,1,-0.5479234402039304,1,0,0,0,0,0,0,0,0,-1.4871744655604457,-0.836294759049725,-1.476207841407744,0,1,0,1,0,0,1,1,0,0,0,0
1,0,0,1,0.8796800036327707,1,1,0,1,0,0,0,0,1,-0.3292379067983476,0.3526057121868009,-0.25385727589190454,0,0,0,0,1,0,0,0,0,1,0,1
0,0,0,0,-0.4255574307322131,1,0,0,0,0,0,0,0,0,-1.4655463401812687,-0.8084977144861134,-1.4730720034759663,0,1,1,0,0,0,0,1,0,0,0,0
0,1,0,0,-1.2413308272103278,1,1,0,0,1,0,0,1,1,0.7871061031576407,-0.9277723057045195,0.8184207520869737,1,0,0,0,0,1,0,0,0,0,0,1
1,0,0,0,0.7573139941610534,1,1,0,1,1,1,0,0,1,0.7471772563037752,0.9592405021216825,0.7548166681498345,1,0,0,0,0,1,0,0,0,1,0,0
1,0,1,0,1.0836233527522994,0,0,0,1,0,0,0,1,1,-0.7934107514745335,0.07136114825821205,-0.774195936009726,0,0,0,0,0,0,0,0,0,1,0,1
0,0,1,1,1.0428346829283937,1,0,0,1,1,0,1,0,1,0.8869282202923043,1.4157053295682465,0.9975037688132464,1,0,0,0,0,1,0,0,0,1,0,0
1,0,0,0,-1.078176147914705,1,0,1,0,0,0,0,1,1,-0.19115064476206292,-0.8585763425971575,-0.29212442433474306,0,0,0,0,0,0,0,0,0,0,0,0
0,0,1,1,-0.18082541178877864,1,0,1,0,0,0,0,1,1,0.5974440806017797,0.013393872717653018,0.595064932862071,1,0,1,0,0,0,0,0,1,0,0,0
1,1,1,1,1.450721381167451,1,1,0,0,1,1,1,1,1,1.4060032293925555,2.236717958841148,1.4448600554157476,1,0,1,0,1,0,0,0,0,0,1,0
0,0,1,1,-1.0373874780907992,0,0,0,0,0,0,0,0,1,-1.3374412898584502,-0.9410445704605838,-1.4462675834880474,0,0,0,0,0,1,0,0,0,0,0,0
1,0,0,0,-0.4255574307322131,1,0,0,0,0,0,0,0,1,0.15989046716150437,-0.3515494601775734,0.09328102564543733,1,0,0,0,0,0,1,1,0,0,0,0
0,0,1,1,-1.078176147914705,1,1,0,1,1,0,1,0,1,0.970113317904524,-0.7785691969401537,0.7134699520272242,1,0,0,0,0,0,1,0,0,0,0,0
1,0,0,0,-0.5071347703800245,1,1,0,0,0,0,1,0,1,0.6773017743095108,-0.24427264471547713,0.7223079141375188,1,0,0,0,0,1,0,1,0,0,0,1
1,0,1,1,-0.5887121100278361,0,0,0,0,0,0,0,0,0,-1.3091583566702958,-0.8009386762806728,-1.290537956482096,0,0,0,0,1,0,0,1,0,0,0,0
1,0,1,0,0.023117937330750068,1,1,1,1,1,0,1,0,1,0.2613762862484123,0.06905388368969094,0.3060449203120198,0,0,0,0,0,0,0,0,1,0,0,0
0,0,1,1,-1.1189648177386107,1,0,0,0,0,0,0,0,0,0.16820897692272632,-0.8657398497337088,-0.028200780816068027,1,0,0,0,1,0,0,0,0,0,0,0
1,0,0,0,-1.2821194970342338,1,0,0,0,0,0,0,0,0,0.18983710230190318,-0.9755216952987709,0.18788739278063696,1,0,0,0,0,0,1,0,0,0,0,1
1,0,0,0,0.6349479846893362,1,1,1,0,0,1,0,1,1,0.2014830159676142,0.5884081510896593,0.3538753686646093,0,0,1,0,0,0,0,0,1,0,0,0
0,0,1,1,1.124412022576205,1,1,1,1,1,1,1,1,0,1.6755229456561471,1.9636477036696054,1.5812197381001893,1,0,0,1,1,0,0,0,0,1,0,0
1,0,0,0,1.4915100509913568,1,1,1,1,1,1,0,1,1,0.5525241278911812,1.4339876545302426,0.5153963310906606,0,0,0,1,1,0,0,0,0,0,1,0
0,0,0,0,-1.1189648177386107,1,1,0,0,0,0,0,0,0,0.35620729752634256,-0.8296586266716928,0.5159967361253274,1,0,0,0,0,1,0,0,0,0,0,0
1,0,1,1,-0.3439800910844016,1,1,1,0,1,1,1,1,1,0.6623284567393112,-0.131766029564733,0.5967812335397398,0,0,1,0,0,0,1,1,0,0,0,0
0,0,1,0,-1.2413308272103278,1,0,0,0,0,0,0,0,1,-0.6752879128651815,-0.9711488795927165,-0.8171546109494369,0,0,0,0,1,0,0,0,0,0,0,1
1,1,1,0,-0.6702894496756475,1,0,0,0,0,0,0,0,1,0.22976594915576873,-0.4933253744261284,0.26701477229936915,1,0,0,0,0,0,0,1,0,0,0,1
0,0,1,1,0.6757366545132419,1,1,0,1,0,1,1,1,0,0.4793212419924278,0.7084957783941157,0.48755518203824355,0,0,0,1,0,0,0,0,0,1,0,0
0,1,1,1,1.3283553716957337,1,1,0,1,1,0,1,1,1,1.4159854411060218,2.0906790986278967,1.441433345559069,1,0,1,0,0,1,0,0,0,0,1,0
1,0,0,0,-1.1189648177386107,1,0,0,0,0,0,0,0,0,-1.4821833597037126,-0.965787236214439,-1.5371723366225072,0,1,0,0,0,0,1,0,0,0,0,0
0,0,1,1,0.7165253243371477,1,0,0,0,0,0,0,0,0,-1.4888381675126903,-0.5974379413371099,-1.5349186562843822,0,1,0,1,0,0,0,0,0,1,0,0
0,0,1,1,-0.5887121100278361,1,0,0,0,1,1,0,0,1,-0.34920233022528036,-0.585923592442776,-0.38971025596924685,0,0,1,0,1,0,0,1,0,0,0,0
1,1,0,0,-0.9965988082668935,1,0,0,0,0,0,0,0,1,0.16820897692272632,-0.7592540964093911,0.179187523828316,1,0,0,0,1,0,0,0,0,0,0,0
0,0,1,0,-0.7926554591473648,1,1,0,1,1,0,1,0,0,0.9717770198567683,-0.4723182798784504,0.947102330216913,1,0,0,0,0,1,0,1,0,0,0,1
0,1,0,0,0.5533706450415247,1,0,0,1,1,0,1,0,1,0.8786097105310824,0.8068951187544738,0.8210145018367344,1,0,1,0,0,0,0,0,1,0,0,0
0,0,0,0,0.10469527697856156,1,0,0,0,1,1,1,1,1,1.143138320937941,0.5456907956496112,1.1925742998187796,1,0,1,0,0,1,0,0,1,0,0,0
0,0,1,0,1.124412022576205,1,1,1,1,0,0,0,1,1,0.9717770198567683,1.3999939565540311,0.8727742190652861,1,0,0,0,1,0,0,0,0,1,0,0
0,0,1,0,0.3902159657459017,1,1,1,0,1,1,1,1,0,0.6473551391691115,0.563094162680742,0.6663999127523066,0,0,0,1,1,0,0,0,1,0,0,0
0,0,0,0,-1.1597534875625164,1,0,0,0,0,0,0,0,1,-0.6519960855337601,-0.9199935280163627,-0.5201162281487515,0,0,0,0,0,0,1,0,0,0,0,1
0,0,0,0,-0.9965988082668935,0,0,0,1,0,0,0,0,1,-1.1860444122042104,-0.9068091590533849,-1.2117558098582975,0,0,0,0,0,0,1,0,0,0,0,0
1,0,0,0,-1.1189648177386107,1,0,0,0,0,0,1,0,1,0.505940473228338,-0.8313945685851516,0.48981427337357963,1,0,0,0,0,0,1,0,0,0,0,0
0,0,0,0,0.349427295921996,0,0,0,1,0,0,0,1,1,-0.816702578805955,-0.26916912810723365,-0.7956727045700697,0,0,0,0,0,1,0,0,1,0,0,0
0,0,0,0,-1.2821194970342338,1,1,0,0,1,0,0,0,1,0.4876397517536498,-0.9715883585581491,0.48451149610740246,1,0,0,0,0,0,1,0,0,0,0,1
1,0,0,0,1.124412022576205,1,0,1,0,1,1,1,1,0,0.46933903027896157,1.103433550680117,0.500033167063608,0,0,1,0,0,0,1,0,0,1,0,0
1,0,1,0,1.450721381167451,0,0,1,0,1,0,1,1,1,-0.3591845419387466,0.6610540240756673,-0.30257076557908025,0,0,0,1,0,0,0,0,0,0,1,0
0,1,1,0,1.5322987208152625,1,1,1,1,1,1,1,1,1,1.6222844831843268,2.3838774904162516,1.5006325166257388,1,0,0,1,0,1,0,0,0,0,1,0
0,0,1,0,1.2467780320479223,1,1,0,1,0,0,0,0,1,0.5541878298434255,1.2036127808504766,0.49366509972163636,1,0,0,0,0,0,0,0,0,0,1,0
0,1,0,0,0.512581975217619,1,0,1,1,0,1,0,0,1,0.6922750918797105,0.6538465690425727,0.6305956448221486,1,0,0,0,0,0,0,0,1,0,0,0
1,0,0,0,1.613876060463074,1,1,0,1,1,0,1,1,1,1.289544092735448,2.3487850950264595,1.362415732396675,1,0,0,1,0,1,0,0,0,0,1,0
1,1,1,0,0.023117937330750068,0,0,0,1,1,1,1,0,1,-0.495608102022787,-0.23708716363065424,-0.39356012582789807,0,0,0,0,0,1,0,0,1,0,0,0
0,1,0,0,-1.2413308272103278,1,1,0,1,0,0,0,0,1,-0.2776631462787715,-0.9545805225959078,-0.19242116427798112,0,0,0,0,1,0,0,0,0,0,0,0
0,1,0,0,-0.8334441289712705,1,1,0,1,0,0,1,0,1,0.8786097105310824,-0.5255391825923376,0.8708961521168483,1,0,0,0,0,1,0,0,0,0,0,1
1,0,1,0,1.3691440415196396,1,1,1,0,1,0,1,1,1,1.3694017864431787,2.0616075650645307,1.3537702637793128,1,0,0,1,1,0,0,0,0,0,1,1
1,0,0,0,-1.1597534875625164,0,0,0,0,0,0,1,1,1,-0.676951614817426,-0.9299477265834107,-0.7077848298345399,0,0,0,0,0,1,0,0,0,0,0,1
1,0,1,1,0.3086386260980903,1,1,0,0,1,0,0,0,1,0.542541916177715,0.4403476876354184,0.5759015480541687,1,0,0,0,0,1,0,0,1,0,0,0
0,0,0,0,-1.2821194970342338,1,1,0,0,0,0,1,1,1,0.9634585100955464,-0.9653038093524631,0.958447214271955,1,0,0,0,0,1,0,0,0,0,0,1
0,0,1,1,1.287566701871828,1,0,0,0,0,0,0,0,0,-1.4871744655604457,-0.4450046621768146,-1.49028107866818,0,1,0,1,0,0,1,0,0,0,1,0
0,0,0,0,0.5941593148654305,0,0,1,1,0,1,0,0,0,-0.8399944061373766,-0.21608006908297617,-0.883633244828269,0,0,1,0,1,0,0,0,1,0,0,0
1,1,1,0,1.3283553716957337,1,1,0,1,1,0,1,1,1,1.312835920066869,1.8845854377882818,1.2023239802731445,1,0,0,0,0,1,0,0,0,0,1,0
0,0,0,0,-0.7926554591473648,1,1,1,1,0,0,1,0,1,1.0566258194212328,-0.45961733777744834,1.0207803412710046,1,0,0,0,0,1,0,1,0,0,0,1
0,0,1,0,-1.2005421573864221,1,1,0,0,0,0,1,1,0,0.998396251092679,-0.8864832569021273,0.8662009847457542,1,0,0,0,0,1,0,0,0,0,0,0
0,0,0,0,-1.2821194970342338,1,1,0,0,0,0,0,1,0,0.6956024957841991,-0.9688416150241954,0.6916512330674343,1,0,0,0,0,0,1,0,0,0,0,1
0,1,0,0,-0.5887121100278361,1,1,0,1,0,1,1,1,1,1.2878803907832033,-0.21269608104914528,1.1739646028157036,1,0,0,0,1,0,0,1,0,0,0,0
1,0,0,0,-0.017670732493155674,1,0,0,0,0,0,1,1,1,-0.001488622206202143,-0.1227786847216364,-0.0692248057210022,0,0,1,0,0,0,0,0,1,0,0,0
1,0,0,0,-0.7926554591473648,1,0,0,0,0,0,0,0,0,-1.517121100700845,-0.8924381968837388,-1.4900082118993,0,1,1,0,1,0,0,1,0,0,0,0
0,0,1,1,-0.6295007798517418,1,0,1,0,0,1,0,0,1,-0.31759199313263675,-0.602008522577609,-0.35740187242144167,0,0,0,0,1,0,0,1,0,0,0,0
1,0,1,1,0.7165253243371477,1,1,0,0,1,0,0,0,0,-0.3325653107028364,0.14229305327903283,-0.4192143194807808,0,0,1,0,0,0,0,0,0,1,0,0
0,0,0,0,-1.2821194970342338,1,0,0,0,0,0,1,0,0,0.4876397517536498,-0.9715883585581491,0.48451149610740246,1,0,0,0,0,1,0,0,0,0,0,1
1,1,1,0,0.0639066071546558,1,1,0,0,0,0,0,0,1,0.35454359557409826,0.05936337250190235,0.21225677359946465,1,0,0,0,0,1,0,0,1,0,0,0
1,1,1,0,0.5533706450415247,0,0,0,1,1,1,1,1,1,-0.16619511547839702,0.23130951772740488,-0.1226060668469304,0,0,1,0,0,0,0,0,1,0,0,1
0,0,0,0,-0.7926554591473648,1,0,0,0,0,0,0,0,0,-1.5054751870351342,-0.8989644595204129,-1.5278669822852255,0,1,1,0,0,1,0,1,0,0,0,0
0,0,1,1,0.5941593148654305,1,0,0,0,0,0,0,0,0,-1.5021477831306453,-0.5895273199593232,-1.4828400243407356,0,1,0,1,0,0,1,0,1,0,0,0
1,0,1,1,-1.3229081668581395,1,1,0,0,0,0,0,0,0,-1.3158131644792732,-1.006548910258312,-1.3118043028099926,0,1,0,1,0,0,1,0,0,0,0,0
0,0,1,0,1.450721381167451,1,1,1,1,1,1,0,0,0,0.19981931401536993,1.1518861066190604,0.24176809377106448,0,0,0,1,1,0,0,0,0,0,1,0
1,0,1,1,0.6757366545132419,1,1,0,1,1,0,1,0,1,0.9568037022865692,0.9799619353418292,0.9053518041450569,1,0,1,0,0,1,0,0,0,1,0,0
1,0,1,0,0.6757366545132419,1,1,1,0,0,0,0,0,1,-0.31759199313263675,0.1510167107428698,-0.370426063133349,0,0,1,0,0,1,0,0,0,1,0,0
1,0,1,0,1.613876060463074,1,1,1,1,1,0,0,1,1,1.1398109170334525,2.2553079190789465,1.2645076833935667,1,0,0,1,0,1,0,0,0,0,1,0
0,0,1,0,0.2678499562741845,1,0,1,0,1,1,1,1,1,1.32448183373258,0.8106306899606509,1.361849196363964,1,0,1,0,1,0,0,0,1,0,0,1
0,0,1,0,1.5322987208152625,0,0,0,1,1,1,1,1,0,-0.2360705974726616,0.7686384748135664,-0.23950698562809566,0,0,0,1,0,0,0,0,0,0,1,0
0,0,1,0,1.4915100509913568,1,1,0,0,0,0,0,0,1,-1.28420282738663,-0.23150578076966027,-1.3048876368106317,0,1,1,0,0,1,0,0,0,0,1,0
0,0,1,0,-1.2413308272103278,1,0,0,1,1,0,0,0,0,0.49263085761038317,-0.934034880961934,0.5822814519525376,1,0,0,0,0,0,0,0,0,0,0,1
1,0,1,0,-1.2821194970342338,1,1,0,0,0,0,0,0,1,0.3229332584814547,-0.9737637794370405,0.32045682443505724,1,0,0,0,0,0,0,0,0,0,0,1
1,0,0,0,-0.9558101384429878,1,0,0,0,0,0,0,0,1,-1.4971566772739122,-0.9342106725481071,-1.5458261745221706,0,1,1,0,0,1,0,0,0,0,0,0
1,0,0,0,-1.2821194970342338,1,0,0,0,0,0,0,0,0,-1.4738648499424907,-0.9974956435704007,-1.4692305028996167,0,1,0,0,0,0,1,0,0,0,0,0
1,0,0,0,-0.7110781194995532,1,0,0,0,0,0,0,0,0,-1.500484081178401,-0.8726836173875439,-1.4789522612209407,0,1,1,0,0,0,1,1,0,0,0,0
0,0,0,0,0.8796800036327707,1,0,0,0,0,0,0,0,0,-1.4905018694649346,-0.532153341022098,-1.4894534787006033,0,1,0,1,0,0,1,0,0,1,0,0
0,0,1,0,-0.05845940231706142,1,0,1,0,0,1,0,1,1,-0.029771555394356653,-0.16681447705798239,-0.10916435387404569,0,0,1,0,0,1,0,0,1,0,0,0
0,0,1,1,1.613876060463074,1,1,1,1,1,1,1,1,1,1.7287614081279676,2.719221914989593,1.7504114752491433,1,0,0,1,0,0,0,0,0,0,1,0
0,0,1,1,0.2270612864502788,1,0,1,1,0,1,1,1,0,0.5125952810373157,0.3376634273620927,0.5156914775655971,0,0,1,0,1,0,0,0,1,0,0,1
1,0,0,0,-1.078176147914705,1,0,1,0,1,1,1,1,1,0.5109315790850714,-0.78970998871387,0.5734434898422429,0,0,0,1,0,0,1,0,0,0,0,0
1,0,0,0,-0.6702894496756475,0,0,1,1,1,1,1,0,0,-0.3342290126550807,-0.6039202560772406,-0.25425237576055065,0,0,0,1,0,0,1,1,0,0,0,0
0,0,1,1,0.2270612864502788,1,0,0,0,0,0,0,0,0,-1.5071388889873785,-0.6711825117366993,-1.4864121989758805,0,1,1,0,1,0,0,0,1,0,0,0
1,0,0,0,0.9612573432805821,1,1,1,1,0,1,0,0,1,-0.00814343001517934,0.6043832114831342,0.017411389262530923,0,0,1,0,0,0,0,0,0,1,0,0
0,1,0,0,0.512581975217619,1,1,0,0,1,0,1,1,1,1.239633034168116,1.0745378087029238,1.3356072473287812,1,0,1,0,0,0,0,0,1,0,0,0
0,0,0,0,-1.2821194970342338,1,0,0,0,0,0,0,0,0,-0.6503323835815156,-0.9866185391759439,-0.648957144537891,0,0,0,0,0,0,1,0,0,0,0,0
0,0,1,1,-1.2821194970342338,1,0,0,0,0,0,0,0,0,-1.4938292733694234,-0.9977593309496602,-1.4891159176477797,0,1,0,0,0,1,0,0,0,0,0,0
0,0,1,0,1.613876060463074,1,1,0,1,1,0,1,1,1,1.2130138029322055,2.211821475449391,1.2189599567886882,1,0,1,0,0,1,0,0,0,0,1,0
1,0,1,0,1.2467780320479223,1,1,1,1,1,1,0,1,0,0.5026130693238494,1.20851297131505,0.4995307710031711,0,0,1,0,1,0,0,0,0,0,1,0
0,0,1,0,1.0836233527522994,1,0,0,1,0,1,1,1,1,1.1697575521738512,1.6456407242825801,1.2380226639940106,1,0,0,1,0,0,1,0,0,1,0,0
1,0,1,0,0.4310046355698075,1,0,1,1,1,0,0,0,1,0.7055847074976653,0.5543265573203617,0.5854800748674552,1,0,0,0,1,0,0,0,1,0,0,0
1,0,0,0,-0.7110781194995532,1,0,0,0,0,0,0,0,0,-1.5021477831306453,-0.8696072646295157,-1.4634858275279252,0,1,0,0,0,0,1,1,0,0,0,0
1,0,1,0,-1.2005421573864221,0,0,0,0,0,0,0,0,0,-1.327459078144984,-0.9721596812132115,-1.2874999070066824,0,0,0,0,0,0,1,0,0,0,0,0
0,0,0,0,-0.9965988082668935,1,0,0,0,0,0,0,0,0,-0.6802790187219147,-0.844249328324055,-0.6220289787330869,0,0,0,0,0,0,1,0,0,0,0,0
1,0,0,0,-1.1597534875625164,1,0,0,0,0,0,0,0,1,-0.6320316621068274,-0.9187629869131513,-0.4969165776092278,0,0,0,0,0,1,0,0,0,0,0,0
1,0,0,0,0.7165253243371477,1,0,1,1,0,1,0,1,1,0.9518125964298358,1.0798774781329297,0.9949038079769209,1,0,0,0,1,0,0,0,0,1,0,0
1,0,1,1,-1.2821194970342338,1,0,0,0,0,0,0,0,0,-1.5204485046053335,-0.9981109141220063,-1.5156298039786638,0,1,0,0,0,0,1,0,0,0,0,0
1,0,1,1,1.613876060463074,1,0,0,0,0,0,0,0,0,-1.5137936967963561,-0.4074292106323278,-1.5244447505626297,0,1,0,1,1,0,0,0,0,0,1,0
0,0,0,0,-0.26240275143659014,1,0,0,1,1,0,0,0,1,-0.3375564165595695,-0.388245953791195,-0.35857910097176643,0,0,0,0,1,0,0,0,1,0,0,0
0,0,0,0,-0.9965988082668935,1,1,0,0,0,0,0,0,1,0.344561383860632,-0.7531013908933348,0.23718665017712487,1,0,0,0,0,1,0,0,0,0,0,0
1,0,0,1,-0.9965988082668935,1,0,0,0,0,0,0,0,0,-1.5121299948441116,-0.9365838589614431,-1.4924301534391404,0,1,0,0,0,0,0,0,0,0,0,0
0,0,1,1,1.5730873906391682,1,0,0,0,0,0,0,0,0,-1.5038114850828896,-0.38431261705057335,-1.4910531118075185,0,1,0,1,1,0,0,0,0,0,1,0
0,0,1,1,1.5730873906391682,1,1,1,1,1,1,1,1,0,0.8320260558682396,1.780934323791004,0.8087697908212867,0,0,0,1,0,0,0,0,0,0,1,0
1,0,0,0,-1.2821194970342338,0,0,0,0,0,0,0,1,0,-0.9647720525557062,-0.9907716153992818,-0.9621524268214591,0,0,0,0,0,1,0,0,0,0,0,1
0,0,1,1,-1.078176147914705,1,0,0,0,0,0,0,0,0,-1.5271033124143112,-0.9601838794051734,-1.5692099492723255,0,1,1,0,1,0,0,0,0,0,0,0
1,0,1,1,-0.9965988082668935,1,1,0,0,0,0,0,0,0,-1.3474235015719167,-0.9169171752583345,-1.3070400888599119,0,1,1,0,0,0,1,0,0,0,0,0
1,0,1,1,-0.6295007798517418,1,0,1,0,1,0,1,0,1,0.8153890363457957,-0.3299930169231046,0.8492723882036093,1,0,0,0,0,1,0,1,0,0,0,1
0,0,1,0,1.1652006924001108,1,1,0,1,0,1,0,1,1,0.9800955296179903,1.4997996296037737,0.9465757303307704,1,0,0,1,0,0,0,0,0,0,1,0
0,0,1,0,-0.26240275143659014,1,0,0,0,0,1,0,1,0,0.6989298996886881,-0.04125533663389025,0.6478650794392674,1,0,0,0,1,0,0,0,1,0,0,0
0,0,0,0,-1.2821194970342338,0,0,0,0,0,0,0,0,1,-1.3224679722882509,-0.9954960142776823,-1.3184327743927138,0,0,0,0,0,0,1,0,0,0,0,0
0,0,0,0,-0.915021468619082,0,0,0,1,0,1,0,0,0,-0.9531261388899953,-0.8421837771865217,-0.9124388899510515,0,0,0,0,0,1,0,0,0,0,0,0
0,0,0,0,-1.2413308272103278,1,0,1,0,0,0,0,0,0,-0.4639977649301434,-0.9524710235618312,-0.11287950528532899,0,0,0,0,0,0,1,0,0,0,0,0
1,0,1,1,0.349427295921996,1,1,0,1,1,0,1,0,0,0.11996162030763881,0.24154937762198422,0.14371105473238058,0,0,1,0,0,0,0,0,1,0,0,0
1,0,0,1,-1.1189648177386107,1,0,0,0,0,0,0,0,0,-1.4821833597037126,-0.9529324764755356,-1.3432895428279175,0,1,0,0,1,0,0,0,0,0,0,0
0,0,0,0,-0.5887121100278361,1,0,0,0,1,0,0,0,1,-0.495608102022787,-0.614226037816635,-0.5082862476157005,0,0,0,0,0,0,1,1,0,0,0,0
0,0,0,0,-0.4255574307322131,1,0,0,1,0,0,0,1,1,0.6456914372168673,-0.19102976805331828,0.6435194905519945,1,0,0,0,0,0,1,1,0,0,0,1
0,0,1,0,1.0428346829283937,1,1,0,1,0,1,0,0,1,-0.16619511547839702,0.5338688114794744,-0.1490789600064821,0,0,0,1,1,0,0,0,0,1,0,0
0,0,0,0,-0.7110781194995532,1,0,0,0,0,0,0,0,0,-1.5071388889873785,-0.8608176853208638,-1.4192960169764517,0,1,0,1,0,0,1,1,0,0,0,0
0,1,0,0,-1.1597534875625164,1,1,0,0,0,0,1,1,1,0.978431827665746,-0.8200120633804473,1.3648553781875374,1,0,0,0,0,1,0,0,0,0,0,1
1,0,0,0,0.18627261662637304,1,0,0,0,0,0,0,0,1,0.1815185925406812,0.11539694059455813,0.13477004617856186,1,0,0,0,0,0,1,0,1,0,0,0
0,0,0,0,0.6349479846893362,1,1,0,0,0,0,0,0,0,-1.3257953761927397,-0.49169930225402775,-1.3430824030909574,0,1,1,0,1,0,0,0,1,0,0,0
0,1,0,0,-1.2821194970342338,1,0,0,0,0,0,0,0,1,0.1765274866839483,-0.975697486884944,0.1746304496151952,1,0,0,0,0,1,0,0,0,0,0,0
0,0,0,0,-1.2821194970342338,1,0,0,1,0,0,0,0,0,-0.5122451215452309,-0.9847947014693986,-0.51141635919643,0,0,0,0,0,1,0,0,0,0,0,0
0,0,0,0,-1.0373874780907992,1,1,0,0,0,0,0,0,1,0.29797772919778875,-0.7818652891808981,0.26861270741306115,1,0,0,0,0,1,0,0,0,0,0,1
1,0,1,0,-1.1189648177386107,1,1,0,1,0,0,0,0,1,0.5458693200822036,-0.823593816948723,0.6074696439668776,1,0,0,0,0,1,0,0,0,0,0,1
1,0,0,0,-1.2005421573864221,1,0,0,0,0,1,0,0,1,-0.487289592261565,-0.9396162638229278,-0.46943603917253,0,0,0,0,0,0,1,0,0,0,0,0
1,1,1,0,1.4915100509913568,0,0,1,1,0,0,1,1,0,-0.2776631462787715,0.730557622458832,-0.2534103076994305,0,0,0,1,1,0,0,0,0,0,1,0
0,1,0,0,-1.078176147914705,1,0,0,0,0,0,1,1,1,0.8137253343935509,-0.757012753685685,0.9844087279709456,1,0,0,0,0,1,0,0,0,0,0,0
0,0,1,0,1.2059893622240165,1,0,1,0,1,1,1,1,1,1.3111722181146248,1.9000111494749652,1.383391043681961,1,0,1,0,0,1,0,0,0,0,1,0
1,1,1,0,1.5322987208152625,1,1,1,1,1,1,1,1,1,0.7871061031576407,1.7650251852423442,0.8339266409679817,0,0,0,1,1,0,0,0,0,0,1,0
0,0,1,1,0.9612573432805821,1,0,0,0,0,0,0,0,0,-1.492165571417179,-0.527472890040241,-1.5068115694623654,0,1,0,1,0,0,1,0,0,1,0,0
0,0,0,0,0.18627261662637304,1,1,0,0,1,0,1,1,1,1.1697575521738512,0.6681076614708604,1.2612967064500602,1,0,0,0,0,1,0,0,1,0,0,0
0,0,0,0,-0.7518667893234591,1,0,0,1,0,0,0,0,0,-0.44736074540769943,-0.6866741452681983,-0.4289155611043488,0,0,1,0,1,0,0,1,0,0,0,0
0,0,0,0,-0.5479234402039304,1,0,0,0,0,0,0,0,0,-1.4971566772739122,-0.845018416513562,-1.5108328837543263,0,1,0,0,0,0,1,1,0,0,0,0
0,0,0,0,-0.9558101384429878,1,0,0,0,0,0,0,0,0,-1.4855107636082014,-0.9247399008430346,-1.4664686397401496,0,1,0,0,0,0,1,0,0,0,0,0
0,0,0,0,-1.2413308272103278,1,0,0,0,0,0,1,0,1,0.49429455956262747,-0.9342546204446502,0.5739958624741363,1,0,0,0,0,1,0,0,0,0,0,1
1,0,0,0,-1.1189648177386107,1,0,0,0,0,1,0,0,1,-0.5222273332586972,-0.9112259226559822,-0.714247589627693,0,0,0,0,0,1,0,0,0,0,0,1
1,0,0,0,-0.9558101384429878,1,0,0,0,0,0,0,0,0,-1.5038114850828896,-0.9271350612046423,-1.486538178698944,0,1,0,0,1,0,0,0,0,0,0,0
1,1,0,0,1.5730873906391682,1,1,0,1,0,1,1,1,0,1.3594195747297124,2.2380583696857173,1.2943053342556012,1,0,1,0,0,0,0,0,0,0,1,0
1,0,0,0,-0.5071347703800245,1,0,0,0,0,0,0,0,0,-1.5137936967963561,-0.8239893480176123,-1.463596302054304,0,1,0,0,0,0,1,1,0,0,0,0
0,0,0,0,1.613876060463074,1,1,0,1,1,1,1,1,0,0.7222217270201092,1.7843622597213784,0.7712389231127442,0,0,0,1,0,0,0,0,0,0,1,0
0,0,1,1,0.18627261662637304,1,1,0,1,1,0,0,1,1,1.006714760853901,0.5460643527702289,1.0125498742174077,1,0,0,0,0,1,0,0,1,0,0,0
0,0,1,0,-0.915021468619082,1,0,0,0,0,0,0,0,1,-1.4954929753216677,-0.9240367344983424,-1.5297153060919462,0,1,0,0,0,0,0,0,0,0,0,0
0,0,0,0,0.8796800036327707,1,1,0,0,1,1,0,1,1,1.0050510589016561,1.2193461278129636,0.9565752847972054,1,0,0,1,0,0,0,0,0,1,0,0
1,0,1,1,-0.2216140816126844,1,0,1,1,0,0,0,0,1,0.5242411947030268,-0.03541026639363667,0.5604934203611862,1,0,1,0,1,0,0,0,1,0,0,0
0,0,1,0,-1.2413308272103278,1,0,0,0,0,0,0,0,0,-1.4821833597037126,-0.988156715554958,-1.4584592365776952,0,1,0,0,0,0,1,0,0,0,0,0
0,0,0,1,-1.2821194970342338,1,1,0,0,0,0,0,0,0,-1.3607331171898718,-0.9960014150879297,-1.3565464859933596,0,1,0,0,0,0,1,0,0,0,0,0
0,0,0,0,-0.9558101384429878,1,0,0,0,1,0,0,1,1,0.6789654762617551,-0.6631400466692827,0.725530087823564,1,0,0,0,1,0,0,0,0,0,0,0
0,0,0,0,-1.0373874780907992,1,0,0,0,0,0,1,0,1,0.5125952810373157,-0.7750753391649646,0.3417626259509466,1,0,0,0,0,0,1,0,0,0,0,1
0,0,0,0,-0.8742327987951762,1,1,1,0,0,0,0,0,1,0.46933903027896157,-0.5981411076818022,0.6479635794540459,1,0,0,0,0,0,0,0,0,0,0,0
1,0,1,0,1.1652006924001108,1,0,0,0,0,0,0,0,1,-1.4755285518947352,-0.4563212455367039,-1.4717297626767083,0,1,1,0,1,0,0,0,0,0,1,0
1,0,0,0,-0.6295007798517418,1,0,0,0,1,0,0,0,1,0.3911450385234752,-0.42927131521432776,0.4088689380457627,1,0,0,0,0,1,0,1,0,0,0,1
1,0,0,0,1.3283553716957337,1,0,0,0,0,0,0,0,1,-1.508802590939623,-0.4709778690338809,-1.53059485328273,0,1,0,1,1,0,0,0,0,0,1,0
0,1,0,0,-1.2821194970342338,1,0,0,0,0,0,0,0,1,0.14491714959130472,-0.9761149919021049,0.14314520959727028,1,0,0,0,0,1,0,0,0,0,0,1
1,0,0,1,-0.017670732493155674,1,1,0,1,1,1,1,1,0,0.6257270137899347,0.15073104941533874,0.5753422707643767,0,0,1,0,1,0,0,0,1,0,0,0
1,0,1,0,-0.1400367419648729,1,1,0,1,1,0,0,0,1,0.6956024957841991,0.06588963513857633,0.6368520585171805,1,0,0,0,0,1,0,0,1,0,0,0
0,0,0,0,-0.017670732493155674,1,0,0,0,0,0,0,0,0,-1.4755285518947352,-0.7188879534344075,-1.4740465017839375,0,1,1,0,0,0,0,0,1,0,0,0
1,0,0,0,-0.8742327987951762,1,0,0,0,1,0,0,1,0,0.6623284567393112,-0.6159619797300938,0.5257887964179835,1,0,0,0,0,1,0,0,0,0,0,0
0,0,0,1,1.2467780320479223,1,0,0,0,0,0,0,0,0,-1.5104662928918673,-0.4725380193611667,-1.5127364235258889,0,1,0,1,1,0,0,0,0,0,1,0
0,0,1,0,1.613876060463074,1,1,1,1,1,1,1,1,1,1.6222844831843268,2.563866100709171,1.5876917041038738,1,0,0,1,1,0,0,0,0,0,1,0
1,0,1,0,0.8796800036327707,1,0,1,1,0,0,1,1,1,0.3212695565292104,0.8355051994041355,0.4205283329130815,0,0,0,1,0,0,0,0,0,1,0,0
0,0,0,0,-0.2216140816126844,1,0,0,0,0,0,0,0,1,-1.4855107636082014,-0.7700213310624897,-1.4913254081753533,0,1,0,1,0,0,0,0,1,0,0,0
1,0,1,0,0.8796800036327707,0,0,0,1,0,0,0,0,0,-1.1477792673025895,-0.2939996896541752,-1.156863779563889,0,0,0,0,0,1,0,0,0,1,0,0
1,0,0,0,-1.2821194970342338,1,1,0,0,0,0,0,0,0,-0.4706525727391211,-0.9842453527626078,-0.46998841180442363,0,0,0,0,0,0,1,0,0,0,0,0
1,0,0,0,0.9612573432805821,1,1,0,1,0,1,0,1,1,0.9834229335224794,1.2456049959975612,0.8809177698669147,1,0,0,0,0,1,0,0,0,1,0,1
1,0,1,0,1.5730873906391682,1,1,1,1,1,1,0,1,0,0.5159226849418048,1.5104130466189705,0.521434883585799,0,0,0,1,1,0,0,0,0,0,1,0
1,0,0,0,1.3283553716957337,1,1,0,0,0,0,0,0,1,-1.3241316742404952,-0.2484476948870868,-1.2724158851357465,0,1,0,1,0,0,0,0,0,0,1,0
1,0,0,0,-1.2821194970342338,1,0,0,0,0,1,0,0,0,-0.5272184391154305,-0.9849924670038432,-0.5263304202575524,0,0,0,0,0,0,1,0,0,0,0,0
1,0,1,1,0.0639066071546558,1,1,0,0,1,0,1,1,0,0.40944575999816346,0.20368826474996637,0.5323729600355795,0,0,1,0,0,0,0,0,1,0,0,0
0,0,1,0,-0.5071347703800245,1,0,0,0,0,0,0,0,0,-1.4821833597037126,-0.8337677549984875,-1.5004671752331895,0,1,1,0,0,0,1,1,0,0,0,0
0,0,0,0,-0.9965988082668935,1,0,0,0,0,0,0,0,1,-1.5204485046053335,-0.9353752918065035,-1.4810374679063385,0,1,1,0,0,0,1,0,0,0,0,0
1,0,0,1,-1.2413308272103278,1,0,0,0,0,0,0,0,0,-1.4805196577514683,-0.9876952626412537,-1.4410594986730523,0,1,0,0,0,0,1,0,0,0,0,0
1,0,1,1,0.4717933053937132,1,1,0,0,0,0,0,0,0,-1.332450184001717,-0.5610930308958344,-1.388483667255561,0,1,1,0,0,1,0,0,1,0,0,0
0,0,1,1,-0.6295007798517418,1,0,0,0,0,0,0,0,0,-1.4688737440857575,-0.8227368329661294,-1.3365635937219211,0,1,1,0,0,0,1,1,0,0,0,0
0,0,0,0,-0.26240275143659014,1,0,0,0,0,0,1,1,1,0.7954246129188627,-0.007019925226691109,0.7471646825727226,1,0,0,0,0,0,0,0,1,0,0,1
0,0,0,0,-1.2821194970342338,1,0,0,0,0,0,0,0,0,-0.6303679601545829,-0.9863548517966844,-0.6290717297897279,0,0,0,0,0,0,1,0,0,0,0,1
0,0,0,1,0.18627261662637304,1,0,0,0,0,0,0,0,0,-1.4838470616559571,-0.6745664997705302,-1.4753215308404957,0,1,1,0,0,0,0,0,1,0,0,0
1,0,0,0,-1.1189648177386107,0,0,1,1,1,1,0,0,1,-0.7202078655757802,-0.9103030168285738,-0.700327799303979,0,0,0,0,0,0,1,0,0,0,0,1
1,0,1,0,-0.7926554591473648,1,1,0,0,1,0,1,1,1,0.3462250858128763,-0.5717064479110315,0.37055277312754503,0,0,1,0,0,0,1,1,0,0,0,1
0,0,1,0,0.4310046355698075,1,1,1,1,0,1,1,1,0,0.7172306211633763,0.5643686516804964,0.6030917697122431,0,0,0,1,1,0,0,0,1,0,0,0
1,0,1,1,0.3086386260980903,1,1,0,0,1,0,1,1,1,0.3212695565292104,0.3188097797450344,0.34676357102898137,0,0,0,0,0,1,0,0,1,0,0,0
0,0,1,0,0.9204686734566764,1,0,1,1,0,1,0,0,0,-0.2693446365175495,0.3611316041161933,-0.27667807691925067,0,0,0,1,0,0,1,0,0,1,0,0
1,1,1,1,1.5730873906391682,1,0,1,1,1,0,0,0,1,0.7255491309245983,1.70914543478759,0.7325190279313237,1,0,1,0,0,0,0,0,0,0,1,0
1,1,1,0,0.4717933053937132,1,1,0,0,1,0,1,0,1,0.808734228536818,0.7690340058824556,0.8912586159561918,1,0,0,0,0,1,0,0,1,0,0,0
0,0,0,0,-1.2005421573864221,1,0,0,1,0,0,1,0,0,0.627390715742179,-0.8978877360551031,0.5795195887930706,1,0,0,0,0,1,0,0,0,0,0,1
1,1,1,0,1.613876060463074,1,1,1,1,1,0,0,1,1,1.2562700536905602,2.3116491224474056,1.3235194929008467,1,0,0,1,1,0,0,0,0,0,1,0
1,0,0,0,0.7165253243371477,1,1,1,1,1,1,1,1,0,1.645576310515748,1.5385177264583854,1.686651102349686,1,0,1,0,1,0,0,0,0,1,0,0
1,0,0,0,0.2270612864502788,1,1,1,1,0,0,1,1,1,1.329472939589313,0.7018156981195404,1.2383693135448905,1,0,1,0,0,1,0,0,1,0,0,0
1,0,1,0,1.124412022576205,1,0,0,0,0,0,0,0,0,-1.4954929753216677,-0.4536184498992934,-1.4569954491031776,0,1,0,1,0,0,1,0,0,1,0,0
0,0,0,0,-1.2821194970342338,1,0,0,0,0,0,0,1,1,0.5674974454613809,-0.970533609041111,0.5640531551000548,1,0,0,0,0,1,0,0,0,0,0,1
1,1,1,0,1.4915100509913568,1,1,0,1,0,0,1,0,1,0.8336897578204839,1.6932362962389298,0.7987394750505973,1,0,0,0,0,1,0,0,0,0,1,1
1,0,1,1,-1.078176147914705,1,0,1,0,0,0,0,0,1,-0.5238910352109417,-0.8766169541281654,-0.5188733897269912,0,0,0,0,0,1,0,0,0,0,0,0
0,0,0,0,-1.2005421573864221,1,1,0,0,0,0,0,0,1,0.3395702780038986,-0.8875819543157087,0.8385823531510835,1,0,0,0,1,0,0,0,0,0,0,1
1,0,1,0,1.4099327113435454,1,1,1,1,1,0,1,1,0,1.4975068367659972,2.2158866558796424,1.4750970011803852,1,0,1,0,1,0,0,0,0,0,1,0
1,0,0,0,-1.2821194970342338,1,0,0,0,0,0,0,1,1,-0.305946079466926,-0.9820699318837166,-0.3059337401320784,0,0,0,0,0,0,1,0,0,0,0,1
0,0,1,1,-0.6702894496756475,1,0,0,1,0,0,0,0,0,0.27801330577085626,-0.48104193734228734,0.3249103287796981,1,0,0,0,0,0,0,1,0,0,0,0
0,0,0,0,-1.2821194970342338,1,0,0,0,0,0,0,0,1,0.1781911886361926,-0.9756755129366723,0.17628756751087535,1,0,0,0,0,1,0,0,0,0,0,1
1,0,1,0,-0.1400367419648729,1,0,0,0,1,0,0,0,1,0.3462250858128763,-0.011832219898177938,0.4347408172405921,1,0,0,0,1,0,0,0,1,0,0,0
0,0,0,0,-1.2005421573864221,1,0,0,1,0,0,1,1,1,1.0050510589016561,-0.8714530762843326,1.244023864960852,1,0,0,0,0,1,0,0,0,0,0,1
1,0,1,0,-0.1400367419648729,0,0,0,0,0,0,1,0,0,-1.0363112365022151,-0.5630047643954662,-0.9985518785300219,0,0,0,0,0,0,1,0,1,0,0,0
1,0,1,1,0.349427295921996,1,0,0,0,0,0,0,0,1,-1.4938292733694234,-0.6198953164707155,-1.4407765761054974,0,1,0,1,0,0,1,0,1,0,0,0
0,0,1,1,1.5730873906391682,1,1,1,1,1,1,0,0,0,0.2064741218243471,1.2897067101787218,0.28701105056872206,0,0,0,1,0,0,1,0,0,0,1,0
0,0,1,0,0.023117937330750068,1,1,0,1,1,0,1,1,1,1.3144996220191139,0.49189857028066164,1.2723455162688417,1,0,0,0,0,1,0,0,1,0,0,1
1,0,0,0,-0.3439800910844016,1,0,1,0,0,1,0,0,0,-0.3309016087505919,-0.41391152537245857,-0.28977684064919607,0,0,0,0,0,1,0,1,0,0,0,0
1,0,1,0,1.0836233527522994,1,1,0,0,1,0,1,1,1,1.151456830699163,1.6132291505819263,1.1965947166020043,1,0,1,0,0,0,0,0,0,1,0,1
1,0,0,0,0.9612573432805821,1,1,1,1,0,0,0,0,1,0.715566919211132,1.1567423491870903,0.7612501846860047,1,0,0,0,0,1,0,0,0,1,0,0
0,0,0,0,-0.3439800910844016,1,1,0,0,1,0,1,1,1,1.1265013014154972,0.05140880322757243,1.1723535159726814,1,0,0,0,0,1,0,1,0,0,0,1
1,0,0,0,0.7573139941610534,1,1,1,1,1,1,1,0,1,0.5408782142254707,0.8068291969096587,0.52944863433732,0,0,1,0,1,0,0,0,0,1,0,0
1,0,1,0,0.2270612864502788,0,0,1,1,0,1,1,1,1,-0.16286771157390817,-0.04268364327154618,-0.23912572391675904,0,0,0,1,0,0,0,0,1,0,0,0
1,0,0,0,-0.7518667893234591,1,1,0,1,0,0,1,1,1,1.1863945716962954,-0.3844444607402031,1.1990844058375234,1,0,0,0,0,1,0,1,0,0,0,1
1,1,1,0,0.2270612864502788,0,0,0,0,0,0,0,0,1,-1.332450184001717,-0.58651688904611,-1.318389166027038,0,0,0,0,0,1,0,0,1,0,0,0
0,0,0,0,0.8796800036327707,1,1,1,0,1,0,1,1,1,1.2995263044489143,1.4716949497643592,1.308989023945206,1,0,1,0,0,0,0,0,0,1,0,1
1,1,0,0,1.613876060463074,1,1,0,0,0,0,0,0,1,-1.3241316742404952,-0.21992551003051136,-1.3280532643981906,0,1,0,1,1,0,0,0,0,0,1,0
1,0,0,0,1.613876060463074,1,1,1,1,1,1,1,1,0,0.7871061031576407,1.789570085461755,0.776693602852692,0,0,0,1,1,0,0,0,0,0,1,0
0,1,1,1,-0.18082541178877864,0,0,0,0,0,0,1,0,1,-0.9647720525557062,-0.5786502155648665,-0.9994967622562535,0,0,0,0,0,1,0,0,1,0,0,0
0,0,0,0,0.8796800036327707,1,0,0,0,1,0,1,1,1,0.9717770198567683,1.2176101858995045,0.9541509826905616,1,0,1,0,1,0,0,0,0,1,0,0
0,1,0,0,-1.2821194970342338,0,0,0,0,0,0,0,0,1,-1.3208042703360063,-0.9954740403294108,-1.3167756564970332,0,0,0,0,0,1,0,0,0,0,0,1
1,0,1,1,-0.6295007798517418,1,1,1,0,0,1,0,0,1,-0.09299222957964358,-0.5245943028166574,-0.013988557922527704,0,0,1,0,0,0,1,1,0,0,0,0
1,0,0,0,0.7573139941610534,0,0,1,0,0,1,0,1,1,-0.6802790187219147,-0.04780357321883574,-0.7342824699115448,0,0,0,0,1,0,0,0,0,1,0,0
0,0,1,0,-1.2413308272103278,1,0,1,1,0,0,1,0,0,0.8469993734384388,-0.9228281673434028,1.0048465153510022,1,0,0,0,0,1,0,0,0,0,0,0
0,1,0,0,1.5730873906391682,1,1,0,1,1,0,1,1,1,1.3644106805864458,2.2991898937773914,1.3592363481398608,1,0,1,0,0,1,0,0,0,0,1,0
1,0,0,0,-0.5887121100278361,1,1,0,0,0,0,1,0,0,0.6456914372168673,-0.3306742093195251,0.6796831593764106,1,0,0,0,0,0,0,1,0,0,0,0
0,0,1,0,-0.4255574307322131,1,0,0,0,0,0,0,0,1,0.14491714959130472,-0.3235985979760604,0.18909256943204109,1,0,0,0,0,1,0,1,0,0,0,1
1,0,0,0,0.4310046355698075,1,0,0,1,0,0,0,1,1,-0.16286771157390817,0.11348520709492638,-0.18766176753108532,0,0,0,1,0,1,0,0,1,0,0,0
1,0,0,0,-1.2005421573864221,1,0,1,0,0,0,0,0,1,-0.49061699616605386,-0.9358587186684793,-0.37498031911875573,0,0,0,0,0,0,1,0,0,0,0,0
1,0,1,0,1.5322987208152625,1,1,1,1,1,1,1,1,0,1.6888325612741026,2.4955930434292175,1.620986622077716,1,0,1,0,1,0,0,0,0,0,1,1
1,0,1,1,1.613876060463074,1,1,0,1,1,1,0,0,0,0.8503267773429278,1.8790040549272875,0.8703667950112839,1,0,0,1,0,0,0,0,0,0,1,0
0,0,1,0,1.5730873906391682,1,1,0,0,0,0,0,0,1,-1.3457597996196722,-0.2675210819868614,-1.3670026665182151,0,1,0,1,1,0,0,0,0,0,1,0
1,0,1,1,-0.2216140816126844,1,1,1,1,0,1,1,0,0,1.193049379505273,0.221157553625912,1.2771048481375804,1,0,0,0,0,1,0,0,1,0,0,0
1,0,0,1,-0.8742327987951762,1,1,0,0,0,0,0,1,0,0.7089121114021544,-0.6140062983339187,0.539196386664851,1,0,0,0,0,1,0,0,0,0,0,0
1,0,1,0,-0.8742327987951762,1,0,0,0,0,0,0,0,1,-0.6320316621068274,-0.777184838199041,-0.5795088400007459,0,0,0,0,0,0,0,0,0,0,0,0
0,1,0,0,-0.46634610055611886,0,0,1,0,0,0,1,0,1,-0.7651278182863789,-0.6373426313983895,-0.8261109386237087,0,0,0,0,0,1,0,1,0,0,0,1
1,1,0,0,-0.46634610055611886,1,0,0,0,1,0,1,1,1,1.0616169252779657,-0.11427476674051575,1.0522716513178514,1,0,0,0,0,0,0,1,0,0,0,1
1,0,0,0,-0.1400367419648729,1,1,0,0,0,0,0,1,1,0.6656558606438002,0.0992680625631818,0.7236507510529837,1,0,0,0,0,1,0,0,1,0,0,0
1,0,0,0,-1.2821194970342338,1,0,0,0,0,0,0,0,0,-1.4821833597037126,-0.9976055133117588,-1.477516092378018,0,1,0,0,0,0,1,0,0,0,0,0
1,0,0,0,-0.46634610055611886,1,0,0,0,0,0,0,0,0,-1.4938292733694234,-0.8229785463971173,-1.4927457949430794,0,1,0,0,0,0,1,1,0,0,0,0
0,0,0,0,-1.2413308272103278,1,0,0,0,0,0,0,0,1,-0.6486686816292713,-0.9709730880065436,-0.8105261393667158,0,0,0,0,0,1,0,0,0,0,0,0
0,0,1,1,-1.2413308272103278,1,0,0,0,0,0,0,0,0,0.18318229449292597,-0.9418795804949057,0.28648590757361236,1,0,0,0,0,1,0,0,0,0,0,1
0,1,0,0,-0.7926554591473648,1,1,0,0,0,0,0,1,1,0.5691611474136252,-0.5111682204226916,0.7217342964043991,1,0,0,0,0,1,0,1,0,0,0,1
0,0,0,0,-1.2413308272103278,1,1,0,0,1,0,1,0,1,0.8819371144355714,-0.9214657825505618,1.0562171701170902,1,0,0,0,0,1,0,0,0,0,0,1
0,0,0,0,-1.2821194970342338,1,1,0,0,0,0,1,0,1,0.6556736489303335,-0.9693689897827146,0.651880403571108,1,0,0,0,0,1,0,0,0,0,0,0
1,0,1,0,1.613876060463074,1,1,1,1,0,1,1,1,1,1.4991705387182415,2.4444157179045916,1.4625793029800145,1,0,0,1,1,0,0,0,0,0,1,0
1,0,1,1,0.512581975217619,1,1,0,1,1,1,1,1,1,1.4925157309092638,1.1471836816889314,1.45735017539809,1,0,0,1,0,0,0,0,1,0,0,0
1,0,1,1,-1.2821194970342338,1,0,0,0,0,0,0,0,1,0.16654527497048202,-0.9758293305745737,0.16468774224111377,1,0,0,0,0,0,1,0,0,0,0,1
1,1,1,0,1.0428346829283937,1,1,0,0,1,0,1,1,1,1.124837599463253,1.547966524215186,1.1694726069873753,1,0,0,0,0,1,0,0,0,1,0,1
0,0,1,0,1.287566701871828,0,0,1,0,1,1,0,1,0,-0.5671472859692959,0.37671113344077867,-0.5220322707156316,0,0,0,1,0,1,0,0,0,0,1,1
1,0,0,0,-1.1597534875625164,1,1,0,0,0,0,0,0,1,0.24307556477372405,-0.8722661123703829,0.3796987892056266,1,0,0,0,0,0,0,0,0,0,0,1
0,0,1,1,1.002046013104488,1,0,0,0,0,0,0,0,1,-1.4905018694649346,-0.5285276395572791,-1.5195254846457016,0,1,0,1,0,0,0,0,0,1,0,0
0,0,0,0,-1.2821194970342338,1,0,0,0,1,0,0,0,0,0.2863318155320782,-0.9742472062990164,0.28400023073009184,1,0,0,0,0,0,0,0,0,0,0,1
1,0,1,1,1.3283553716957337,1,1,0,1,1,1,1,1,1,0.6423640333123787,1.3334568411875367,0.5629059196338144,0,0,0,1,0,0,0,0,0,0,1,0
0,0,1,1,-0.9558101384429878,1,0,1,0,0,0,0,0,0,-0.5421917566856299,-0.8209569431561274,-0.5968499929292785,0,0,1,0,0,0,1,0,0,0,0,0
0,1,0,0,-0.915021468619082,0,0,0,0,0,1,0,0,1,-1.1727347965862553,-0.878484739731254,-1.1861947663174293,0,0,0,0,0,1,0,0,0,0,0,1
1,1,1,0,1.5730873906391682,0,0,0,1,1,0,1,1,1,-0.41907781221954493,0.6481113685436775,-0.3944611792632785,0,0,0,0,0,0,0,0,0,0,1,0
1,0,0,1,-1.078176147914705,1,0,0,0,0,0,0,0,1,-1.4871744655604457,-0.9633261540080165,-1.6087045924527048,0,1,0,0,0,0,1,0,0,0,0,0
0,0,1,0,-1.0373874780907992,1,0,0,0,1,0,0,0,1,0.3412339799561434,-0.7881718123348559,0.20067087369017034,1,0,0,0,0,0,0,0,0,0,0,1
0,0,1,0,1.287566701871828,1,1,1,0,1,0,1,0,1,0.9884140393792124,1.607779611410562,0.9285673072154705,1,0,0,1,1,0,0,0,0,0,1,0
1,0,1,1,0.2270612864502788,1,1,0,1,1,0,1,0,1,0.9900777413314571,0.5862547041590398,1.009032918455879,1,0,0,0,0,1,0,0,1,0,0,1
1,0,1,0,-0.4255574307322131,1,0,1,1,0,1,1,1,1,1.321154429828091,-0.04824305218426834,1.1329718581033712,1,0,0,0,0,1,0,1,0,0,0,0
1,0,0,0,0.5941593148654305,1,1,1,1,0,1,1,0,0,1.193049379505273,1.0454662751395574,1.1405538936589448,1,0,0,0,0,0,1,0,1,0,0,0
0,1,0,0,-1.2821194970342338,1,0,0,0,0,0,0,0,1,0.174863784731704,-0.9757194608332155,0.17297333171951504,1,0,0,0,0,1,0,0,0,0,0,1
1,0,1,1,-0.5887121100278361,1,0,0,0,0,1,0,1,1,0.6889476879752213,-0.3027233471180122,0.7967861573378151,1,0,0,0,0,1,0,1,0,0,0,0
1,0,1,0,1.2467780320479223,1,1,0,0,1,0,1,1,0,1.2546063517383153,1.7607402653293764,1.160562990627623,1,0,0,1,0,1,0,0,0,0,1,0
1,0,1,1,0.4310046355698075,1,1,1,0,0,1,0,1,1,0.2330933530602578,0.3880716646972112,0.29390440047869226,0,0,1,0,1,0,0,0,1,0,0,0
1,0,0,0,-1.2413308272103278,1,0,0,0,0,0,0,0,0,-0.6336953640590717,-0.970951114058272,-0.8096975804188757,0,0,0,0,0,0,1,0,0,0,0,1
0,1,1,0,0.5941593148654305,1,1,1,1,1,0,0,0,1,0.08502387931050663,0.4226366853284848,0.14120602908104862,0,0,0,0,1,0,0,0,1,0,0,0
0,0,1,0,1.0428346829283937,0,0,1,1,0,0,1,0,1,-0.6503323835815156,0.10977160983702085,-0.7004992252931874,0,0,1,0,0,1,0,0,0,1,0,0
1,0,0,0,0.3902159657459017,1,0,0,0,0,0,0,0,0,-1.500484081178401,-0.63303573753715,-1.4813037904252873,0,1,1,0,0,0,0,0,1,0,0,0
0,0,0,0,-0.8334441289712705,1,0,1,0,0,0,1,0,1,0.6739743704050222,-0.5762770291515306,0.5520390503563727,1,0,1,0,1,0,0,0,0,0,0,0
1,0,1,1,-0.017670732493155674,0,0,0,0,1,1,0,0,1,-0.9531261388899953,-0.5006866470971243,-0.9598221047806588,0,0,1,0,0,0,1,0,1,0,0,0
0,0,0,0,-1.2005421573864221,1,1,0,0,0,0,0,0,1,0.36286210533532026,-0.8983052410722641,0.5690245087870958,1,0,0,0,0,1,0,0,0,0,0,1
0,0,0,0,0.5941593148654305,1,1,1,1,0,1,0,1,0,0.30463253700676646,0.5300013965836676,0.31347577457665976,0,0,0,1,0,0,1,0,1,0,0,0
0,0,1,1,1.287566701871828,1,1,1,1,1,1,1,1,0,1.6123022714708601,2.1676977873199585,1.5883332619002917,1,0,1,0,0,1,0,0,0,0,1,0
1,0,0,1,0.8388913338088649,1,0,1,1,1,0,0,1,0,1.0333339920898112,1.2070626907291222,0.9977490481374282,1,0,1,0,0,1,0,0,0,1,0,0
0,1,1,1,-0.3439800910844016,1,0,0,0,1,0,1,1,1,1.0532984155167437,-0.011810245949906428,0.9737065082280104,1,0,0,1,0,1,0,1,0,0,0,0
1,1,0,0,-0.9558101384429878,1,1,0,0,0,0,0,1,1,0.6490188411213563,-0.6846305680789366,0.5454566098263096,1,0,0,0,1,0,0,0,0,0,0,1
1,0,1,1,-0.05845940231706142,1,1,1,0,1,0,1,0,0,1.1032094740840757,0.347969209101487,1.143135676516319,1,0,1,0,0,0,0,0,1,0,0,0
0,0,1,1,-1.1597534875625164,1,0,0,0,1,0,0,0,1,0.2946503252933002,-0.8635204809582742,0.5445820198258117,1,0,0,0,0,1,0,0,0,0,0,1
0,0,0,0,-1.2005421573864221,1,0,0,0,1,0,0,0,1,0.32792436433818806,-0.9019089685888113,0.4784353971565748,1,0,0,0,0,0,1,0,0,0,0,0
1,0,1,0,0.6349479846893362,1,0,0,0,0,0,0,0,0,-1.5187848026530892,-0.6307504469169006,-1.5615457790048042,0,1,0,1,0,0,1,0,1,0,0,0
0,0,0,0,0.2678499562741845,1,0,0,0,0,1,0,1,0,-0.1861595389053298,-0.03567395377289618,-0.27461846092396697,0,0,1,0,0,1,0,0,1,0,0,0
0,0,1,0,-0.18082541178877864,1,0,0,0,0,0,0,0,0,-1.4771922538469795,-0.7591002787714898,-1.4855057679464765,0,1,0,0,0,0,1,0,1,0,0,0
1,0,0,0,-1.2821194970342338,1,0,0,0,0,1,0,0,1,0.3129510467679884,-0.9738956231266702,0.3105141170609758,1,0,0,0,0,0,1,0,0,0,0,0
0,0,0,0,-1.0373874780907992,1,1,0,0,0,1,1,1,1,0.32459696043369946,-0.7775364213713871,0.3152487396200626,0,0,0,0,0,1,0,0,0,0,0,1
1,0,0,0,-0.7518667893234591,1,1,0,1,0,0,0,0,1,-0.3126008872759036,-0.6692268303405242,-0.33493330330648313,0,0,0,0,1,0,0,1,0,0,0,0
0,0,1,0,-0.5071347703800245,1,0,0,0,1,1,0,0,1,0.5358871083687373,-0.2665981761594529,0.6381263250369622,1,0,0,0,0,0,1,1,0,0,0,0
1,0,0,0,-0.017670732493155674,1,0,0,0,0,0,0,0,1,-1.492165571417179,-0.7365110599482544,-1.515578019044424,0,1,0,1,0,0,0,0,1,0,0,0
1,0,0,0,-0.2216140816126844,1,0,0,0,0,0,0,0,0,-1.4821833597037126,-0.7729218922343449,-1.4994268734431235,0,1,0,1,1,0,0,0,1,0,0,0
1,1,0,0,0.1454839468024673,1,1,1,0,0,0,1,0,1,0.8636363929608828,0.3939387088857363,0.7817800341713771,1,0,0,0,0,1,0,0,1,0,0,1
1,0,0,0,-0.9558101384429878,1,0,0,0,0,0,0,0,0,-1.4855107636082014,-0.928101914928594,-1.4946396439667142,0,1,0,0,0,0,1,0,0,0,0,1
1,0,1,0,0.3902159657459017,1,1,0,0,1,1,1,1,1,1.3727291903476677,0.9766878170493565,1.4090254611450148,1,0,0,0,0,0,0,0,1,0,0,1
1,0,0,0,-0.7518667893234591,1,0,0,0,0,0,1,1,1,0.9318481730029032,-0.4187677679404887,1.0141973949051981,1,0,0,0,0,1,0,1,0,0,0,0
1,0,0,0,-1.2821194970342338,1,0,1,0,0,0,0,0,0,-0.45401555321667714,-0.9840256132798916,-0.45341723284762114,0,0,0,0,0,0,1,0,0,0,0,0
0,0,1,1,1.4099327113435454,1,1,0,1,0,1,1,0,0,0.9717770198567683,1.7633991130702438,0.9657929458393739,1,0,0,1,1,0,0,0,0,0,1,0
1,0,0,1,1.5730873906391682,1,0,1,1,1,1,1,0,1,0.3994635482846972,1.4205615721362768,0.4259988966078196,0,0,0,1,1,0,0,0,0,0,1,0
0,0,1,0,-0.7110781194995532,1,1,0,0,0,0,0,0,0,-1.3208042703360063,-0.8360750195670087,-1.2949017002740542,0,1,0,1,0,0,1,1,0,0,0,0
1,0,1,1,1.287566701871828,1,1,0,0,1,0,0,1,0,0.8436719695339502,1.4673441080065763,0.7630885498515251,1,0,1,0,1,0,0,0,0,0,1,0
1,1,1,1,-0.18082541178877864,1,1,0,0,0,0,0,0,1,-0.4623340629778991,-0.3992768758235532,-0.5163877128834707,0,0,1,0,0,1,0,0,1,0,0,0
1,0,0,0,-0.6702894496756475,1,0,0,0,0,1,0,0,1,-0.5139088234974752,-0.6554052168776692,-0.4969165776092278,0,0,0,0,0,0,1,1,0,0,0,0
1,0,1,1,1.5322987208152625,1,0,1,1,1,1,1,0,1,1.2046952931709836,2.067518557149599,1.1598107117099017,1,0,0,1,1,0,0,0,0,0,1,0
0,0,1,1,0.8388913338088649,1,0,0,0,0,0,0,0,1,-1.4988203792261565,-0.5497324996394019,-1.5019663979331492,0,1,1,0,0,0,0,0,0,1,0,0
1,0,1,1,1.4099327113435454,1,1,0,1,1,0,1,1,1,1.3477736610640019,2.065167344684535,1.3054526482479845,1,0,1,0,0,1,0,0,0,0,1,0
0,0,0,0,0.5533706450415247,1,1,0,0,1,0,1,1,1,1.2046952931709836,1.0477515657598069,1.2158768769356745,1,0,1,0,0,1,0,0,1,0,0,0
1,0,0,0,1.613876060463074,1,1,1,1,1,1,1,1,0,0.7238854289723541,1.7291197537665013,0.713377889921909,0,0,0,1,0,0,0,0,0,0,1,0
0,0,0,0,-1.2413308272103278,1,1,0,0,0,0,0,0,1,0.33291547019492146,-0.9467577970112075,0.10254582115310425,1,0,0,0,0,0,1,0,0,0,0,0
1,0,1,0,-0.5071347703800245,1,0,1,0,0,1,0,1,1,-0.024780449537623282,-0.44645494276274217,-0.04004917377018166,0,0,1,0,0,0,1,1,0,0,0,0
0,0,1,0,0.023117937330750068,1,0,0,0,0,0,0,0,0,-1.492165571417179,-0.7123397168494617,-1.4796251515179746,0,1,0,0,0,0,1,0,1,0,0,0
0,0,1,1,-0.38476876090830736,1,1,0,0,0,0,0,0,0,-1.3241316742404952,-0.7378294968445522,-1.2708806956471064,0,1,0,1,0,0,1,1,0,0,0,0
0,0,0,0,-0.915021468619082,1,0,0,0,0,0,0,1,1,0.5109315790850714,-0.6347497055023372,0.651880403571108,1,0,0,0,0,0,0,0,0,0,0,1
1,0,1,0,-0.9965988082668935,1,0,0,1,1,0,0,0,1,-0.3375564165595695,-0.8106072135201899,-0.3048980414472783,0,0,0,0,0,0,1,0,0,0,0,0
1,0,0,0,-1.1189648177386107,1,0,0,0,0,0,0,1,0,0.46102052051773956,-0.8191770533461254,0.674085783373224,1,0,0,0,0,0,1,0,0,0,0,0
1,0,0,0,-1.2821194970342338,1,0,1,0,0,0,0,0,0,-0.563819882064807,-0.9854758938658192,-0.5627870139625177,0,0,0,0,0,1,0,0,0,0,0,0
1,0,0,1,-0.915021468619082,1,1,0,0,0,0,0,0,0,-1.3341138859539616,-0.9081495698979541,-1.4099056822342637,0,1,0,0,1,0,0,0,0,0,0,0
1,1,0,0,-1.2821194970342338,1,1,0,0,0,0,0,0,1,0.36119840338307596,-0.973258378626793,0.35857053603570327,1,0,0,0,0,1,0,0,0,0,0,1
1,0,1,1,1.613876060463074,1,0,1,1,1,1,1,1,0,1.5657186168080173,2.5238295669582618,1.545757415132632,1,0,0,1,0,0,0,0,0,0,1,0
0,1,0,0,-0.46634610055611886,1,1,0,0,0,0,1,1,1,1.015033270615123,-0.11656005736076525,1.0440649722154347,1,0,0,0,0,0,0,1,0,0,0,0
0,0,1,1,1.4099327113435454,1,0,1,1,1,0,0,0,0,0.6623284567393112,1.453786181922981,0.6173035256881084,1,0,1,0,0,0,0,0,0,0,1,0
1,0,0,0,-1.2413308272103278,0,0,0,0,0,0,0,0,1,-1.3257953761927397,-0.9817842705561853,-1.2181771417040583,0,0,0,0,0,1,0,0,0,0,0,1
1,1,0,0,-0.6702894496756475,1,0,0,0,0,0,0,0,0,0.15822676520926007,-0.5480405056224864,0.009125799784129656,1,0,0,0,0,1,0,1,0,0,0,0
0,0,1,1,1.5322987208152625,1,1,1,1,1,1,1,1,1,0.8020794207278403,1.7591801150020907,0.8276295929643969,0,0,0,1,0,0,0,0,0,0,1,0
1,0,0,0,1.450721381167451,1,1,0,0,0,0,0,0,0,-1.3424323957151836,-0.27815647295033014,-1.3441668405373952,0,1,0,1,0,0,1,0,0,0,1,0
1,0,0,0,-1.2005421573864221,1,1,0,0,0,0,0,0,0,0.3196058545769661,-0.9109842092249945,0.2503055001845934,1,0,0,0,0,1,0,0,0,0,0,0
1,1,1,0,1.613876060463074,0,0,1,1,1,1,1,1,1,-0.059718190534755695,1.0526517562243805,0.004844911886955791,0,0,0,1,0,0,0,0,0,0,1,0
1,0,1,1,0.5533706450415247,1,0,0,0,0,0,0,0,0,-1.5021477831306453,-0.6301351763652949,-1.5348667812893868,0,1,0,1,1,0,0,0,1,0,0,0
0,0,0,0,-1.2413308272103278,1,0,0,0,0,0,0,0,1,-1.4788559557992238,-0.9878930281756985,-1.4485165292036135,0,1,0,0,0,0,1,0,0,0,0,0
0,1,1,0,1.4099327113435454,1,1,1,1,1,1,0,1,1,1.3477736610640019,2.0854492989392486,1.3282813022436992,1,0,1,0,1,0,0,0,0,0,1,0
0,0,0,0,-0.7110781194995532,1,1,0,0,0,0,0,0,0,-0.533873246924408,-0.7290618914841719,-0.756890756809865,0,0,0,0,0,0,1,1,0,0,0,0
0,0,0,0,1.5322987208152625,1,0,1,0,1,1,1,1,0,0.4893034537058941,1.4498967930789024,0.4944305303686886,0,0,0,1,0,0,0,0,0,0,1,0
0,0,0,0,-1.2005421573864221,1,0,0,1,0,1,1,1,1,0.3462250858128763,-0.8992720947962158,0.544720112983785,0,0,0,0,0,1,0,0,0,0,0,0
0,0,1,1,-0.3439800910844016,1,0,0,0,0,0,0,0,1,-1.5038114850828896,-0.7894243273863388,-1.4697138289525236,0,1,0,1,0,0,1,1,0,0,0,0
0,0,0,0,-1.0373874780907992,1,1,1,0,0,0,0,0,1,0.49096715565813887,-0.7407959798612223,0.7110631855596887,1,0,0,0,0,0,1,0,0,0,0,1
0,0,1,1,1.124412022576205,0,0,1,0,1,1,1,1,0,-0.16785881743064132,0.5712684714377881,-0.1688348528961322,0,0,0,1,1,0,0,0,0,1,0,0
0,0,0,1,0.349427295921996,1,0,0,0,0,0,0,0,0,-0.6553234894382487,-0.19707260382801645,-0.6630628554059984,0,0,0,0,0,0,0,0,1,0,0,0
0,0,0,0,-1.0373874780907992,1,0,0,0,0,0,0,0,0,-1.4971566772739122,-0.9304531273936583,-1.3321631798140643,0,1,1,0,0,0,1,0,0,0,0,0
0,1,0,0,0.3902159657459017,1,1,0,1,1,0,1,1,1,1.3261455356848244,0.8935164228412379,1.25968757459383,1,0,0,0,0,0,0,0,1,0,0,1
0,1,0,0,1.2467780320479223,1,1,1,1,1,1,1,0,0,0.6024351864585131,1.2976612794530518,0.6062439027932476,0,0,1,0,0,0,0,0,0,0,1,0
1,0,1,1,-1.2005421573864221,1,0,0,1,1,0,0,0,1,-0.29097276189672655,-0.9326505222208212,-0.2943339148623166,0,0,0,0,0,0,1,0,0,0,0,1
1,1,1,0,-1.1189648177386107,1,1,0,0,1,0,0,0,1,0.4992856654193608,-0.8553901200977712,0.12789972495701168,1,0,0,0,0,0,0,0,0,0,0,1
1,0,1,1,0.1454839468024673,0,0,1,0,1,1,1,1,0,-0.13957588424248657,-0.024511188050908246,-0.09478930159081929,0,0,1,0,1,0,0,0,1,0,0,0
0,0,1,0,1.4099327113435454,1,1,0,1,1,0,1,1,1,1.3577558727774681,1.9893572231474121,1.2201234431719117,1,0,1,0,0,0,0,0,0,0,1,0
1,0,0,0,-0.9558101384429878,1,1,1,0,0,0,0,0,1,0.5408782142254707,-0.6617996358247134,0.7367616646720635,1,0,0,0,0,1,0,0,0,0,0,0
0,0,1,0,-1.2821194970342338,1,0,0,0,0,0,1,0,0,0.46268422246998386,-0.9719179677822235,0.45965472767219867,1,0,0,0,0,1,0,0,0,0,0,1
0,0,1,1,1.613876060463074,1,1,0,0,0,0,0,0,0,-1.3241316742404952,-0.19006291432936664,-1.2967751641172258,0,1,0,1,0,0,0,0,0,0,1,0
1,0,0,0,0.9612573432805821,1,1,0,0,0,0,0,0,1,-1.2958487410523405,-0.37191931022537417,-1.2973341126137847,0,1,0,1,0,0,0,0,0,1,0,0
0,1,0,0,0.0639066071546558,0,0,0,1,1,0,1,1,1,-0.2876453579922377,-0.230451031252622,-0.4305587536395612,0,0,0,0,0,1,0,0,1,0,0,0
0,0,0,1,-0.7926554591473648,1,1,0,1,1,0,1,1,1,1.306181112257892,-0.4356217862648288,1.1599782445081461,1,0,1,0,1,0,0,1,0,0,0,0
1,1,1,0,-0.6702894496756475,1,1,0,0,0,0,1,0,1,0.6706469665005331,-0.39516774749675837,0.7296613747996004,1,0,0,0,1,0,0,1,0,0,0,0
1,0,1,1,1.0428346829283937,1,0,0,0,0,0,0,0,1,-1.508802590939623,-0.5192546333866515,-1.5183726198059968,0,1,1,0,0,1,0,0,0,1,0,0
1,1,0,0,0.6757366545132419,1,1,1,1,1,1,0,1,0,0.5475330220344479,0.7781312204669104,0.594726745536422,0,0,0,1,1,0,0,0,0,1,0,0
0,0,0,0,-0.30319142126049586,1,1,0,0,0,0,1,0,1,0.6556736489303335,-0.08889485648678332,0.6161529417402422,1,0,0,0,0,0,1,0,1,0,0,0
1,0,0,0,-1.2821194970342338,1,0,0,0,0,0,0,0,0,-1.4788559557992238,-0.9975615654152156,-1.4742018565866575,0,1,0,1,0,0,1,0,0,0,0,0
0,0,0,0,0.7573139941610534,1,1,1,1,1,0,1,1,0,1.4159854411060218,1.490087144467713,1.5397706705781395,1,0,1,0,0,0,0,0,0,1,0,0
0,0,0,0,-1.1189648177386107,1,0,1,0,0,1,1,0,1,-0.018125641728646082,-0.8515666530985077,0.18556742772668483,0,0,0,0,0,1,0,0,0,0,0,0
0,0,0,0,-0.5071347703800245,1,0,0,0,0,0,0,0,0,-1.5038114850828896,-0.8277029452755178,-1.4775989482728022,0,1,0,1,0,0,1,1,0,0,0,0
1,0,0,0,-1.2821194970342338,1,1,0,0,0,0,0,0,1,0.3112873448157441,-0.9739175970749419,0.3088569991652957,1,0,0,0,0,0,1,0,0,0,0,1
0,0,1,0,0.7981026639849592,1,1,0,1,1,0,1,1,1,1.3361277473982907,1.4654543484552165,1.4330521531251483,1,0,0,0,0,1,0,0,0,1,0,1
0,0,0,1,-1.2413308272103278,1,0,0,1,0,0,0,0,0,-0.44403334150321083,-0.9598762441293706,-0.3921038707074517,0,0,0,0,0,0,1,0,0,0,0,0
1,0,1,0,1.2467780320479223,1,0,1,0,1,0,1,1,0,1.1581116385081407,1.775528732516183,1.1782652183068738,1,0,0,1,1,0,0,0,0,0,1,0
1,1,0,0,-0.09924807214096716,1,1,1,0,0,0,0,1,1,0.8519904792951721,0.13427256215988798,0.7157899170811768,1,0,0,0,1,0,0,0,1,0,0,0
1,0,1,0,0.7165253243371477,1,1,1,0,1,0,1,1,1,1.2995263044489143,1.292497401609219,1.3155892631489636,1,0,1,0,0,1,0,0,0,1,0,0
1,0,1,1,-0.8742327987951762,1,1,1,0,0,0,1,0,1,0.0084935895072646,-0.688651800612645,0.027448251062503662,0,0,0,0,0,0,0,0,0,0,0,0
0,1,0,0,-0.7518667893234591,1,1,0,1,0,0,0,0,1,0.46767532832671727,-0.522309012196408,0.45645885744481524,1,0,0,0,0,1,0,1,0,0,0,1
1,0,0,0,1.002046013104488,0,0,0,1,0,0,1,0,1,-0.8516403198030874,-0.07861104869566077,-0.9242712931710841,0,0,0,0,0,1,0,0,0,1,0,1
1,1,1,0,1.613876060463074,1,1,0,1,1,1,1,1,0,1.4908520289570195,2.464653724262763,1.4837766027289243,1,0,0,1,1,0,0,0,0,0,1,0
1,0,1,1,0.7573139941610534,1,0,0,0,0,0,0,0,0,-1.508802590939623,-0.5289451445744401,-1.4457384197902672,0,1,0,1,1,0,0,0,0,1,0,0
1,0,1,0,-0.7110781194995532,1,0,0,0,0,0,0,0,1,0.12328902421212741,-0.519342529179738,0.29747812294829123,1,0,0,0,0,0,0,1,0,0,0,0
0,0,0,0,-1.2005421573864221,1,0,0,0,0,0,1,1,1,0.81705273829804,-0.9008761930200448,0.5043969108555654,1,0,0,0,0,1,0,0,0,0,0,1
1,1,1,0,-0.7110781194995532,1,1,0,0,0,0,0,1,1,0.6889476879752213,-0.4152079883204847,0.8210169034568728,1,0,0,0,0,0,0,1,0,0,0,1
1,0,0,0,-0.9558101384429878,1,0,0,0,0,0,0,0,1,-1.4888381675126903,-0.9346062036169964,-1.5491404103135313,0,1,1,0,0,0,1,0,0,0,0,0
1,0,1,1,1.1652006924001108,1,0,1,1,1,1,0,0,1,0.10498830273743917,0.8209144977517734,0.10728626496943537,0,0,0,1,0,0,0,0,0,0,1,0
0,0,0,0,-1.2413308272103278,1,0,0,0,0,0,0,0,1,0.2014830159676142,-0.9459227869768857,0.1340310611710287,1,0,0,0,0,1,0,0,0,0,0,1
0,0,1,1,0.349427295921996,0,0,1,0,1,0,0,0,0,-0.9814090720781501,-0.38582881948131575,-1.010249263305837,0,0,1,0,1,0,0,0,1,0,0,0
0,0,1,1,0.0639066071546558,1,1,0,0,0,0,0,0,0,-1.3291227800972283,-0.613522871471943,-1.2802215852687926,0,1,0,1,1,0,0,0,1,0,0,0
1,0,1,0,0.8796800036327707,1,0,1,1,1,1,1,1,0,1.4925157309092638,1.6787554643279259,1.59815609674141,1,0,0,1,0,0,0,0,0,1,0,1
0,0,1,1,1.613876060463074,0,0,1,1,1,1,1,1,0,-0.01479823782415701,0.9834118452204752,-0.06767701157538435,0,0,0,1,0,0,0,0,0,0,1,0
1,0,0,0,1.4915100509913568,1,1,0,1,0,1,1,1,1,1.3411188532550242,2.239464702375102,1.3957342091204488,1,0,1,0,0,0,0,0,0,0,1,0
0,0,1,0,1.5730873906391682,1,1,0,0,0,0,0,0,0,-1.335777587906206,-0.19926999865517944,-1.294509593504372,0,1,0,1,0,0,0,0,0,0,1,0
0,0,1,1,1.1652006924001108,0,0,1,1,0,1,0,1,1,-0.4723162746913654,0.3508917442216138,-0.4737916332043456,0,0,1,0,0,0,0,0,0,0,1,0
1,0,1,1,1.5730873906391682,1,0,0,0,0,0,0,0,0,-1.5121299948441116,-0.40074913035775234,-1.50851119893384,0,1,0,1,0,0,1,0,0,0,1,0
1,0,1,1,1.3691440415196396,1,0,0,0,0,0,0,0,1,-1.4821833597037126,-0.4090772567527,-1.4692807185934253,0,1,1,0,0,1,0,0,0,0,1,0
1,0,0,0,-0.26240275143659014,1,1,0,0,0,0,0,1,1,0.6340455235511566,-0.015875426380157924,0.7214793551896785,1,0,0,0,0,1,0,0,1,0,0,1
0,1,0,0,0.7981026639849592,1,1,1,0,1,0,0,0,0,-0.16785881743064132,0.3572641892203864,-0.1740972644699784,0,0,0,1,0,0,0,0,0,1,0,0
0,1,0,0,0.4717933053937132,1,0,0,0,1,1,1,1,0,0.33125176824267666,0.429690322723678,0.30964789634277967,0,0,1,0,0,0,0,0,1,0,0,0
0,0,1,0,1.124412022576205,0,0,0,1,1,1,1,1,0,-0.13624848033799797,0.57709156772977,-0.16151591552354447,0,0,0,1,1,0,0,0,0,1,0,0
1,0,0,0,0.3086386260980903,1,1,0,0,1,1,1,1,0,1.3278092376370687,0.8093562009608961,1.2716010686081312,1,0,0,0,0,0,0,0,1,0,0,1
0,1,0,0,-0.09924807214096716,0,0,0,0,1,0,1,0,1,-0.8183662807581995,-0.49106205775415046,-0.8561521187611121,0,0,0,0,0,1,0,0,1,0,0,1
1,0,1,0,0.4310046355698075,1,1,1,1,0,1,0,0,0,0.04509503245664108,0.2711702598921411,0.08888423292011201,0,0,0,0,0,0,0,0,1,0,0,0
1,1,0,0,-1.2413308272103278,1,0,0,0,1,0,0,0,0,-0.4972718039750313,-0.9594807130604812,-0.37718980964632953,0,0,0,0,0,0,1,0,0,0,0,0
1,0,1,1,1.4915100509913568,1,0,1,1,0,1,1,1,0,0.5242411947030268,1.429285229600114,0.510256863993913,0,0,0,1,0,0,0,0,0,0,1,0
0,0,0,1,-1.1597534875625164,1,1,0,1,1,0,0,0,0,0.6373729274556452,-0.8599607013382702,0.6116952946008621,1,0,0,0,0,0,0,0,0,0,0,1
0,0,0,0,-1.2821194970342338,1,0,1,0,0,0,1,1,1,1.0216880784241003,-0.964534721162956,1.016446340620764,1,0,0,0,0,1,0,0,0,0,0,1
0,0,0,0,-0.38476876090830736,1,0,1,0,0,0,0,0,1,0.33624287409941,-0.22493557023644298,0.41080577405171115,1,0,0,0,0,0,0,1,0,0,0,0
1,0,1,0,1.5730873906391682,1,1,1,1,0,1,1,0,0,0.2863318155320782,1.3480695167881704,0.34900126368036677,0,0,0,1,1,0,0,0,0,0,1,0
0,0,1,0,-0.8334441289712705,1,0,0,0,0,0,0,0,0,-0.6320316621068274,-0.7841945276976909,-0.7545984103875072,0,0,0,0,0,0,0,0,0,0,0,0
0,0,1,1,-0.9965988082668935,1,0,0,0,0,0,0,0,0,-1.5254396104620669,-0.9179060029305578,-1.3163613770231133,0,1,0,1,0,0,1,0,0,0,0,0
0,0,0,0,0.7981026639849592,1,0,0,0,0,0,0,0,0,-1.4722011479902464,-0.5569839025690396,-1.4999827869252216,0,1,1,0,0,0,1,0,0,1,0,0
1,0,0,0,0.7573139941610534,1,1,0,0,0,0,0,1,0,0.6157448020764684,0.8170470828559665,0.5445576504449929,1,0,0,0,0,0,0,0,0,1,0,0
1,1,0,0,0.9204686734566764,0,0,1,1,0,0,1,0,1,-0.6669694031039595,0.08294141899736107,-0.65811648708856,0,0,0,0,0,1,0,0,0,1,0,0
0,0,1,0,-0.9965988082668935,1,1,0,0,0,0,0,1,1,0.6756380723572665,-0.7308198073459024,0.4472263434545968,1,0,0,0,1,0,0,0,0,0,0,1
1,0,0,0,-0.1400367419648729,1,0,0,0,0,0,0,0,0,-1.5237759085098224,-0.7738447980617533,-1.5468293340145747,0,1,1,0,0,0,1,0,1,0,0,0
0,0,1,0,-0.7110781194995532,1,0,0,0,0,0,0,0,0,-1.4788559557992238,-0.8611692684932098,-1.4210636093985107,0,1,0,0,1,0,0,1,0,0,0,0
0,0,0,0,1.3283553716957337,1,0,1,1,0,1,0,0,1,-0.17617732719186327,0.6370145246665044,-0.2451047662998772,0,0,0,1,0,0,1,0,0,0,1,0
0,0,0,0,-0.4255574307322131,1,1,0,0,0,0,0,0,1,0.3695169131442979,-0.2226942275127368,0.5349782683849372,1,0,1,0,1,0,0,1,0,0,0,0
0,1,0,0,-1.0373874780907992,1,0,1,0,0,0,0,0,1,-0.5555013723035851,-0.8569722443733286,-0.5405342879348115,0,0,0,0,0,1,0,0,0,0,0,0
1,0,0,0,-1.2005421573864221,1,0,0,0,1,0,0,0,1,0.2896592194365668,-0.9043700507952338,0.41656966238451215,1,0,0,0,1,0,0,0,0,0,0,0
0,0,0,0,1.613876060463074,1,1,1,1,0,0,0,0,0,-0.17118622133513015,0.8678288773117029,-0.18873868006535824,0,0,0,1,0,0,0,0,0,0,1,0
1,0,1,1,0.5941593148654305,1,1,0,1,0,0,0,0,0,-0.3541934360820135,0.10893659980269887,-0.3621347172749366,0,0,0,0,0,1,0,0,1,0,0,0
1,0,1,0,1.4099327113435454,1,0,1,1,0,0,0,1,1,0.8553178831996607,1.655001626246294,0.8437845491320495,1,0,1,0,1,0,0,0,0,0,1,1
0,0,1,1,1.613876060463074,1,1,1,1,1,1,0,0,1,0.18484599644517027,1.2636675814768406,0.22586301122330973,0,0,0,1,0,0,0,0,0,0,1,0
1,0,0,0,-0.915021468619082,1,1,0,0,0,0,1,0,1,0.703921005545421,-0.6399795051909851,0.612440997653918,1,0,0,0,0,0,0,0,0,0,0,1
0,0,1,1,-0.6295007798517418,1,1,1,0,1,0,1,1,1,1.3078448142101362,-0.24031733402658378,1.2470781606901453,1,0,0,0,0,1,0,1,0,0,0,1
1,0,1,0,0.5941593148654305,1,0,0,0,0,0,0,0,0,-1.5054751870351342,-0.5788919289958545,-1.4657752357979854,0,1,0,1,0,0,1,0,1,0,0,0
1,0,1,1,-0.6295007798517418,1,1,0,0,0,0,0,0,1,-1.3224679722882509,-0.8252198891208237,-1.347578553852031,0,1,0,1,0,0,1,1,0,0,0,0
1,1,0,0,-0.8742327987951762,1,0,0,0,0,0,0,1,1,0.4527020107565176,-0.622356398677138,0.48195049572316984,1,0,0,0,0,1,0,0,0,0,0,0
0,0,0,0,-1.2821194970342338,1,0,0,0,0,0,0,0,0,0.2064741218243471,-0.9753019558160546,0.20445857173743948,1,0,0,0,0,0,1,0,0,0,0,0
1,0,0,1,-1.2005421573864221,1,0,0,0,0,1,1,1,0,0.19316450620639225,-0.9073804817084471,0.340894611815114,0,0,0,0,0,0,1,0,0,0,0,0
0,0,0,0,-1.2821194970342338,1,0,0,0,0,0,0,0,0,-1.4954929753216677,-0.9977813048979318,-1.4907730355434599,0,1,0,0,1,0,0,0,0,0,0,0
1,1,1,0,0.8388913338088649,1,1,1,0,0,1,0,0,1,-0.16120400962166387,0.41281433045106636,-0.13237409034111453,0,0,1,0,0,1,0,0,0,1,0,1
1,0,0,0,-1.2413308272103278,1,0,0,1,0,0,0,0,0,-0.5205636313064529,-0.9639194506113504,-0.5445587171100351,0,0,0,0,0,0,1,0,0,0,0,0
1,0,0,0,-1.2821194970342338,0,0,0,0,0,0,0,0,1,-1.3474235015719167,-0.9958256235017567,-1.3432895428279175,0,0,0,0,0,1,0,0,0,0,0,0
0,0,1,1,1.4915100509913568,1,1,0,1,1,1,1,1,1,1.459241691864376,2.2864889516763895,1.4471288800879236,1,0,1,0,0,0,0,0,0,0,1,0
1,0,0,0,-0.5887121100278361,1,0,0,0,0,0,0,0,0,-1.5187848026530892,-0.860927555062222,-1.5418675039936012,0,1,0,0,0,0,1,1,0,0,0,0
1,0,0,0,-1.0373874780907992,1,1,0,0,1,0,1,0,1,0.8503267773429278,-0.7457401182223389,0.6577986817699666,1,0,0,0,0,1,0,0,0,0,0,1
0,0,1,1,0.512581975217619,1,1,0,0,0,0,0,0,1,-1.297512443004585,-0.4718788009130178,-1.255941017304505,0,1,1,0,1,0,0,0,1,0,0,0
0,0,0,0,-1.2821194970342338,1,0,0,0,0,0,0,1,1,-0.2876453579922377,-0.9818282184527286,-0.28770544327959574,0,0,0,0,0,1,0,0,0,0,0,1
0,0,1,1,1.2467780320479223,1,0,1,1,1,1,1,0,0,0.35454359557409826,1.0624521371535274,0.324691681279574,0,0,0,1,1,0,0,0,0,0,1,0
0,0,0,0,-1.2821194970342338,1,0,0,0,0,0,0,0,0,-1.5054751870351342,-0.9979131485875615,-1.5007157429175417,0,1,0,0,0,0,1,0,0,0,0,1
1,0,1,1,-1.2821194970342338,1,1,0,0,0,0,0,0,1,0.3196058545769661,-0.9738077273335838,0.31714258864369693,1,0,0,0,0,1,0,0,0,0,0,1
1,0,1,1,1.3283553716957337,1,1,1,0,1,1,1,1,0,1.4559142879598874,2.042534177964756,1.3855757254139083,1,0,0,1,0,0,0,0,0,0,1,1
1,1,1,0,-0.1400367419648729,1,1,0,0,0,0,0,0,1,-0.4423696395509663,-0.372820242104511,-0.5039878996640702,0,0,0,0,0,1,0,0,1,0,0,0
1,0,1,0,-1.1597534875625164,1,0,0,0,1,1,0,0,1,0.522577492750782,-0.8662891984404996,0.4923828061118836,1,0,0,0,0,0,1,0,0,0,0,1
1,0,0,0,0.18627261662637304,1,1,1,0,0,0,1,0,1,0.8736186046743495,0.4741655940254565,0.866006907875089,1,0,0,0,0,1,0,0,1,0,0,0
0,0,0,0,0.4717933053937132,1,1,0,0,0,0,0,0,1,-0.49061699616605386,-0.06645945530144949,-0.5407172165336853,0,0,0,0,0,0,1,0,1,0,0,0
1,0,0,0,0.7573139941610534,1,1,0,0,0,0,0,0,0,-1.335777587906206,-0.46396817953523106,-1.349658074348571,0,1,0,1,0,0,1,0,0,1,0,0
0,0,0,1,0.0639066071546558,1,0,1,1,1,0,1,1,1,1.346109959111757,0.6145132016363555,1.4435928476131683,1,0,0,0,0,0,0,0,1,0,0,0
0,0,1,1,0.512581975217619,1,1,1,1,1,1,1,0,0,0.5458693200822036,0.5496900542350478,0.4560458931438285,0,0,0,0,0,0,1,0,1,0,0,0
0,1,0,0,-0.2216140816126844,1,1,0,0,0,0,0,1,1,0.6773017743095108,-0.001350646572610602,0.655624262520608,1,0,0,0,0,1,0,0,1,0,0,1
0,0,1,0,1.5730873906391682,1,0,0,0,0,0,0,0,0,-1.5237759085098224,-0.4033860041503479,-1.5113119615744264,0,1,0,1,1,0,0,0,0,0,1,0
1,0,0,0,-1.2413308272103278,1,0,0,0,0,0,0,0,0,-1.5154573987486004,-0.9861790602105114,-1.3838889312720837,0,1,0,0,0,0,1,0,0,0,0,0
1,0,1,0,1.613876060463074,1,1,0,0,0,0,0,0,0,-1.3341138859539616,-0.18283348534800045,-1.28920305595502,0,1,0,1,1,0,0,0,0,0,1,0
0,1,0,0,-0.09924807214096716,1,1,0,1,0,0,1,1,1,1.1581116385081407,0.2975389978180968,1.1262027825779861,1,0,0,0,0,1,0,0,1,0,0,1
1,0,0,0,-1.1597534875625164,1,0,0,0,0,0,0,0,0,-1.4954929753216677,-0.9765764448158092,-1.5868858734929148,0,1,1,0,0,0,1,0,0,0,0,0
1,0,0,0,-0.6295007798517418,1,0,0,0,0,0,0,0,1,-1.4771922538469795,-0.8457875047030691,-1.4388175156377203,0,1,1,0,0,0,1,1,0,0,0,0
1,0,0,0,0.4310046355698075,0,0,1,0,1,0,0,0,1,-0.9880638798871275,-0.36328354855462364,-1.0238126275909567,0,0,1,0,1,0,0,0,1,0,0,0
1,0,1,1,1.613876060463074,0,0,1,0,1,1,1,1,0,-0.1312573744812646,0.9926628774428314,-0.05798747499092034,0,0,0,1,0,0,0,0,0,0,1,0
1,0,0,0,1.002046013104488,1,1,0,0,0,0,1,0,1,0.732203938733576,1.1641475697546295,0.719938526269134,1,0,1,0,0,1,0,0,0,1,0,0
0,0,1,0,1.0836233527522994,1,1,0,1,0,0,1,1,0,1.2046952931709836,1.6478600930580145,1.2408594251374627,1,0,0,0,0,1,0,0,0,1,0,1
1,0,1,1,1.0428346829283937,0,0,1,1,1,0,1,0,0,-0.495608102022787,0.27666374696004853,-0.48350249395367817,0,0,1,0,0,0,1,0,0,1,0,0
0,0,1,0,1.613876060463074,1,1,1,1,1,0,1,1,1,1.5257897699541518,2.4001601860855297,1.4162260329536251,1,0,0,1,0,1,0,0,0,0,1,0
0,1,0,0,1.287566701871828,1,1,1,0,1,1,1,1,1,1.4658964996733537,2.1187178566224967,1.5306189526898029,1,0,0,0,0,0,0,0,0,0,1,0
1,0,1,0,1.5322987208152625,1,1,0,1,1,1,0,1,1,1.124837599463253,2.007793365747309,1.0954671911319165,1,0,0,1,0,0,0,0,0,0,1,0
1,0,0,0,-0.7110781194995532,1,1,0,0,0,0,0,0,1,-0.5288821410676748,-0.6772692954079407,-0.4965022981353076,0,0,0,0,0,1,0,1,0,0,0,0
1,0,1,0,1.613876060463074,1,1,1,1,1,0,1,1,1,0.6773017743095108,1.6668455843647028,0.648151888305828,0,0,0,1,0,1,0,0,0,0,1,0
1,0,0,0,-1.2413308272103278,1,0,0,0,0,0,0,0,0,-1.5137936967963561,-0.9843112746074228,-1.313461420705673,0,1,0,0,0,0,1,0,0,0,0,0
1,0,1,1,1.3283553716957337,1,1,1,1,1,1,0,0,0,0.986750337426968,1.6649338508650708,0.9474847420389937,1,0,0,1,1,0,0,0,0,0,1,0
0,1,1,0,0.2678499562741845,1,1,0,0,0,1,1,1,1,1.209686399027717,0.729019446079818,1.2040405844522597,1,0,0,0,0,1,0,0,1,0,0,0
1,0,1,0,1.613876060463074,1,1,0,1,1,0,1,1,0,0.5741522532703586,1.5355292694934435,0.5106111029643667,0,0,0,1,0,0,0,0,0,0,1,0
0,1,1,1,-1.2005421573864221,1,0,1,0,0,1,1,0,1,0.7787875933964188,-0.8862415434711394,0.872277083696582,1,0,0,0,0,0,1,0,0,0,0,1
0,0,1,0,1.287566701871828,1,0,0,1,1,1,0,1,1,0.11330681249866113,0.9178415835779322,0.11559562458158616,0,0,0,1,0,0,1,0,0,0,1,0
0,0,1,0,-1.2413308272103278,1,0,0,0,0,0,0,0,0,-1.4988203792261565,-0.9836960040558171,-1.2902617701661494,0,1,0,0,0,0,0,0,0,0,0,0
1,0,0,0,-0.30319142126049586,1,1,0,0,0,0,1,1,1,0.9917414432837014,0.03154435399001904,0.9794594691891806,1,0,0,0,0,0,0,0,1,0,0,1
0,1,1,0,-0.8742327987951762,1,1,0,0,1,1,1,1,1,1.3028537083534029,-0.5083335810956514,1.263658201239973,1,0,0,0,0,0,0,0,0,0,0,1
0,0,1,0,0.18627261662637304,1,1,0,0,1,0,0,0,1,0.46767532832671727,0.24141753393235457,0.39162332000900124,1,0,0,0,1,0,0,0,1,0,0,1
1,0,0,0,1.2059893622240165,1,1,1,1,1,0,0,0,0,0.8586452871041499,1.4485783561826047,0.8342970106359101,1,0,0,0,0,0,0,0,0,0,1,0
1,0,0,0,-1.2821194970342338,0,0,0,1,0,1,0,1,1,-0.6736242109129372,-0.9869261744517467,-0.6721567950774147,0,0,0,0,0,0,1,0,0,0,0,1
0,0,1,1,0.349427295921996,1,0,0,0,0,0,0,0,0,-1.5038114850828896,-0.653097952309148,-1.5018474331877623,0,1,0,1,0,0,0,0,1,0,0,0
1,0,1,1,1.124412022576205,1,0,1,1,1,0,0,0,0,-0.14623069205146424,0.617084153584136,-0.11125000602124348,0,0,0,1,0,0,0,0,0,1,0,0
1,0,0,0,-1.2413308272103278,0,0,0,0,0,0,0,0,0,-1.3507509054764055,-0.9896509440374288,-1.5148012450308237,0,0,0,0,0,0,1,0,0,0,0,0
1,0,0,0,-1.2005421573864221,1,0,1,0,0,0,0,1,1,0.703921005545421,-0.8989424855721414,0.5530057024621862,1,0,0,0,0,0,1,0,0,0,0,0
0,0,0,0,-1.2005421573864221,1,0,0,0,0,0,1,0,1,0.4826486458969169,-0.8990303813652278,0.5507962119346126,1,0,0,0,0,1,0,0,0,0,0,1
1,0,0,0,0.1454839468024673,1,0,0,0,0,0,0,0,1,-1.4821833597037126,-0.7007374721620413,-1.51134891608149,0,1,1,0,1,0,0,0,1,0,0,0
0,0,0,0,-0.18082541178877864,0,0,0,0,1,0,0,0,1,-1.1694073926817665,-0.6590528922907597,-1.2160465615524694,0,0,0,0,0,0,1,0,1,0,0,0
1,0,1,1,1.2467780320479223,1,1,1,1,1,1,1,1,1,0.8153890363457957,1.4535005205954497,0.792788031621253,0,0,0,1,1,0,0,0,0,0,1,0
0,0,0,0,-0.9558101384429878,1,0,0,0,0,0,0,0,0,-1.5254396104620669,-0.9372650513578635,-1.571419439799899,0,1,0,0,0,0,1,0,0,0,0,0
1,0,0,0,-0.2216140816126844,1,1,0,0,1,0,0,0,1,0.5458693200822036,-0.007701117623111511,0.6378869635631421,1,0,0,0,0,1,0,0,1,0,0,0
1,0,1,0,1.613876060463074,1,1,1,1,1,1,0,1,0,0.4876397517536498,1.5472194099739502,0.5228553629713374,0,0,0,1,1,0,0,0,0,0,1,0
0,0,0,0,-0.6702894496756475,1,0,0,0,0,0,0,0,0,-1.4905018694649346,-0.8665309118714876,-1.4920158739652203,0,1,1,0,0,0,0,1,0,0,0,0
0,0,0,0,-1.2821194970342338,1,0,0,0,0,0,1,0,1,0.49096715565813887,-0.9715444106616059,0.48782573189876327,1,0,0,0,0,1,0,0,0,0,0,1
0,1,1,1,0.9612573432805821,1,0,1,0,0,1,1,1,1,0.25638518039167896,0.7884370022063046,0.265268880230706,0,0,0,1,1,0,0,0,0,1,0,0
1,0,0,1,0.6349479846893362,1,1,1,1,1,0,0,0,1,-0.01646193977640131,0.3274235674675132,-0.05615774064777365,0,0,1,0,0,0,0,0,1,0,0,0
1,0,1,0,-1.1189648177386107,1,1,1,0,0,0,0,1,1,0.8070705265845737,-0.8249342277932924,0.5872528056395785,1,0,0,0,0,1,0,0,0,0,0,0
1,1,1,0,1.5730873906391682,1,0,0,1,1,1,0,1,1,1.0183606745196117,1.9411024327429127,0.9788927815482352,1,0,0,1,1,0,0,0,0,0,1,0
0,0,1,1,1.1652006924001108,1,1,1,1,1,1,0,1,1,0.4826486458969169,1.1119814165577808,0.4671253411363312,0,0,1,0,0,1,0,0,0,0,1,0
0,1,0,0,-0.5071347703800245,1,1,1,0,0,0,0,0,1,0.4743301361356949,-0.33814535173187926,0.36834753162021683,1,0,0,0,0,1,0,1,0,0,0,1
1,1,1,0,1.4099327113435454,1,1,1,1,0,0,0,0,0,0.6307181196466676,1.4496111317513714,0.6126042361331945,1,0,0,0,0,0,0,0,0,0,1,0
1,1,1,0,-0.1400367419648729,1,1,0,0,0,0,0,1,1,0.6456914372168673,0.0296326204903873,0.5425677644526141,1,0,0,0,0,1,0,0,1,0,0,0
0,0,0,0,-0.7518667893234591,1,0,0,1,0,1,0,0,1,0.5042767712760937,-0.5177164570076374,0.48119726031604215,1,0,0,0,1,0,0,1,0,0,0,0
1,0,0,0,-1.1597534875625164,1,0,0,0,0,0,0,0,1,-1.4871744655604457,-0.9820699318837166,-1.6904557419729307,0,1,0,0,0,1,0,0,0,0,0,0
0,0,0,0,-0.915021468619082,1,1,0,0,0,1,1,1,1,1.1181827916542753,-0.541470295089269,1.3553269502873762,1,0,0,0,0,1,0,0,0,0,0,1
0,0,0,0,-1.2821194970342338,1,0,0,0,0,1,0,0,1,-0.4689888707868768,-0.9842233788143362,-0.4683312939087435,0,0,0,0,0,1,0,0,0,0,0,1
1,0,1,0,1.5730873906391682,1,1,0,1,0,1,1,1,1,1.306181112257892,2.2303455138423756,1.2861131035318862,1,0,0,1,1,0,0,0,0,0,1,0
0,0,0,0,-1.1189648177386107,1,1,0,1,0,0,1,0,1,0.8619726910086385,-0.8063662415037653,0.867305730009541,1,0,0,0,0,1,0,0,0,0,0,1
0,0,1,1,-1.2821194970342338,1,0,0,0,0,0,0,0,1,-1.5137936967963561,-0.9980230183289197,-1.5090013323959428,0,1,0,0,0,0,1,0,0,0,0,0
1,0,0,0,-1.2821194970342338,1,0,0,0,0,0,1,0,1,0.4876397517536498,-0.9715883585581491,0.48451149610740246,1,0,0,0,0,1,0,0,0,0,0,1
0,0,0,1,-1.1189648177386107,1,0,0,0,0,1,0,0,1,-0.4623340629778991,-0.880506342972244,-0.2509174259954941,0,0,0,0,0,0,1,0,0,0,0,0
0,0,1,0,1.287566701871828,1,1,0,0,0,0,0,0,0,-1.3091583566702958,-0.2528644584896843,-1.2638773461708654,0,1,0,1,0,0,1,0,0,0,1,0
1,0,0,0,0.0639066071546558,0,0,0,0,0,0,0,0,1,-1.3257953761927397,-0.6318051964339388,-1.3207722349513211,0,0,0,0,0,0,0,0,1,0,0,0
0,0,1,0,0.5941593148654305,1,1,0,0,1,0,1,1,1,1.184730869744051,1.062122527929453,1.1672793269552353,1,0,0,0,0,1,0,0,1,0,0,0
0,0,0,0,-1.2413308272103278,1,0,0,0,0,0,0,0,0,-1.4838470616559571,-0.9884423768824893,-1.4692305028996167,0,1,0,0,0,0,1,0,0,0,0,0
1,0,1,1,-1.2821194970342338,1,0,0,0,0,0,0,0,1,0.16820897692272632,-0.9758073566263021,0.16634486013679392,1,0,0,0,1,0,0,0,0,0,0,0
0,0,0,0,-1.1189648177386107,1,0,0,1,0,0,1,0,1,0.6789654762617551,-0.8217699792421778,0.6349778010351698,1,0,0,0,0,0,1,0,0,0,0,0
1,0,0,1,-1.2821194970342338,1,0,0,1,0,0,0,0,1,0.3478887877651206,-0.9734341702129661,0.3453135928702611,1,0,0,0,0,1,0,0,0,0,0,1
0,0,0,1,0.6349479846893362,1,0,0,0,0,0,0,0,0,-1.4954929753216677,-0.5948889633376009,-1.5052037705516756,0,1,1,0,0,0,1,0,1,0,0,0
1,1,0,0,-1.2413308272103278,1,0,0,1,1,1,0,1,1,1.0050510589016561,-0.9273328267390869,0.8349919310437762,1,0,0,0,1,0,0,0,0,0,0,1
0,0,1,1,-0.8334441289712705,0,0,1,0,0,1,0,0,0,-1.0562756599291478,-0.8110906403821657,-0.9236244357468931,0,0,1,0,1,0,0,0,0,0,0,0
1,0,0,0,-0.1400367419648729,0,0,0,1,0,1,0,0,0,-1.0180105150275267,-0.5649824197399128,-1.003694658206271,0,0,0,0,0,1,0,0,1,0,0,0
0,0,0,0,-0.9965988082668935,1,1,1,0,0,1,1,1,1,1.2795618810219813,-0.6341783828472749,1.3582269066048163,1,0,0,0,0,0,0,0,0,0,0,1
1,0,1,0,1.613876060463074,1,1,1,1,1,1,1,1,0,1.6938236671308355,2.655255751570879,1.6834132781057372,1,0,0,1,1,0,0,0,0,0,1,0
1,0,0,0,1.002046013104488,1,0,1,0,1,0,1,1,1,0.3146147487202327,0.8908356011520994,0.35833795808543245,0,0,0,1,0,0,0,0,0,1,0,0
1,0,0,0,0.18627261662637304,1,1,0,1,0,1,1,1,1,1.3178270259236025,0.6538026211460294,1.2321403888801183,1,0,1,0,1,0,0,0,1,0,0,0
1,0,1,0,-1.1597534875625164,1,1,0,0,1,0,1,0,0,0.023466907077463767,-0.8966352210036203,-0.07973714737172391,0,0,0,0,0,1,0,0,0,0,0,0
1,0,0,0,-1.0373874780907992,1,1,0,0,0,0,0,0,0,0.2896592194365668,-0.778019848233363,0.3100406548050675,1,0,0,0,0,1,0,0,0,0,0,1
1,0,1,0,-0.4255574307322131,1,0,0,0,0,0,0,0,1,-1.4788559557992238,-0.7993126041085722,-1.4415867634580415,0,1,0,0,0,0,0,1,0,0,0,0
0,0,1,0,1.613876060463074,1,1,1,1,0,0,0,0,1,0.6373729274556452,1.6532876582811071,0.6339513085609009,1,0,0,1,0,0,0,0,0,0,1,0
1,0,1,1,0.18627261662637304,1,0,0,0,0,0,0,0,0,-1.500484081178401,-0.708999676712174,-1.545502713071062,0,1,1,0,1,0,0,0,1,0,0,0
0,0,1,1,-1.2413308272103278,0,0,0,0,0,0,0,0,1,-1.3474235015719167,-0.9904859540717507,-1.5462864850487485,0,0,0,0,0,0,1,0,0,0,0,1
0,0,1,0,1.1652006924001108,1,1,0,0,1,1,1,1,1,1.379383998156645,1.960527403015034,1.516162466703359,1,0,0,0,0,1,0,0,0,0,1,0
0,0,1,0,1.0836233527522994,1,1,1,1,1,1,0,1,1,1.4010121235358222,1.6972575287726384,1.30399842563728,1,0,1,0,1,0,0,0,0,1,0,0
0,0,0,0,-1.2005421573864221,1,0,0,0,0,0,0,0,1,-1.5071388889873785,-0.9802900420737145,-1.4918777808072468,0,1,0,0,0,0,1,0,0,0,0,1
1,1,0,0,-1.2821194970342338,1,0,0,0,0,0,0,0,1,0.16155416911374865,-0.9758952524193886,0.15971638855407283,1,0,0,0,0,1,0,0,0,0,0,1
0,1,0,0,-1.2005421573864221,1,1,0,0,0,0,0,0,1,0.3379065760516543,-0.8939324253662098,0.6789466625338859,1,0,0,0,1,0,0,0,0,0,0,1
0,0,0,0,-1.2821194970342338,1,0,0,0,1,0,1,0,1,0.687283986022977,-0.9689514847655535,0.683365643589033,1,0,0,0,1,0,0,0,0,0,0,1
1,0,1,0,1.5322987208152625,1,1,1,0,1,1,0,1,1,0.32958806629043236,1.329633374188273,0.36486758403928815,0,0,0,1,1,0,0,0,0,0,1,0
1,0,1,0,-0.4255574307322131,1,0,1,0,0,0,1,0,1,-0.17118622133513015,-0.402550994116026,-0.08154491234882964,0,0,1,0,0,0,0,1,0,0,0,0
1,0,0,0,0.8388913338088649,0,0,0,0,1,1,1,1,0,-0.3325653107028364,0.3319941487080122,-0.24737181902624605,0,0,1,0,1,0,0,0,0,1,0,0
0,0,0,0,0.349427295921996,1,1,0,0,0,0,0,0,1,-1.332450184001717,-0.5836602757707982,-1.3741281026914305,0,1,1,0,0,0,1,0,1,0,0,0
0,0,0,0,-1.1597534875625164,1,0,0,0,0,0,0,0,1,0.17153638082721492,-0.8892519743843526,0.05946075586541727,1,0,0,0,1,0,0,0,0,0,0,1
1,1,0,0,0.349427295921996,1,1,0,0,1,0,1,1,1,1.1148553877497867,0.833879127232035,1.2332054448776715,1,0,0,0,0,1,0,0,1,0,0,1
1,0,1,0,1.613876060463074,1,0,0,0,0,0,0,0,0,-1.5038114850828896,-0.38165376930970607,-1.4974475381788386,0,1,0,1,1,0,0,0,0,0,1,0
0,0,1,1,-1.2821194970342338,1,0,0,0,0,0,0,0,0,-1.4821833597037126,-0.9976055133117588,-1.477516092378018,0,1,0,1,0,0,1,0,0,0,0,0
1,0,1,0,-0.6295007798517418,1,0,1,1,0,0,0,1,0,-0.0031523241584464423,-0.4898974384957542,0.13992845132918472,0,0,1,0,0,0,1,1,0,0,0,0
0,0,0,0,-1.2413308272103278,1,1,0,0,0,0,0,1,1,0.6922750918797105,-0.9319253819278575,0.66182311094519,1,0,0,0,0,1,0,0,0,0,0,1
0,0,0,0,-0.9965988082668935,1,0,0,0,0,0,0,0,1,-1.4871744655604457,-0.944604350080588,-1.5680361574295518,0,1,1,0,0,0,0,0,0,0,0,0
0,0,0,0,-0.7110781194995532,1,0,1,0,1,1,0,0,0,-0.19780545257104035,-0.5867805764253695,-0.04156819850788883,0,0,0,0,0,1,0,1,0,0,0,0
1,0,0,0,-0.8742327987951762,1,0,0,0,0,0,0,0,0,-1.508802590939623,-0.9084791791220286,-1.4796251515179748,0,1,0,1,1,0,0,0,0,0,0,0
1,0,0,0,0.18627261662637304,1,0,0,1,0,0,1,1,1,1.0383250979465442,0.5961429808812732,1.114619379197281,1,0,0,0,1,0,0,0,1,0,0,0
1,0,0,0,-0.09924807214096716,1,1,1,1,1,0,0,0,0,0.8486630753906835,0.23306743358913526,0.9641366523804576,1,0,1,0,0,0,0,0,1,0,0,0
1,1,1,0,-1.2821194970342338,1,0,0,0,0,0,0,0,1,0.1798548905884369,-0.9756535389884006,0.17794468540655553,1,0,0,0,0,1,0,0,0,0,0,1
0,0,0,0,-1.2005421573864221,0,0,0,0,0,0,1,0,1,-1.0013734955050828,-0.956470282147268,-0.8931058478347818,0,0,0,0,1,0,0,0,0,0,0,0
1,0,1,1,0.7573139941610534,1,1,0,0,0,0,0,0,1,-1.362396819142116,-0.47198867065437594,-1.3615178396804004,0,1,1,0,0,0,1,0,0,1,0,0
1,0,1,1,-0.38476876090830736,1,0,0,0,0,0,0,0,1,-1.4938292733694234,-0.8108489269511778,-1.510298207270823,0,1,1,0,1,0,0,1,0,0,0,0
0,1,0,0,0.9612573432805821,1,1,1,0,1,1,0,1,0,0.27801330577085626,0.7751867113985119,0.24742527146114915,0,0,0,1,0,0,0,0,0,1,0,0
1,0,1,1,-0.05845940231706142,1,1,1,1,0,1,0,1,1,0.344561383860632,0.023809524198405426,0.35456137983647673,0,0,1,0,0,0,0,0,1,0,0,0
0,0,1,1,0.1454839468024673,1,0,1,0,0,0,0,0,0,-0.4606703610256548,-0.20889458799815327,-0.48103586444229207,0,0,0,0,1,0,0,0,1,0,0,0
1,0,0,0,-0.8742327987951762,1,0,0,0,1,0,1,1,1,0.14824455349579332,-0.6935300171289467,-0.005995401013952567,0,0,0,0,0,1,0,0,0,0,0,0
1,0,1,0,-0.18082541178877864,1,0,1,1,0,1,0,0,0,-0.13292107643350912,-0.2217932956335999,-0.03836838276170599,0,0,0,0,0,0,1,0,1,0,0,0
1,0,0,0,0.8796800036327707,0,0,1,1,0,0,0,1,0,-0.6220494503933608,0.06224195972548572,-0.6593601624385507,0,0,0,1,0,0,0,0,0,1,0,0
1,0,1,1,-0.26240275143659014,1,0,0,0,0,0,0,0,1,-1.492165571417179,-0.7842165016459625,-1.5070892732855425,0,1,1,0,0,0,0,0,1,0,0,0
0,0,0,0,-0.8742327987951762,1,0,0,0,0,0,0,0,0,-1.492165571417179,-0.9020847601749844,-1.4357868508231606,0,1,1,0,1,0,0,0,0,0,0,0
0,0,1,1,0.349427295921996,1,0,1,0,0,1,1,1,1,0.32626066238594376,0.3943562139028974,0.42477441684361206,0,0,1,0,1,0,0,0,1,0,0,0
1,1,1,0,0.8796800036327707,1,1,0,1,1,1,1,1,1,1.5158075582406856,1.6644943718996383,1.5782399946248087,1,0,0,1,0,1,0,0,0,1,0,0
1,0,1,0,-1.2413308272103278,1,0,0,1,0,1,0,1,1,-0.02311674758537898,-0.9434177568739198,0.22848678122480345,0,0,0,0,0,0,1,0,0,0,0,0
1,1,0,0,-1.2821194970342338,1,0,0,0,0,0,0,0,0,-0.6536597874860044,-0.9866624870724872,-0.6522713803292516,0,0,0,0,0,0,0,0,0,0,0,0
1,0,0,0,1.5730873906391682,1,1,0,0,0,0,0,0,0,-1.3091583566702958,-0.17237388597070474,-1.2659418145703913,0,1,0,1,0,0,0,0,0,0,1,0
0,0,0,0,0.6349479846893362,1,0,1,0,1,1,0,0,1,-0.15122179790819737,0.2663579652206543,-0.15209796214976157,0,0,1,0,1,0,0,0,1,0,0,1
1,0,0,0,-0.5887121100278361,1,1,1,0,0,0,0,0,0,-0.2876453579922377,-0.5803202356335104,-0.3662344191137765,0,0,0,0,0,0,1,1,0,0,0,0
1,0,1,0,0.023117937330750068,1,0,0,0,0,0,1,1,0,0.8769460085788381,0.29608871723216934,0.8248734687413652,1,0,0,0,0,1,0,0,1,0,0,0
0,0,0,0,1.450721381167451,0,0,1,1,1,1,1,1,0,-0.018125641728646082,0.9885098012194935,0.06058174738308372,0,0,0,1,1,0,0,0,0,0,1,0
1,0,1,0,0.5533706450415247,1,0,0,0,0,0,0,0,0,-1.5071388889873785,-0.6324644148820877,-1.5386853573098673,0,1,0,0,0,1,0,0,1,0,0,0
0,0,0,0,-0.8334441289712705,0,0,1,0,0,1,0,0,1,-1.0413023423589483,-0.8151777947606889,-0.9493097631299371,0,0,1,0,0,0,1,0,0,0,0,0
0,0,1,0,-0.5887121100278361,1,0,0,0,0,0,0,0,0,-1.4905018694649346,-0.8437219535655358,-1.4697828755315103,0,1,0,1,0,0,1,1,0,0,0,0
0,0,1,1,1.0428346829283937,0,0,0,0,1,1,1,1,1,-0.3126008872759036,0.38523702537017107,-0.34233319184064126,0,0,0,1,1,0,0,0,0,1,0,0
1,0,0,0,-0.9558101384429878,1,0,0,0,1,0,1,1,1,0.970113317904524,-0.6498458079649468,0.8369252352554034,1,0,0,0,0,1,0,0,0,0,0,0
1,0,1,0,-1.2821194970342338,1,0,0,0,0,0,0,0,1,0.14158974568681612,-0.9761589397986481,0.13983097380590997,1,0,0,0,0,1,0,0,0,0,0,1
1,0,0,0,-1.2821194970342338,1,0,0,0,0,0,1,1,1,0.8536541812474164,-0.9667540899383905,0.8490774331570583,1,0,0,0,0,1,0,0,0,0,0,1
1,0,1,0,-1.2821194970342338,1,0,0,0,1,0,0,0,0,0.37617172095327556,-0.9730606130923485,0.3734845970968257,1,0,0,0,0,1,0,0,0,0,0,1
0,0,0,0,-1.2821194970342338,1,0,0,0,0,0,0,0,1,-1.4971566772739122,-0.9978032788462033,-1.4924301534391404,0,1,0,0,0,0,1,0,0,0,0,1
0,0,0,0,-1.2821194970342338,1,0,0,0,0,0,0,0,0,0.19482820815863655,-0.975455773453956,0.1928587464676779,1,0,0,0,0,0,1,0,0,0,0,1
0,1,1,0,-1.2005421573864221,1,0,0,0,0,0,1,0,1,0.5159226849418048,-0.9080836480531392,0.32321868759452466,1,0,0,0,0,1,0,0,0,0,0,1
1,0,0,0,1.613876060463074,1,1,1,1,1,1,1,1,0,1.6139659734231049,2.5814013114299317,1.60605809411433,1,0,0,1,0,0,0,0,0,0,1,0
1,0,1,0,0.7573139941610534,1,0,1,1,1,1,1,1,1,0.6107536962197351,0.7906783449300109,0.5055666411348694,0,0,0,1,1,0,0,0,0,1,0,0
0,0,1,1,1.4099327113435454,1,1,1,0,0,1,0,1,1,0.9800955296179903,1.7803849750842133,0.984911634396998,1,0,1,0,1,0,0,0,0,0,1,1
1,1,0,1,-0.8742327987951762,1,0,0,1,0,1,0,0,1,-0.34421122436854723,-0.7423121822919647,-0.340431921778513,0,0,0,0,0,1,0,0,0,0,0,0
1,0,1,1,1.613876060463074,1,1,1,1,1,1,1,1,1,1.6355940988022817,2.6363801300055494,1.6636429409892193,1,0,0,1,1,0,0,0,0,0,1,0
1,0,1,0,0.7573139941610534,1,1,0,0,0,1,1,1,1,0.3428976819083877,0.7079684036355967,0.3832648419321151,0,0,0,1,0,0,0,0,0,1,0,0
1,1,0,0,-0.5479234402039304,1,1,0,0,1,0,0,0,1,0.49762196346711607,-0.3597457428828913,0.4152614114142385,1,0,0,0,0,1,0,1,0,0,0,1
0,0,1,1,-0.6295007798517418,1,1,0,0,1,1,0,0,1,-0.09798333543637672,-0.5359987819696332,-0.06457939250241325,0,0,1,0,0,0,1,1,0,0,0,0
0,0,0,0,-1.2821194970342338,1,0,0,0,0,0,1,1,0,0.8553178831996607,-0.966732115990119,0.8507345510527385,1,0,0,0,0,1,0,0,0,0,0,1
1,0,0,0,-1.1597534875625164,1,0,0,1,0,1,1,0,1,-0.038090065155578626,-0.9071387682774593,-0.2777627359055143,0,0,0,0,0,0,0,0,0,0,0,0
1,0,1,1,0.9612573432805821,1,1,0,0,0,0,0,0,0,-1.3557420113331387,-0.3902895309804566,-1.3220725154850115,0,1,0,1,0,0,0,0,0,1,0,0
0,0,0,0,-1.1597534875625164,1,0,0,0,0,0,0,0,0,-0.6403501718680493,-0.9225864539124148,-0.5690012060713188,0,0,0,0,0,0,1,0,0,0,0,1
1,0,0,0,-1.2413308272103278,1,0,0,0,0,1,1,1,0,0.1798548905884369,-0.9483618952350366,0.04206101796077489,0,0,0,0,0,1,0,0,0,0,0,0
1,0,0,0,0.0639066071546558,1,0,0,1,0,0,0,0,1,-0.5022629098317647,-0.2444044884051069,-0.4615078672794717,0,0,0,0,0,1,0,0,1,0,0,0
0,0,1,1,1.1652006924001108,1,1,0,1,0,0,1,1,1,1.1398109170334525,1.6347416459398518,1.1134013204516302,1,0,0,0,0,1,0,0,0,0,1,1
1,0,0,0,-0.6295007798517418,1,1,0,0,1,1,0,0,0,0.7272128328768426,-0.38677369925699584,0.5973904680602103,1,0,1,0,0,1,0,1,0,0,0,0
1,1,0,0,-0.05845940231706142,1,1,0,1,0,0,1,0,1,0.8586452871041499,0.24383466824223382,0.8898104601411989,1,0,0,0,0,1,0,0,1,0,0,0
1,0,1,0,-0.5887121100278361,1,0,0,0,1,1,0,0,0,0.44271979904305137,-0.3610641797791891,0.5523612677249776,1,0,0,0,0,1,0,1,0,0,0,0
0,0,0,0,0.5533706450415247,1,0,0,0,0,0,0,0,0,-0.6636419991994706,-0.0533629821315581,-0.589300900293402,0,0,0,0,0,0,0,0,1,0,0,0
0,0,1,1,1.3283553716957337,1,1,0,1,1,0,1,1,1,1.3511010649684905,2.0634973246158905,1.4098971172982002,1,0,0,0,0,1,0,0,0,0,1,1
1,0,1,1,-1.1189648177386107,1,1,0,0,0,1,0,0,1,-0.305946079466926,-0.892548066625097,-0.4325375473620501,0,0,0,0,0,0,1,0,0,0,0,0
0,0,0,0,-0.26240275143659014,1,1,0,0,1,0,0,0,1,0.5259048966552711,-0.04277153906463262,0.6434673434853467,1,0,0,0,0,1,0,0,1,0,0,0
1,0,1,0,-0.9558101384429878,1,0,0,1,1,1,1,0,1,0.9967325491404343,-0.6151489436440436,1.1276573638419725,1,0,0,0,0,0,1,0,0,0,0,1
0,1,0,0,-1.2821194970342338,1,0,0,0,0,0,0,0,1,0.18983710230190318,-0.9755216952987709,0.18788739278063696,1,0,0,0,0,0,1,0,0,0,0,0
0,0,0,0,-0.30319142126049586,1,1,0,1,0,0,1,1,1,1.1764123599828291,0.04281698945336513,1.0134635284085398,1,0,0,0,0,1,0,0,1,0,0,1
1,0,1,0,1.5322987208152625,1,1,0,1,1,0,1,0,1,1.0017236549971675,1.895286750596565,0.9742608536193035,1,0,1,0,0,0,0,0,0,0,1,0
0,0,1,0,0.18627261662637304,1,0,0,0,0,0,0,0,1,-1.4988203792261565,-0.6912227525604255,-1.509270054216864,0,1,1,0,0,0,0,0,1,0,0,0
0,0,0,0,-1.2821194970342338,1,0,0,0,1,0,0,0,1,0.3229332584814547,-0.9737637794370405,0.32045682443505724,1,0,0,0,0,0,1,0,0,0,0,1
1,0,1,1,1.613876060463074,1,1,1,1,1,1,1,1,0,0.8303623539159949,1.8777075919792612,0.8690088789578793,0,0,0,1,1,0,0,0,0,0,1,0
0,0,0,0,-0.5479234402039304,0,0,0,0,0,0,1,1,1,-0.6669694031039595,-0.6138524806960174,-0.5933128699355752,0,0,1,0,1,0,0,1,0,0,0,1
1,0,1,1,1.3283553716957337,1,1,1,1,1,0,0,1,0,0.25139407453494605,1.0387202730201675,0.22095326832982637,0,0,1,0,1,0,0,0,0,0,1,1
0,0,1,0,-0.915021468619082,1,1,1,0,0,0,0,0,1,0.44105609709080706,-0.6702815798575624,0.38392443983961116,1,0,0,0,1,0,0,0,0,0,0,0
1,0,1,0,1.4915100509913568,1,1,1,1,1,1,1,1,1,1.5856830402349498,2.4242436333912356,1.59768644658096,1,0,0,1,0,0,0,0,0,0,1,0
1,0,0,0,0.3086386260980903,1,0,0,1,0,1,0,1,1,0.8220438441547729,0.526419643015392,0.7381748179886575,1,0,1,0,1,0,0,0,1,0,0,0
0,0,0,0,-1.1597534875625164,0,0,1,0,0,0,0,0,1,-1.1893718161086992,-0.958184250112455,-1.2401339538218215,0,0,0,0,0,0,1,0,0,0,0,0
1,0,1,1,1.613876060463074,1,1,1,1,1,1,1,0,1,0.530896002512004,1.5105448903086005,0.48444244952841586,0,0,0,1,0,0,0,0,0,0,1,0
1,0,1,1,1.4915100509913568,1,0,0,1,0,1,1,0,1,0.9068926437192374,1.8416703168137885,0.9609689154175552,1,0,0,1,0,0,1,0,0,0,1,0
0,0,1,0,1.5730873906391682,0,0,0,1,1,1,1,1,1,-0.11628405691106519,0.8877592483940712,-0.1399185346113227,0,0,0,1,1,0,0,0,0,0,1,0
1,1,1,1,0.5533706450415247,1,1,1,1,1,0,1,0,1,1.1913856775530287,0.9892129675641854,1.11990813619454,1,0,0,0,0,1,0,0,1,0,0,1
1,0,0,0,1.613876060463074,0,0,1,1,1,1,1,1,1,0.02180320512521947,1.1062242421106137,0.06095676507679518,0,0,0,1,0,0,0,0,0,0,1,0
0,1,1,0,0.4310046355698075,0,0,0,1,1,0,1,1,0,-0.3109371853236593,0.022798722577910376,-0.34670654789090904,0,0,0,0,1,0,0,0,1,0,0,1
1,0,1,0,1.3283553716957337,1,1,0,1,0,0,1,0,1,0.8969104320057706,1.6043297015319162,0.8771719550192069,1,0,0,0,0,0,0,0,0,0,1,1
0,0,1,0,-0.30319142126049586,1,0,1,1,0,1,0,1,1,0.2048104198721028,-0.19891841548283337,0.28426536959340054,0,0,0,0,0,0,1,0,1,0,0,0
0,0,1,0,-0.7926554591473648,0,0,0,0,1,0,1,1,1,-0.5372006508288968,-0.7281829335533068,-0.5371654218831539,0,0,0,0,0,0,0,1,0,0,0,1
1,0,0,0,-1.2821194970342338,1,0,0,0,1,0,0,0,1,-0.47897108250034304,-0.984355222503966,-0.47827400128282493,0,0,0,0,0,1,0,0,0,0,0,1
1,0,0,0,-1.2005421573864221,1,1,0,1,1,0,1,1,1,1.346109959111757,-0.8644873346822259,1.4191259892710657,1,0,0,0,0,0,0,0,0,0,0,1
1,0,0,1,-1.078176147914705,1,0,0,0,0,0,0,0,0,-1.508802590939623,-0.9500319153036805,-1.4416118713049457,0,1,0,0,0,0,1,0,0,0,0,0
0,0,0,0,1.124412022576205,1,1,0,1,1,0,1,1,0,1.32448183373258,1.777022960998654,1.3466546999666493,1,0,0,1,0,1,0,0,0,1,0,0
0,0,0,1,1.4099327113435454,1,1,0,1,0,1,1,1,1,1.3877025079178669,2.1773443506112042,1.4317151386576517,1,0,1,0,0,0,0,0,0,0,1,0
1,0,0,1,-0.05845940231706142,1,1,0,1,0,1,1,1,1,0.4843123478491612,0.13069080859161228,0.6145685232103075,0,0,1,0,0,0,1,0,1,0,0,1
0,0,0,0,-0.8334441289712705,1,0,0,1,0,0,0,1,1,0.6556736489303335,-0.5594449847754622,0.6578184093639625,1,0,0,0,0,1,0,0,0,0,0,0
0,1,0,0,-0.09924807214096716,1,1,0,1,1,0,1,1,1,1.3045174103056472,0.3651088887533582,1.296057366885212,1,0,0,0,0,1,0,0,1,0,0,0
0,0,0,0,-1.1597534875625164,1,0,1,0,0,0,0,0,1,-0.47730738054809874,-0.9029856920541212,-0.19946391533462215,0,0,0,0,0,0,0,0,0,0,0,0
1,1,1,0,1.3691440415196396,1,1,0,1,1,1,1,1,1,1.4126580372015327,2.092634780024072,1.3892225436081083,1,0,1,0,0,0,0,0,0,0,1,0
1,0,0,1,0.7573139941610534,1,0,0,0,0,1,0,0,0,-0.5671472859692959,0.029193141524954707,-0.6204287227259839,0,0,1,0,1,0,0,0,0,1,0,0
1,0,0,0,-0.2216140816126844,1,0,0,0,0,0,0,0,0,-1.4905018694649346,-0.7592980443059345,-1.461374536579355,0,1,1,0,0,0,0,0,1,0,0,0
0,0,0,1,-0.18082541178877864,1,0,0,0,0,0,0,0,0,-1.4855107636082014,-0.7712738461139726,-1.51829302916815,0,1,0,0,0,0,1,0,1,0,0,0
0,0,1,0,-0.38476876090830736,1,0,0,0,0,1,1,0,0,-0.16286771157390817,-0.4145048219757925,-0.21075753403670383,0,0,1,0,0,0,0,1,0,0,0,0
0,1,0,0,-1.2005421573864221,1,0,0,0,0,0,0,0,0,-0.6619782972472263,-0.9506911337518293,-0.7478318456468128,0,0,0,0,0,1,0,0,0,0,0,1
0,0,1,0,1.450721381167451,0,0,1,0,1,0,1,1,1,-0.34920233022528036,0.629916939374768,-0.3371021781993586,0,0,1,0,0,1,0,0,0,0,1,0
1,0,0,0,-0.9558101384429878,1,1,0,0,0,0,0,0,1,0.37783542290551986,-0.7055717407817998,0.3699862370948341,1,0,0,0,0,1,0,0,0,0,0,0
0,0,1,1,0.7981026639849592,1,1,0,1,1,0,1,0,1,1.0250154823285893,1.1803643435790923,1.0196012381529242,1,0,1,0,1,0,0,0,0,1,0,0
0,1,1,0,0.6349479846893362,1,1,1,1,1,1,1,1,0,1.7487258315549006,1.3837332348330251,1.603411308586507,1,0,0,0,0,1,0,0,1,0,0,1
1,0,0,1,1.002046013104488,1,0,0,0,0,0,0,0,1,-1.5071388889873785,-0.4921168072711887,-1.4713527766958387,0,1,0,1,0,0,1,0,0,1,0,0
1,0,1,1,1.4915100509913568,1,0,1,1,0,1,1,1,1,1.379383998156645,2.18483746697183,1.3360299324731864,1,0,0,1,1,0,0,0,0,0,1,0
0,0,1,1,1.4099327113435454,1,1,1,0,1,1,1,1,1,1.459241691864376,2.13845046217042,1.3879375464881878,1,0,0,1,1,0,0,0,0,0,1,1
0,0,0,0,-0.8334441289712705,1,0,0,0,0,0,0,0,0,-1.4905018694649346,-0.908281413587584,-1.5344104734630402,0,1,0,0,0,0,1,0,0,0,0,0
0,1,0,0,0.8796800036327707,1,1,0,1,0,0,0,0,1,0.4859760498014055,0.9140840384234834,0.5302663624492407,1,0,0,0,0,1,0,0,0,1,0,1
1,0,0,0,1.5322987208152625,0,0,0,0,0,1,0,1,1,-0.8266847905194215,0.22388232321159401,-0.8263871249396554,0,0,0,1,0,0,1,0,0,0,1,0
1,0,0,0,-1.2821194970342338,1,0,0,0,0,0,0,0,0,-0.6370227679635605,-0.9864427475897708,-0.6357002013724491,0,0,0,0,0,1,0,0,0,0,0,1
1,0,1,1,-0.26240275143659014,1,0,0,0,0,0,0,1,0,0.46767532832671727,-0.11253882482705697,0.4411077543013159,1,0,1,0,0,0,0,0,1,0,0,0
1,0,0,0,-1.1189648177386107,1,1,0,1,1,0,0,1,0,1.0532984155167437,-0.7867654796454716,1.1629355625988989,1,0,0,0,0,1,0,0,0,0,0,0
0,0,0,0,-0.5887121100278361,1,0,0,0,0,0,0,0,0,-1.5054751870351342,-0.8344049994983648,-1.430748542877709,0,1,0,0,0,0,1,1,0,0,0,0
0,0,0,0,1.0428346829283937,1,0,1,1,1,0,1,1,1,1.382711402061134,1.6944228894455982,1.3598983099995976,1,0,1,0,0,1,0,0,0,1,0,1
0,1,0,0,1.5730873906391682,1,1,1,1,0,1,1,0,1,1.1564479365558964,2.149459410254506,1.2001997095319,1,0,1,0,1,0,0,0,0,0,1,0
0,0,0,0,-0.017670732493155674,1,0,0,0,0,0,0,0,0,-1.5021477831306453,-0.7322481139835583,-1.5055317418018621,0,1,1,0,0,0,0,0,1,0,0,0
